# .PCD v0.7 - Point Cloud Data file format
VERSION 0.7
FIELDS x y z vr vr2ground vr_azimuth rcs snr azimuth_confidence elevation_confidence timestamp motion_state radar_id flag
SIZE 4 4 4 4 4 4 4 4 4 4 8 1 1 1
TYPE F F F F F F F F F F F U U U
COUNT 1 1 1 1 1 1 1 1 1 1 1 1 1 1 
WIDTH 5068
HEIGHT 1
VIEWPOINT 0 0 0 1 0 0 0
POINTS 5068
DATA ascii
21.9958 -1.42901 0.322572 -1.15701 3.4163911157054643 -0.07740029087111773 4.27583 20.8105 0.801958 0.3722 1754483208.548116 1 1 1
21.6515 -1.43358 3.95546 -1.08335 3.488284821536171 -0.07911856751970614 36.2481 41.2417 0.973779 0.271078 1754483208.548116 1 1 1
21.9326 -5.65183 0.541681 -0.180537 4.056785079083838 -0.29858918310193794 14.8427 13.5993 0.642316 0.467832 1754483208.548116 1 1 1
22.1668 -1.47135 1.13933 -1.13407 3.437734230094765 -0.07895433203709348 31.0929 38.1461 0.959 0.248313 1754483208.548116 1 1 1
22.2255 -1.54514 0.883824 -1.08941 3.478566894285594 -0.08263610409417552 18.6806 27.9893 0.930937 0.293119 1754483208.548116 1 1 1
22.4533 -1.31218 0.285674 -1.04994 3.5315294514541486 -0.0693773613655502 11.0247 19.3847 0.85246 0.443159 1754483208.548116 1 1 1
22.245 -5.66967 0.0897988 -0.301313 3.9436596539679623 -0.2947529494060544 13.4422 10.3891 0.899406 0.716617 1754483208.548116 1 1 2
22.2551 -5.71378 0.447293 -0.251104 3.9898666732252837 -0.29676356870435183 21.7102 17.4092 0.735849 0.495627 1754483208.548116 1 1 2
22.6023 -1.45712 0.350955 -1.24938 3.3250315328470523 -0.07641138731693775 18.6826 24.0148 0.728272 0.611564 1754483208.548116 1 1 1
22.595 -1.64509 0.688744 -1.16491 3.3992443435660133 -0.08625521883111095 12.337 18.6233 0.926453 0.536442 1754483208.548116 1 1 1
22.9875 -5.20236 0.444308 -0.277783 4.030372342603735 -0.2617732078603695 14.7717 10.8447 0.89739 0.471118 1754483208.548116 1 1 2
23.0469 -2.67471 0.321029 -1.35257 3.152396575996928 -0.136473751931669 8.5883 15.7747 0.609373 0.662135 1754483208.548116 1 1 1
23.4312 -5.32142 0.233728 -0.411756 3.8963832408785293 -0.2617819345066295 9.76696 12.8584 0.861257 0.685312 1754483208.548116 1 1 1
23.4941 -5.2093 0.315753 -0.367811 3.951411176288302 -0.25573262331921714 9.87153 11.7208 0.914876 0.45202 1754483208.548116 1 1 1
20.3807 -11.4525 -4.65141 -3.5227 -0.06465290283508685 -0.598040558854361 44.0139 18.9084 0.871689 0.377919 1754483208.548116 2 1 1
21.6351 -11.3381 0.0812328 -3.5197 0.054687223692138076 -0.560482818680695 15.6431 10.8124 0.763143 0.559956 1754483208.548116 2 1 1
21.9431 -11.5022 0.17523 -3.62585 -0.04801568748422369 -0.5593448640083947 29.8353 21.4396 0.832065 0.599969 1754483208.548116 2 1 1
22.1165 -11.5121 0.176682 -3.62782 -0.03841492064707275 -0.5555138663002672 25.4834 16.6154 0.839011 0.602621 1754483208.548116 2 1 1
25.5815 0.309183 0.565692 -0.828531 3.8192728393948503 0.014045519702131849 7.7304 16.5184 0.752419 0.553057 1754483208.548116 1 1 1
22.1891 -11.5617 0.185477 -3.71907 -0.13019091859791976 -0.5556883992254666 18.7245 11.7031 0.800896 0.614498 1754483208.548116 2 1 1
22.2654 -11.5611 0.198729 -3.68168 -0.08721515911257827 -0.5538331142305966 27.1812 19.42 0.883325 0.631353 1754483208.548116 2 1 1
23.5319 -10.9017 0.259378 -3.7404 0.011058966764293743 -0.499864043100428 23.6553 16.6213 0.940077 0.752659 1754483208.548116 2 1 1
23.5553 -10.8605 0.250156 -3.6838 0.0735048098233766 -0.49778011997354676 16.7238 11.1946 0.929587 0.754494 1754483208.548116 2 1 1
20.9997 -14.353 0.554384 -2.95013 0.20665387756645082 -0.6888936730669258 16.6122 10.5155 0.460133 0.376031 1754483208.548116 2 1 1
21.123 -14.2549 0.934728 -2.89334 0.28697933269477804 -0.682078162337888 18.2966 13.517 0.460995 0.426897 1754483208.548116 2 1 1
22.6901 -11.7689 0.0484537 -3.74718 -0.14647149418958882 -0.5517544270914714 13.2932 12.8908 0.664689 0.687363 1754483208.548116 2 1 1
23.702 -10.9852 0.281992 -3.79622 -0.04375129032067182 -0.4995045052745171 27.5431 28.0893 0.950635 0.78449 1754483208.548116 2 1 2
23.8652 -11.0433 0.268966 -3.80098 -0.045206066152741364 -0.49832640802942096 32.3289 32.8458 0.967818 0.778103 1754483208.548116 2 1 1
23.9148 -11.0324 0.265913 -3.77558 -0.015778310474548363 -0.49688825672577763 26.5344 26.8075 0.969539 0.763791 1754483208.548116 2 1 2
24.1862 -11.1132 0.0724705 -3.7741 -0.007341458176886473 -0.49439767188318173 7.33305 8.28126 0.887793 0.712465 1754483208.548116 2 1 1
21.1465 -14.9052 0.151557 -3.17309 -0.06668120782997944 -0.7033415086149348 10.4565 9.4895 0.880389 0.716758 1754483208.548116 2 1 2
21.2839 -14.9899 0.150088 -3.14352 -0.03344415343428375 -0.7022960563929903 23.7365 23.5033 0.941668 0.695379 1754483208.548116 2 1 1
21.3864 -14.917 0.297518 -3.10558 0.02283486582343386 -0.6970530873199994 27.8571 28.0217 0.906584 0.738855 1754483208.548116 2 1 1
21.4303 -14.6157 0.613628 -3.01903 0.14837962354262535 -0.6858218935834158 25.3865 25.3494 0.643409 0.658956 1754483208.548116 2 1 2
21.4587 -14.402 0.663635 -2.93202 0.2628704574113936 -0.6778370122555418 17.5298 17.4856 0.494591 0.496366 1754483208.548116 2 1 2
14.7571 -20.2474 -0.819062 -1.65901 0.0003118551384477808 -1.0660209271793566 25.7759 10.6184 0.757133 0.516007 1754483208.548116 2 1 1
24.0406 -11.1424 0.266339 -3.87423 -0.11884263054638033 -0.4984642890403285 23.5733 25.955 0.961763 0.787697 1754483208.548116 2 1 1
24.0808 -11.1385 0.293046 -3.85003 -0.0919284048185709 -0.4974956313054717 29.4564 30.6998 0.971466 0.781132 1754483208.548116 2 1 1
24.1279 -11.1418 0.268745 -3.81109 -0.050648691729975326 -0.49665961859376634 24.4866 24.347 0.975154 0.75478 1754483208.548116 2 1 1
25.2677 -10.6154 0.0956247 -3.88678 -0.013115104516419951 -0.45500210000716573 19.0129 18.6439 0.883117 0.77579 1754483208.548116 2 1 1
25.3304 -10.6476 0.112146 -3.82543 0.04808755272376963 -0.45505795054322956 21.875 21.9805 0.964019 0.778313 1754483208.548116 2 1 1
25.3408 -10.6153 0.10309 -3.78492 0.0922453290145886 -0.45367390444639805 14.3884 17.0358 0.960987 0.772377 1754483208.548116 2 1 1
21.521 -15.1902 0.137477 -3.21326 -0.10314743885903788 -0.7022855844174783 25.1954 23.7443 0.932573 0.677574 1754483208.548116 2 1 2
21.5417 -15.1481 0.19604 -3.17711 -0.06021722320189937 -0.7003500142770166 28.9569 27.8423 0.950104 0.7302 1754483208.548116 2 1 1
21.5888 -14.9857 0.486828 -3.1146 0.02529687731186403 -0.6937579056922341 22.9562 21.3984 0.828473 0.812635 1754483208.548116 2 1 1
23.4146 14.4872 0.323042 -8.51691 -4.376727581586028 0.6305996760503152 14.1932 9.48362 0.78517 0.545008 1754483208.548116 1 1 1
24.5667 -11.3059 0.467338 -3.95401 -0.18597670394023114 -0.4939403956191592 11.9083 8.79866 0.828058 0.52649 1754483208.548116 2 1 1
25.6406 -10.7969 0.115361 -3.92774 -0.05398302142743505 -0.4549671934221258 29.1528 24.053 0.965731 0.802286 1754483208.548116 2 1 2
25.6769 -10.8061 0.115954 -3.90642 -0.0318390879606274 -0.4546547794860189 34.1398 28.1686 0.972482 0.78622 1754483208.548116 2 1 1
25.6846 -10.8044 0.110323 -3.87557 -0.0004645453217744233 -0.4544558119512915 27.4982 21.5248 0.967072 0.771759 1754483208.548116 2 1 2
23.9324 14.0859 0.0372384 -6.65802 -2.4633437866470844 0.6051754648365139 12.7648 8.62815 0.831363 0.683043 1754483208.548116 1 1 1
24.2841 14.1695 0.0920243 -8.64856 -4.443000229907469 0.5999412224097828 14.8424 8.66049 0.809605 0.733014 1754483208.548116 1 1 1
25.846 -10.8917 0.117828 -3.97773 -0.10343442993271967 -0.45476298989964253 28.0124 21.2632 0.967356 0.80649 1754483208.548116 2 1 1
25.8568 -10.8919 0.116096 -3.95093 -0.07615121614039033 -0.4545797303281831 33.3074 26.1079 0.972849 0.791088 1754483208.548116 2 1 1
25.8584 -10.8965 0.104786 -3.92022 -0.0458001625296256 -0.45471586600983865 26.8001 19.5875 0.962548 0.766316 1754483208.548116 2 1 1
24.174 14.2973 0.0405197 -6.72267 -2.5310335427245194 0.6066275787741731 16.6296 10.1157 0.783576 0.660208 1754483208.548116 1 1 1
24.2528 14.2924 0.0759148 -6.66264 -2.4669282021894103 0.6046797913289474 14.99 8.79278 0.708749 0.702914 1754483208.548116 1 1 2
24.3012 14.2124 0.0753717 -6.58123 -2.3777878121179645 0.6009639853514515 15.2475 9.10439 0.842576 0.637286 1754483208.548116 1 1 1
24.2495 14.2082 0.342714 -6.50562 -2.3043106659973143 0.6019919842808762 14.0894 8.08136 0.924024 0.804048 1754483208.548116 1 1 2
24.7492 14.3574 0.0153234 -8.7614 -4.54718841260983 0.5957402149002325 13.4558 9.58651 0.916488 0.80409 1754483208.548116 1 1 1
26.2502 -11.0844 0.114253 -4.08371 -0.20895882485168293 -0.45459020230369507 12.4931 9.22786 0.948729 0.799309 1754483208.548116 2 1 1
26.2509 -11.075 0.117559 -4.04943 -0.17375416435488722 -0.4542393911240442 18.1421 14.5811 0.968935 0.789813 1754483208.548116 2 1 1
27.4617 -10.7687 0.235313 -3.981 -0.0260628407837582 -0.4234587644358722 15.5248 12.6997 0.943231 0.808482 1754483208.548116 2 1 1
27.4341 -10.8149 0.193297 -3.94576 0.0040296665330537 -0.4255025449899576 22.2814 19.9991 0.970336 0.807036 1754483208.548116 2 1 1
27.4243 -10.7948 0.115074 -3.91052 0.04064717131908857 -0.42495625693408334 16.3317 15.1103 0.930441 0.746833 1754483208.548116 2 1 1
15.7323 22.9369 0.254155 -2.69175 0.07098001589795544 1.0832420909087845 29.2004 10.7301 0.813911 0.65034 1754483208.548116 2 1 1
26.3618 14.0401 0.179984 -8.9293 -4.6296592803313015 0.5521104742588783 11.4017 9.94222 0.921496 0.737276 1754483208.548116 1 1 1
26.4368 14.16 0.158018 -8.90684 -4.611562639691842 0.5544439794687946 10.749 9.59827 0.816307 0.565552 1754483208.548116 1 1 1
27.6772 -10.9265 0.224932 -4.03932 -0.08965361817779494 -0.42555141420901343 20.8232 18.103 0.966442 0.826901 1754483208.548116 2 1 2
27.6381 -10.9159 0.154608 -3.99939 -0.05034018321507672 -0.4257957603042926 26.7368 24.3117 0.97142 0.797253 1754483208.548116 2 1 1
27.7454 -10.8544 0.0774638 -3.97097 -0.012394322169666516 -0.4220101411567169 21.0195 18.8555 0.926548 0.631803 1754483208.548116 2 1 2
28.0422 -10.9449 1.04749 -3.97172 -0.009496635793123431 -0.42055453656055364 14.3313 13.2935 0.960739 0.836617 1754483208.548116 2 1 1
20.2948 20.8748 0.454881 -3.2063 0.2150185599832679 0.8953259810050591 24.9263 9.9922 0.82267 0.39773 1754483208.548116 2 1 1
18.5073 21.2563 5.94025 -3.09222 0.12093183054551293 0.9582451005394547 37.8469 8.88097 0.670325 0.268486 1754483208.548116 2 1 1
15.9448 23.1858 0.174064 -2.76683 0.006144531699060707 1.0805333399096895 27.5182 10.783 0.79919 0.561936 1754483208.548116 2 1 1
26.7848 14.2642 0.100449 -9.03104 -4.729279940241914 0.5509725195865779 17.7408 13.0907 0.958224 0.804684 1754483208.548116 1 1 2
26.8581 14.2566 0.0331161 -8.99361 -4.688801021585723 0.5493301647604513 18.8326 13.7286 0.908826 0.722507 1754483208.548116 1 1 1
26.9665 14.0938 0.221632 -8.93773 -4.619772298040239 0.5421743148272745 16.2856 11.5532 0.916368 0.651111 1754483208.548116 1 1 2
27.9319 -11.0474 0.0783769 -4.06694 -0.11773601985012272 -0.42573467378047286 19.0371 12.6615 0.951432 0.748514 1754483208.548116 2 1 1
20.5254 21.2553 0.496984 -3.34474 0.0697394572084784 0.8974587733509962 30.7716 13.3082 0.869903 0.835425 1754483208.548116 2 1 2
20.532 21.5312 0.783171 -3.35878 0.03609866022174879 0.9035447364527005 32.2567 14.881 0.879067 0.724312 1754483208.548116 2 1 1
20.5403 21.6034 0.773304 -3.31869 0.0716909578508087 0.9049357638665398 26.3232 8.63109 0.631794 0.562655 1754483208.548116 2 1 1
31.5925 2.79326 1.06808 1.59195 6.274153294491191 0.09935077327467481 18.2378 18.5998 0.530815 0.495428 1754483208.548116 1 1 1
31.7173 3.58612 0.407336 1.66086 6.346890152912659 0.12672277193370188 13.8968 19.123 0.875264 0.434363 1754483208.548116 1 1 1
27.0505 14.3983 0.0494164 -9.09741 -4.793976619740777 0.5500719296925488 14.0015 12.4557 0.957444 0.77948 1754483208.548116 1 1 1
27.0851 14.3779 0.00105605 -9.04914 -4.743316218691983 0.548782131375325 16.233 12.0794 0.93101 0.744837 1754483208.548116 1 1 1
29.1854 -11.0804 0.37837 -4.05221 -0.05952233403088325 -0.4082639279680096 16.5381 15.8423 0.970806 0.85864 1754483208.548116 2 1 2
29.3422 -11.1041 0.207554 -4.03559 -0.0393641464939698 -0.4068205406766103 25.9571 27.9393 0.960099 0.8708 1754483208.548116 2 1 1
29.3434 -11.1025 0.136998 -4.00755 -0.011153223900748355 -0.40675072750653046 24.6257 28.6802 0.958296 0.857233 1754483208.548116 2 1 2
29.2629 -11.0325 0.0238655 -3.92982 0.06941124517487252 -0.4055918288832063 10.5043 15.4895 0.863944 0.645186 1754483208.548116 2 1 2
20.656 21.6953 0.504544 -3.4261 -0.03171198679705611 0.9036965800976239 26.8645 12.3264 0.792886 0.783292 1754483208.548116 2 1 1
21.9643 20.9413 1.37095 -3.43938 0.12338457806738301 0.8500556308668302 31.7029 17.2769 0.680938 0.389347 1754483208.548116 2 1 1
16.9983 25.3618 0.434449 -2.65121 0.10920691529698345 1.0838529561469827 30.3503 10.9359 0.52625 0.556937 1754483208.548116 2 1 2
16.9597 25.3552 0.215915 -2.59528 0.16103689484963501 1.084935060283219 34.6257 17.0211 0.356615 0.468925 1754483208.548116 2 1 1
31.9159 2.54736 1.36522 1.53632 6.216318972012719 0.08962614774841282 21.0861 26.9604 0.44904 0.363727 1754483208.548116 1 1 2
32.0387 3.24642 1.13414 1.55261 6.237235798749914 0.11354431435066831 25.0305 31.3142 0.584477 0.472712 1754483208.548116 1 1 1
32.0403 3.61885 0.163545 1.5902 6.276207906037675 0.12643147648154404 22.2429 29.5209 0.89315 0.550255 1754483208.548116 1 1 2
32.3527 3.4404 0.315162 1.58894 6.274242039903376 0.11896565607321309 8.52386 15.7306 0.843661 0.707014 1754483208.548116 1 1 1
32.4444 3.30141 0.189385 1.67254 6.3572066080600145 0.11384276565275933 6.79929 13.22 0.807713 0.709492 1754483208.548116 1 1 1
31.7893 6.48559 0.184401 -4.62751 0.04298532497726537 0.22590494640263406 15.3747 20.0138 0.946701 0.649616 1754483208.548116 2 1 1
31.7798 6.41946 0.200623 -4.5996 0.07172163070736293 0.22375121010567306 15.8791 21.1838 0.891897 0.570409 1754483208.548116 2 1 1
31.542 6.17607 0.350226 -4.48362 0.1900444411630069 0.21730745450730998 2.88265 8.3871 0.757742 0.705331 1754483208.548116 2 1 1
29.5568 -11.1919 0.307854 -4.12971 -0.13311668699821322 -0.40667044236093874 13.3464 16.8712 0.943266 0.868802 1754483208.548116 2 1 1
29.5485 -11.1908 0.188524 -4.08421 -0.08780895108547426 -0.4067489821772785 24.3299 28.3538 0.958757 0.871844 1754483208.548116 2 1 1
29.547 -11.1888 0.0931962 -4.05913 -0.06262640717107848 -0.40670709427523066 22.9419 27.0339 0.96003 0.866926 1754483208.548116 2 1 1
29.6161 -11.2056 0.0347587 -4.01781 -0.020277084141804735 -0.40628646992550005 7.98557 11.2916 0.853566 0.779537 1754483208.548116 2 1 1
17.1428 25.7008 0.179617 -2.67791 0.07847966528523287 1.0849158616614472 31.9919 9.75702 0.47161 0.54234 1754483208.548116 2 1 1
16.8562 25.9778 0.25699 -2.62938 0.07705222916941423 1.0980337563194367 32.2608 11.2622 0.591121 0.392188 1754483208.548116 2 1 2
32.3506 2.33039 1.3863 1.44843 6.1260436583363065 0.0807947817333215 15.2459 17.9501 0.446661 0.375368 1754483208.548116 1 1 1
32.2943 3.65784 0.217898 1.49839 6.184415494028425 0.12666133634403168 21.3972 26.1579 0.806906 0.522669 1754483208.548116 1 1 1
32.3099 3.64323 0.00537112 1.54678 6.232761547170075 0.12609288260665713 18.9236 24.5292 0.922182 0.629279 1754483208.548116 1 1 1
32.8052 3.32009 0.286843 1.52872 6.213281488204728 0.11308005676963781 16.0407 21.81 0.889002 0.8215 1754483208.548116 1 1 2
32.8037 3.45894 0.594458 1.58687 6.27203507392784 0.11777289806240017 16.1621 21.0927 0.850721 0.902437 1754483208.548116 1 1 1
32.0216 6.52235 0.18713 -4.68218 -0.01146966498883284 0.22534993170049986 18.8607 18.9173 0.927058 0.682315 1754483208.548116 2 1 2
32.0351 6.40856 0.296393 -4.65598 0.016202821288915814 0.22144388483453653 19.046 20.3754 0.866846 0.612022 1754483208.548116 2 1 1
32.2837 6.14558 0.494767 -4.63806 0.03775819329713226 0.21084799094567896 7.15267 9.0015 0.651144 0.715093 1754483208.548116 2 1 2
30.0405 -11.3851 0.0718168 -4.21463 -0.21685373771073335 -0.4061869861581363 8.42824 10.7007 0.907162 0.849328 1754483208.548116 2 1 1
30.0099 -11.3639 0.0695798 -4.16069 -0.16228634267433462 -0.40593042275809316 6.78275 9.41601 0.910088 0.828909 1754483208.548116 2 1 1
31.0266 -11.2576 0.250299 -4.0594 -0.020437674426027286 -0.3891089394273718 17.346 15.2779 0.94935 0.846858 1754483208.548116 2 1 1
31.0449 -11.2771 0.24609 -4.03184 0.006234134145664427 -0.3894824398872986 22.0773 19.2965 0.960498 0.850358 1754483208.548116 2 1 1
31.0288 -11.2801 0.0781158 -3.98405 0.05330985232207475 -0.3897826365186416 16.4557 12.3264 0.908872 0.744832 1754483208.548116 2 1 1
23.2448 21.8264 1.70499 -3.51974 0.08188485980646387 0.8371960449381359 29.9492 10.833 0.913514 0.247531 1754483208.548116 2 1 2
33.0915 3.39137 0.604438 1.49042 6.175158570476144 0.1143766618709444 14.6592 19.5199 0.876204 0.915703 1754483208.548116 1 1 1
33.0603 3.53156 0.342623 1.5317 6.217026603610205 0.11918591662481477 14.447 19.8286 0.87529 0.70875 1754483208.548116 1 1 1
32.3895 6.40133 0.337465 -4.7202 -0.04697907137321877 0.21856932755650188 10.2965 8.58994 0.824939 0.749402 1754483208.548116 2 1 1
32.491 7.69761 -0.437041 -4.64744 0.007020294465829302 0.26012910770499087 10.4306 9.10145 0.695142 0.683002 1754483208.548116 2 1 1
31.251 -11.3633 0.262939 -4.1123 -0.0743504236947059 -0.38953479976485844 21.3663 21.4366 0.95791 0.847667 1754483208.548116 2 1 2
31.2778 -11.3804 0.266475 -4.0845 -0.04699477014467757 -0.38972154999482184 26.6463 25.0966 0.967653 0.836529 1754483208.548116 2 1 1
31.3774 -11.4303 0.125743 -4.06542 -0.028575320744930188 -0.38999905734588897 22.7423 19.517 0.925938 0.497456 1754483208.548116 2 1 2
23.648 22.1335 1.75565 -3.6587 -0.04767186621952213 0.8340544522845461 28.2701 9.53948 0.910933 0.347799 1754483208.548116 2 1 1
33.6379 5.99082 1.07686 -4.65099 0.028872032014127136 0.19666719077322506 6.48522 9.40719 0.498533 0.637424 1754483208.548116 2 1 1
31.5565 -11.4797 0.258698 -4.18727 -0.14866454345738322 -0.3892590377430433 13.6468 16.6654 0.951967 0.839275 1754483208.548116 2 1 1
31.5522 -11.4874 0.283458 -4.13962 -0.1016994887836935 -0.3895470170696224 19.8875 22.0804 0.960462 0.754186 1754483208.548116 2 1 1
31.0436 -11.2614 6.75758 -4.11374 -0.07454534350940367 -0.3890112009892601 33.5847 20.7311 0.91362 0.496109 1754483208.548116 2 1 1
31.1 -11.1508 6.84283 -4.08755 -0.038488142055509655 -0.3848451000647497 35.8043 16.4126 0.826047 0.533548 1754483208.548116 2 1 2
32.1794 -11.4028 -0.0349826 -4.04498 0.01717501308552638 -0.37927051843387977 12.3018 10.98 0.598962 0.463475 1754483208.548116 2 1 1
32.5286 -11.4862 0.259931 -4.02749 0.03854314226129851 -0.3776089649859812 15.7285 13.8609 0.938221 0.839624 1754483208.548116 2 1 1
32.4739 -11.4444 0.235956 -3.95668 0.11075984965756591 -0.37700508106479114 17.6415 15.4925 0.95155 0.869812 1754483208.548116 2 1 1
24.3466 21.5177 6.79344 -3.65672 0.04556324641759968 0.8029177784289674 46.193 15.9393 0.957791 0.512149 1754483208.548116 2 1 2
24.3758 21.5736 6.70281 -3.62813 0.07244233348390017 0.8035129357038975 43.9702 15.5748 0.960532 0.45812 1754483208.548116 2 1 1
17.2367 28.1604 0.100674 -2.54884 0.07691613455321544 1.1189654900386046 30.9832 10.6772 0.679923 0.560093 1754483208.548116 2 1 1
32.7002 -11.6182 0.191376 -4.11391 -0.05229767743478497 -0.37950264722439503 12.9496 12.247 0.903388 0.88032 1754483208.548116 2 1 2
32.9604 -11.6456 0.236872 -4.11292 -0.04607355120986423 -0.37725989913558233 27.8971 27.2779 0.974367 0.86847 1754483208.548116 2 1 2
32.9691 -11.6329 0.237895 -4.08761 -0.0196541876633054 -0.3767834242497879 29.8971 29.2417 0.979876 0.855343 1754483208.548116 2 1 1
32.9181 -11.577 0.239232 -4.02195 0.04845289160444732 -0.37573099071083527 19.604 19.1436 0.966006 0.817325 1754483208.548116 2 1 2
24.6143 21.8551 6.9548 -3.80031 -0.10199245131993795 0.8042965885380429 38.401 11.9442 0.826089 0.56753 1754483208.548116 2 1 1
24.5925 21.5776 7.15105 -3.69024 0.024905554382499417 0.798428791592838 44.6923 13.4964 0.887349 0.419578 1754483208.548116 2 1 1
25.8114 22.2247 1.53973 -3.70347 0.0496408087539395 0.7850229176082695 26.3606 13.6963 0.867939 0.381693 1754483208.548116 2 1 2
26.215 22.1398 1.02893 -3.69144 0.09205593876359508 0.774118100441809 28.7619 15.1397 0.894414 0.5167 1754483208.548116 2 1 1
26.1077 22.087 0.968678 -3.60226 0.1779700727422111 0.7752979430161572 23.3006 8.66343 0.808078 0.578484 1754483208.548116 2 1 1
33.4983 -11.949 0.540374 -4.30646 -0.24569275143735236 -0.3798639303795579 11.1003 11.077 0.73911 0.572299 1754483208.548116 2 1 1
33.2917 -11.7785 0.299383 -4.19311 -0.1263733186605176 -0.3773070230253861 26.9892 27.1074 0.968254 0.784577 1754483208.548116 2 1 1
33.2304 -11.7328 0.262512 -4.15082 -0.08262861764413021 -0.3766821951531722 29.0328 29.6709 0.983466 0.818191 1754483208.548116 2 1 1
33.2343 -11.6552 0.27026 -4.1011 -0.02754650990197849 -0.37437312455278365 19.1103 20.2343 0.964804 0.834571 1754483208.548116 2 1 1
26.3479 22.3106 0.938972 -3.77209 0.008874868225455579 0.775032652969854 24.6426 12.1676 0.829841 0.529483 1754483208.548116 2 1 1
26.523 22.2452 0.936913 -3.7522 0.04337124043442708 0.7697390693485552 31.0289 18.0118 0.929093 0.68232 1754483208.548116 2 1 1
26.3185 22.4875 1.1098 -3.7084 0.059798896057665196 0.7796281048903551 23.9426 9.96574 0.856196 0.822786 1754483208.548116 2 1 2
35.7225 5.88859 -0.144927 -4.69069 -0.007479381963308995 0.1811389964182315 3.29394 10.6419 0.658421 0.729742 1754483208.548116 2 1 2
35.923 5.80707 -0.12184 -4.66132 0.02249589158251375 0.177599468695187 7.09632 14.5811 0.649917 0.677026 1754483208.548116 2 1 2
34.5158 11.2234 0.289803 -4.58105 0.007407560388212886 0.3479261503973136 10.7139 15.5807 0.653181 0.483072 1754483208.548116 2 1 2
34.6008 11.1106 0.213163 -4.50264 0.08968972248160689 0.34382811731363094 17.3676 21.7629 0.706619 0.457062 1754483208.548116 2 1 1
35.8323 -5.4691 0.424162 -4.39297 0.06913463742855619 -0.16792371238798084 20.051 26.737 0.901734 0.5 1754483208.548116 2 1 1
26.8824 22.4465 0.946415 -3.83717 -0.03265093643578609 0.7664770489765778 21.5383 9.47186 0.906105 0.788969 1754483208.548116 2 1 1
27.0262 21.872 7.16751 -3.77669 0.071170029771769 0.7504619077602778 38.8705 12.2146 0.947437 0.355879 1754483208.548116 2 1 1
27.6402 21.8793 8.06234 -3.81059 0.07096324425500322 0.7377524201472551 45.2776 10.98 0.927099 0.56324 1754483208.548116 2 1 1
17.7867 30.4663 0.0179935 -2.42686 0.13947871908217246 1.134193487762255 27.7883 11.9648 0.575352 0.429051 1754483208.548116 2 1 1
17.7724 30.5433 -0.0388376 -2.38936 0.17167882371608023 1.1355443726032985 28.8746 14.7752 0.622297 0.464115 1754483208.548116 2 1 1
36.2682 5.83404 -0.0132794 -4.72935 -0.045367934580831104 0.17656274311950237 4.14094 11.024 0.714184 0.663455 1754483208.548116 2 1 1
34.8267 11.304 0.424316 -4.64382 -0.05449658727022655 0.3470168338570246 8.93481 14.3342 0.568292 0.481366 1754483208.548116 2 1 1
34.9191 11.2049 0.273621 -4.57188 0.020969846302045347 0.3432713572822447 18.4374 24.0265 0.747702 0.53644 1754483208.548116 2 1 2
34.9932 11.1656 -0.0656376 -4.53227 0.06230438477127809 0.34141432695812274 24.5829 30.5087 0.933133 0.5 1754483208.548116 2 1 1
35.1989 10.9168 -0.00780201 -4.511 0.09176374488777217 0.3323508321525162 23.2125 29.3681 0.923596 0.5 1754483208.548116 2 1 2
35.4885 10.8912 -0.0497116 -4.50286 0.1029826408232255 0.3288305030512436 17.0842 23.2534 0.520886 0.553258 1754483208.548116 2 1 1
36.996 -5.47878 0.590961 -4.45065 0.019214786106421577 -0.16246292622434094 10.2883 18.7409 0.827839 0.747947 1754483208.548116 2 1 1
37.0263 -5.49606 0.86997 -4.38953 0.07982918581938137 -0.1628215913856258 6.02016 13.6933 0.828508 0.666248 1754483208.548116 2 1 1
28.8551 22.744 1.31631 -3.8899 0.00528826714956665 0.7325408670008 19.0967 9.63355 0.826154 0.60277 1754483208.548116 2 1 1
28.9482 22.8676 1.2397 -3.85588 0.03705069104692793 0.7334065503097892 21.2933 10.7124 0.890002 0.631322 1754483208.548116 2 1 1
28.9439 22.9467 1.00469 -3.80219 0.0860295616201574 0.7352094754270994 20.3227 9.36897 0.867503 0.641907 1754483208.548116 2 1 2
17.8322 30.9163 0.295052 -2.52507 0.02407160173552425 1.138572518855509 26.4708 11.7384 0.534261 0.408111 1754483208.548116 2 1 2
17.8745 30.8702 0.177594 -2.46479 0.0910265317354555 1.1368743134933184 29.262 14.7722 0.641276 0.548548 1754483208.548116 2 1 1
17.9994 30.9166 0.0355467 -2.41999 0.14661564421951523 1.1341254199214272 28.5068 12.1911 0.469473 0.279388 1754483208.548116 2 1 2
35.3159 11.4029 0.298952 -4.66835 -0.07696960416053145 0.3448404082797876 7.21304 11.3562 0.716198 0.563521 1754483208.548116 2 1 1
35.4185 11.1335 0.150781 -4.60336 -0.004115417119499476 0.3362970215912754 15.4535 20.4812 0.691126 0.493378 1754483208.548116 2 1 1
35.6247 10.9588 0.335367 -4.5779 0.02743067301885649 0.3294204243384178 19.3209 24.6263 0.823021 0.624873 1754483208.548116 2 1 1
35.8278 11.0029 -0.110249 -4.55622 0.04971940099351091 0.328718801979116 18.784 24.4234 0.654512 0.537322 1754483208.548116 2 1 2
37.3233 -5.54994 0.774086 -4.50851 -0.03935814103001967 -0.16296854810864372 15.6921 23.7561 0.773516 0.650034 1754483208.548116 2 1 2
37.5308 -5.39521 1.54034 -4.47265 0.004083945242721043 -0.15754895171535094 13.8072 22.3186 0.625892 0.384064 1754483208.548116 2 1 1
37.7892 -5.41011 -0.118944 -4.45305 0.024716530095920675 -0.15680352159182417 14.0876 22.3186 0.77552 0.476372 1754483208.548116 2 1 1
37.7579 -5.62624 0.697378 -4.4005 0.06845798758206367 -0.1631059055207757 10.6146 18.1118 0.841084 0.631463 1754483208.548116 2 1 1
33.7125 17.8335 0.186961 -4.21527 0.11698950931078933 0.5342505200232203 10.5055 10.3979 0.593245 0.349761 1754483208.548116 2 1 1
29.5858 23.2077 0.767585 -3.94573 -0.03981293321523083 0.7284114179905815 16.8669 8.05196 0.85114 0.69871 1754483208.548116 2 1 1
18.1995 31.4583 -0.0917712 -2.46715 0.09405323181916714 1.135502484701251 23.7927 9.48068 0.655403 0.511411 1754483208.548116 2 1 1
36.1455 11.0521 0.752065 -4.6801 -0.07275654335764514 0.3270904097870053 8.48848 13.5699 0.801849 0.695402 1754483208.548116 2 1 1
36.2263 11.0915 -0.0307046 -4.63222 -0.025158478588036992 0.32741853168638024 11.79 17.6179 0.690231 0.436945 1754483208.548116 2 1 1
37.6246 -5.7557 1.18751 -4.56089 -0.09808072760866438 -0.16743170407184363 10.259 18.8996 0.479159 0.373949 1754483208.548116 2 1 1
38.069 -5.60695 0.962071 -4.5039 -0.032141947268790716 -0.16111623017350216 20.9179 29.471 0.876597 0.29496 1754483208.548116 2 1 1
38.1473 -5.6234 0.702614 -4.48166 -0.010049122795998677 -0.161221124461547 19.0533 26.9281 0.863876 0.698586 1754483208.548116 2 1 2
38.3348 -5.54235 0.494861 -4.45289 0.023087576336837223 -0.15809384350782354 8.72701 16.1069 0.728588 0.800764 1754483208.548116 2 1 1
32.9986 17.6876 7.84496 -4.32684 -0.007071795850261964 0.5411794771536378 24.4673 11.6061 0.508272 0.352547 1754483208.548116 2 1 1
34.5345 17.9665 0.361471 -4.30476 0.0425293021251445 0.5257560025537639 11.8919 12.7497 0.760716 0.620013 1754483208.548116 2 1 1
34.6443 17.8976 0.416479 -4.24114 0.1117315661842948 0.5225550687056063 15.1941 15.9834 0.931548 0.844951 1754483208.548116 2 1 1
34.6218 17.7623 0.460726 -4.16947 0.18852710931842864 0.5195932449649718 11.2338 10.539 0.79537 0.645478 1754483208.548116 2 1 1
30.7863 23.1083 1.22967 -3.94532 0.022785950998104987 0.7039471378653769 19.1913 12.1265 0.75039 0.51857 1754483208.548116 2 1 2
30.6105 23.1775 1.9581 -3.88641 0.069988156601684 0.7086246202607217 20.1284 13.8785 0.775334 0.267932 1754483208.548116 2 1 1
38.3215 -5.64463 0.778938 -4.55228 -0.08038950688491298 -0.16102180786096926 16.7744 23.7149 0.899346 0.555827 1754483208.548116 2 1 1
38.4431 -5.64645 0.682456 -4.53157 -0.05897757867611553 -0.16052089836564687 16.8038 23.5444 0.869272 0.737537 1754483208.548116 2 1 1
35.0851 18.1487 0.501132 -4.44413 -0.09114627329937441 0.5224904915232824 15.7479 18.2558 0.627222 0.493952 1754483208.548116 2 1 2
35.1672 18.131 0.113952 -4.37 -0.014335906551782074 0.5209441298060155 19.555 22.5949 0.869085 0.650889 1754483208.548116 2 1 1
35.2777 18.1284 0.0454973 -4.33505 0.023320135134458297 0.5193768241377246 16.0735 19.2524 0.699257 0.606257 1754483208.548116 2 1 1
35.4983 17.8648 0.583876 -4.25798 0.11613998866123332 0.5101283244314067 12.3994 14.9016 0.874132 0.771066 1754483208.548116 2 1 1
31.3679 23.309 0.869214 -4.10399 -0.12060410907302899 0.697789616264341 18.7448 13.9667 0.536797 0.41784 1754483208.548116 2 1 1
31.7562 22.9125 -0.0946555 -3.94332 0.07722128611282386 0.6825546372236825 18.5524 12.5292 0.815019 0.362912 1754483208.548116 2 1 1
31.869 22.9615 1.55345 -3.91995 0.10277532363005282 0.6816470660126455 17.6586 11.5885 0.912297 0.399663 1754483208.548116 2 1 2
37.6173 11.1243 -0.522663 -4.59524 0.02150514256849334 0.31579638419735 8.60847 10.4332 0.656452 0.620692 1754483208.548116 2 1 1
37.9039 11.1354 -0.427784 -4.59076 0.02772787417324274 0.31362170394936506 13.6229 16.9094 0.885898 0.517005 1754483208.548116 2 1 1
40.0163 -5.99692 0.171871 -4.47323 -0.004235300945036435 -0.16307990011492096 15.753 22.3391 0.713447 0.443934 1754483208.548116 2 1 1
40.2266 -5.98447 0.162379 -4.46491 0.005845258285920529 -0.16183024437049304 15.4984 22.3509 0.659199 0.555743 1754483208.548116 2 1 1
36.0372 18.1479 0.62015 -4.40828 -0.033434986080229656 0.509697228106164 17.064 19.2965 0.872734 0.849172 1754483208.548116 2 1 1
35.883 18.1496 0.550977 -4.30709 0.06426630035175496 0.5117671885990293 12.7847 14.9809 0.898642 0.698748 1754483208.548116 2 1 1
32.2847 23.164 2.08767 -4.013 0.016533253338307574 0.6788091606489025 16.962 9.29842 0.908611 0.490956 1754483208.548116 2 1 1
24.2786 -29.4555 8.87087 -2.19607 -0.07399698299855784 -0.9580286797122074 43.144 12.4851 0.867088 0.486313 1754483208.548116 2 1 1
40.3566 -5.88326 1.54378 -4.71264 -0.23734749778693676 -0.15858654995566157 5.5937 10.8712 0.414014 0.471986 1754483208.548116 2 1 1
40.7903 5.38948 0.0605858 -4.60812 0.07851937880670512 0.1438001205327656 12.5884 18.3058 0.560515 0.600289 1754483208.548116 2 1 1
40.9845 5.43664 0.122234 -4.59904 0.08759663434580034 0.1442982375012848 17.2142 23.1093 0.792147 0.684303 1754483208.548116 2 1 1
41.0721 5.59585 -0.147619 -4.5713 0.11527686097995193 0.14812120669485315 15.5526 21.4807 0.766706 0.782138 1754483208.548116 2 1 1
41.0559 -5.72781 1.28028 -4.49193 -0.0070601549797402186 -0.151626002365783 10.2971 16.6448 0.504116 0.515372 1754483208.548116 2 1 1
41.1264 -5.9095 0.218733 -4.4196 0.059179763987534884 -0.15607030877306136 10.4786 16.1392 0.573097 0.476422 1754483208.548116 2 1 1
36.9059 18.0539 0.932099 -4.32777 0.06911855306794923 0.4963506953161634 13.6314 14.5664 0.758933 0.459995 1754483208.548116 2 1 1
36.8733 18.0863 0.683443 -4.2439 0.1510997954851332 0.49751308459799165 9.37388 9.0162 0.607653 0.494457 1754483208.548116 2 1 1
34.412 -22.2285 -1.63306 -3.37554 -0.0023864310308816528 -0.6244980049853431 16.787 9.78935 0.87823 0.366715 1754483208.548116 2 1 1
25.2295 -30.5832 -1.49351 -2.31981 -0.1833383033702578 -0.9545799091102666 23.4012 7.99611 0.425925 0.366912 1754483208.548116 2 1 1
41.3918 5.43907 0.107484 -4.73177 -0.04512861420855163 0.14282849573818035 12.6175 17.3298 0.933004 0.88798 1754483208.548116 2 1 1
41.4463 5.53117 -0.00255859 -4.69353 -0.006899280548744002 0.14500753930929527 19.4032 24.2147 0.922163 0.84028 1754483208.548116 2 1 2
41.5445 5.77034 0.172312 -4.67343 0.013064186117070165 0.15079941443203845 20.6771 25.4729 0.93445 0.584022 1754483208.548116 2 1 1
41.5309 -5.92272 0.459526 -4.51668 -0.036114099112314335 -0.15477352913882955 15.183 19.9697 0.768756 0.505568 1754483208.548116 2 1 2
41.94 -5.48728 0.35961 -4.43551 0.06218544830482653 -0.1420464137003617 14.0219 18.2999 0.641862 0.795066 1754483208.548116 2 1 1
42.032 -5.81506 0.474737 -4.39936 0.08764350466418325 -0.15005346070973608 9.98139 13.7257 0.6018 0.581988 1754483208.548116 2 1 1
37.0597 -19.1509 -0.387774 -3.73877 -0.04307189132693123 -0.5194588546125682 12.6516 9.65119 0.688064 0.539042 1754483208.548116 2 1 1
37.2748 -18.9273 -0.182756 -3.6911 0.026920562851917573 -0.5116746861486736 11.9942 8.91625 0.580958 0.40827 1754483208.548116 2 1 1
34.6722 -22.4276 -1.72496 -3.45004 -0.07768155606059235 -0.6247423510806223 22.4405 14.6752 0.911269 0.379679 1754483208.548116 2 1 1
34.7004 -22.3927 -1.65531 -3.41853 -0.04237948622484167 -0.62357647114029 20.0634 12.9613 0.912984 0.369322 1754483208.548116 2 1 2
41.8119 5.67883 -0.0865263 -4.769 -0.08240705567030826 0.14742045700017742 11.1234 13.1524 0.930615 0.802244 1754483208.548116 2 1 1
41.834 5.89546 0.311273 -4.73361 -0.04720283309817397 0.15287129478708092 15.8134 18.5616 0.892321 0.83241 1754483208.548116 2 1 1
42.1203 -5.80167 0.32744 -4.52655 -0.03862943986782774 -0.14937505122948588 12.1399 17.2622 0.675482 0.497205 1754483208.548116 2 1 1
42.4305 -6.00517 0.546501 -4.52148 -0.03891937183770722 -0.1533187972072923 20.4467 26.3842 0.805667 0.746342 1754483208.548116 2 1 1
41.3049 11.9472 -0.451991 -4.52732 0.09662820405132422 0.30662293364886783 26.8117 30.6557 0.82092 0.5 1754483208.548116 2 1 1
41.3476 11.9049 0.150549 -4.49181 0.1331607832119488 0.30527903012483215 25.2597 28.5655 0.936705 0.513815 1754483208.548116 2 1 1
41.0971 11.8855 -0.0675571 -4.37082 0.2530535088694972 0.30672067208697945 12.3795 13.6816 0.644399 0.532842 1754483208.548116 2 1 1
37.8984 -19.4355 -0.386361 -3.87482 -0.1667867280129265 -0.5151670899819143 15.5232 12.7409 0.490432 0.345483 1754483208.548116 2 1 1
35.0559 -22.8446 -1.8979 -3.59268 -0.22985595828302197 -0.6276675229069647 17.0875 9.85403 0.783564 0.292785 1754483208.548116 2 1 1
35.006 -22.7769 -1.97819 -3.52393 -0.1589701625033486 -0.6270130244374669 15.3274 8.20777 0.740176 0.377922 1754483208.548116 2 1 1
42.6877 -5.94321 0.237124 -4.63166 -0.14563882654448346 -0.15077847048101453 8.61165 14.102 0.756561 0.63916 1754483208.548116 2 1 1
41.4995 12.0477 0.398222 -4.60667 0.01656547554600163 0.3075531941401808 25.0684 29.3387 0.818573 0.5 1754483208.548116 2 1 2
41.6853 12.0191 0.155343 -4.59754 0.02728918423246096 0.30546578035479555 36.3762 41.6268 0.939363 0.477693 1754483208.548116 2 1 1
41.7094 12.0072 -0.128579 -4.576 0.04918089871847631 0.3050015227737651 35.8512 41.3093 0.94402 0.47525 1754483208.548116 2 1 2
41.7439 11.9826 0.15255 -4.53298 0.09283961672349417 0.3041550380865478 22.8279 27.9364 0.885282 0.462853 1754483208.548116 2 1 2
39.4788 17.9847 0.070623 -4.34363 0.10295573152274606 0.4643221582128155 12.3479 13.9462 0.45117 0.289215 1754483208.548116 2 1 1
35.9102 23.5739 2.29197 -4.14654 -0.004783212967746309 0.6298823457277455 19.8354 13.855 0.509752 0.421657 1754483208.548116 2 1 1
39.1481 18.5067 1.10553 -4.00842 0.41494344699597807 0.47965313036233365 22.6199 23.1064 0.327813 0.387303 1754483208.548116 2 1 1
19.7571 36.3631 0.587498 -2.41309 0.0830883895254293 1.151981883498581 24.046 8.14016 0.710416 0.36217 1754483208.548116 2 1 2
19.079 36.6315 -0.0679149 -2.34134 0.08176707305716979 1.170299113998262 27.579 10.5184 0.728466 0.430319 1754483208.548116 2 1 1
44.4068 0.937262 1.46964 2.48267 7.135649465108701 0.022947414472296243 12.8527 17.6855 0.913165 0.436075 1754483208.548116 1 1 1
41.8882 12.0803 -0.123035 -4.68945 -0.06457050980982615 0.3053994578432198 21.9438 26.0226 0.942144 0.510867 1754483208.548116 2 1 1
41.8938 12.0718 -0.119012 -4.64449 -0.019425347611425003 0.3051551117479406 34.3649 38.7488 0.947813 0.486367 1754483208.548116 2 1 1
41.9128 12.0591 -0.120386 -4.62132 0.004078566510007597 0.304713543447186 34.1798 38.9605 0.938667 0.464162 1754483208.548116 2 1 1
42.0231 11.9695 -0.0961443 -4.58372 0.04388333536232292 0.30176742766981957 22.4348 25.6669 0.869083 0.455914 1754483208.548116 2 1 1
43.7672 -6.07038 0.77242 -4.53858 -0.05134485428477298 -0.14988224391011543 14.1483 16.3009 0.731196 0.77105 1754483208.548116 2 1 2
43.9415 -6.00268 0.74754 -4.47932 0.010983623853654478 -0.14760493830211324 21.0442 20.5665 0.86008 0.559475 1754483208.548116 2 1 1
43.9417 -5.83691 1.05887 -4.42639 0.06927410589237581 -0.1435843978372191 21.0401 21.2838 0.80289 0.439687 1754483208.548116 2 1 1
39.4478 18.6358 1.193 -4.08196 0.34231358833037984 0.47906495440441155 26.5151 26.9692 0.446297 0.5 1754483208.548116 2 1 1
44.6995 0.917723 1.48721 2.38426 7.036880736561137 0.022309322097767117 18.4179 19.7257 0.815159 0.350192 1754483208.548116 1 1 1
44.6597 0.899279 1.51078 2.42383 7.076209577411028 0.021882240029804104 16.3781 17.956 0.859054 0.454169 1754483208.548116 1 1 2
42.345 12.1964 -0.129239 -4.75202 -0.1266451604268095 0.30474495937372187 16.7681 16.9535 0.925964 0.483929 1754483208.548116 2 1 1
42.3716 12.1427 -0.0823485 -4.71549 -0.08902060707105086 0.3032893547775586 17.5373 18.5557 0.877231 0.44449 1754483208.548116 2 1 1
42.5608 11.828 -0.00392991 -4.64871 -0.0158619168038987 0.2945312925910511 11.1444 11.0446 0.801844 0.63615 1754483208.548116 2 1 1
44.0845 -6.15659 0.623615 -4.57089 -0.08490647346661184 -0.15080622121612125 13.6061 12.785 0.822484 0.776255 1754483208.548116 2 1 1
44.2041 -6.01763 0.767076 -4.5356 -0.04451769595911159 -0.14702426725997475 23.7956 23.3739 0.920299 0.914864 1754483208.548116 2 1 1
36.8089 24.5258 2.317 -4.08624 0.04271518625875714 0.6356873108198786 13.578 9.05148 0.43354 0.398169 1754483208.548116 2 1 1
45.6553 0.400813 0.467833 2.39481 7.039843628180245 0.00952352868984722 13.455 13.9168 0.314375 0.571899 1754483208.548116 1 1 1
45.4888 0.624262 0.414811 2.48872 7.137031280658834 0.014891061911553021 7.70157 8.88685 0.463713 0.484249 1754483208.548116 1 1 2
44.5838 -6.01693 0.885374 -4.61661 -0.12371224251637436 -0.14566605203607275 14.3178 11.9589 0.874063 0.49105 1754483208.548116 2 1 1
44.6808 -6.17524 0.230218 -4.52149 -0.03319184744123849 -0.14909527495039118 16.7726 13.4493 0.680988 0.600706 1754483208.548116 2 1 1
41.5669 18.0004 -0.115418 -4.35697 0.12098688521057532 0.4424130401125307 13.4461 9.00738 0.555083 0.364154 1754483208.548116 2 1 1
45.5101 -6.0409 1.05876 -4.37664 0.11972747272136797 -0.14305277054706164 13.0126 12.7967 0.537254 0.702527 1754483208.548116 2 1 1
45.5152 -6.25231 1.62885 -4.33513 0.15468392222070815 -0.14796953758285486 9.0092 9.90988 0.682831 0.478974 1754483208.548116 2 1 1
45.8313 2.18895 0.572813 2.33434 7.0015368046869355 0.05174936138748227 12.0631 11.7325 0.327119 0.60335 1754483208.548116 1 1 1
46.2283 0.682886 1.93893 2.49483 7.143805872480259 0.016006938168815595 9.71975 9.87167 0.943502 0.304481 1754483208.548116 1 1 1
45.9347 -6.25056 0.864368 -4.50451 -0.012705841652553396 -0.1464849605211085 18.2661 13.5904 0.794925 0.551918 1754483208.548116 2 1 1
46.0338 -6.2723 0.895329 -4.48305 0.008534703383194397 -0.14664902147079595 27.6792 24.1794 0.9184 0.575433 1754483208.548116 2 1 1
46.0593 -6.25877 0.919154 -4.46 0.032117722241853386 -0.14625038826964046 25.9495 23.2887 0.893645 0.703777 1754483208.548116 2 1 1
46.0419 -6.01057 1.08678 -4.38982 0.10979550672028271 -0.14058522405059204 12.1313 10.8653 0.627669 0.509222 1754483208.548116 2 1 1
34.0725 29.2223 6.82957 -3.73355 0.07783068639353852 0.7639655201829579 27.7134 9.70704 0.823559 0.339566 1754483208.548116 2 1 1
33.6377 29.525 6.90195 -3.64878 0.12869706222324462 0.7762910353605419 28.2801 9.01032 0.771133 0.373888 1754483208.548116 2 1 2
46.2446 -6.29864 0.777548 -4.57251 -0.08077820173722916 -0.1465390657279203 19.417 18.2323 0.939712 0.736741 1754483208.548116 2 1 2
46.2654 -6.3022 0.865854 -4.53363 -0.04191314223096043 -0.14655023583513307 29.8781 28.0863 0.949487 0.623726 1754483208.548116 2 1 1
46.2805 -6.27978 0.905793 -4.50865 -0.016178415785873312 -0.1459854472891877 28.4812 26.6753 0.901059 0.68092 1754483208.548116 2 1 2
46.6475 -6.30301 0.70814 -4.66662 -0.17321725103683594 -0.14528714105546475 9.56347 11.6502 0.926531 0.793923 1754483208.548116 2 1 1
46.6223 -6.33941 0.865553 -4.6152 -0.12301301908201445 -0.1461985519908562 19.8284 21.7541 0.946798 0.660966 1754483208.548116 2 1 1
46.6321 -6.31655 0.855586 -4.58574 -0.09281524370130967 -0.1456458062167496 18.786 20.7811 0.886564 0.683859 1754483208.548116 2 1 1
47.2234 -6.27787 0.596759 -4.50531 -0.008651254436481182 -0.14283233546253477 15.5169 17.6973 0.812654 0.715218 1754483208.548116 2 1 2
47.2707 -6.28982 0.81317 -4.46552 0.03098610248559197 -0.14294787625901678 17.4729 19.5611 0.774972 0.407121 1754483208.548116 2 1 1
47.4537 -6.22101 1.44518 -4.41972 0.07958356700997804 -0.14082311242763887 13.8538 15.9275 0.63343 0.351248 1754483208.548116 2 1 1
47.6446 -6.26403 1.37622 -4.38726 0.11157781624555962 -0.14117793786456934 18.4041 20.4959 0.908701 0.789834 1754483208.548116 2 1 1
47.6502 -6.21658 0.996444 -4.33769 0.16255478884055297 -0.140104734907518 14.6375 15.1867 0.793436 0.39977 1754483208.548116 2 1 1
35.7011 29.4798 7.01233 -3.71939 0.1499326572145785 0.7423932506283081 31.3732 14.4782 0.888938 0.647035 1754483208.548116 2 1 1
47.5094 -6.32884 0.623071 -4.55886 -0.062491373748723156 -0.14305189788243564 13.178 16.0687 0.894248 0.749462 1754483208.548116 2 1 1
47.6345 -6.30163 0.682225 -4.51111 -0.013414091862538058 -0.1420460646345113 17.6875 20.8016 0.818707 0.541872 1754483208.548116 2 1 2
48.0441 -6.29834 1.54813 -4.51887 -0.01938216782162705 -0.14068261342285335 24.1123 27.4602 0.932093 0.401212 1754483208.548116 2 1 1
48.2626 -6.20343 0.471082 -4.42181 0.08128146789096036 -0.13792115348034792 16.0108 19.3494 0.774188 0.481663 1754483208.548116 2 1 1
36.3276 29.8725 7.14431 -3.89701 -0.019702003877960284 0.7393668497053498 28.469 12.9025 0.707698 0.42975 1754483208.548116 2 1 1
21.3062 41.9214 0.0342765 -2.29005 0.1320487644418038 1.170550441410549 27.9763 9.53948 0.648914 0.547712 1754483208.548116 2 1 2
48.0921 -6.24611 0.254794 -4.58146 -0.0802712995812298 -0.13938251766304277 7.52991 9.84521 0.803258 0.522528 1754483208.548116 2 1 1
48.4212 -6.15759 0.258259 -4.50186 0.003155289087977131 -0.13643605281982593 32.0108 35.8061 0.922135 0.39064 1754483208.548116 2 1 2
48.6848 -6.81352 1.46681 -4.50062 -0.013400198501363647 -0.1498935885502534 24.38 28.8742 0.840105 0.4509 1754483208.548116 2 1 1
48.7695 -7.48902 0.47946 -4.44597 0.021445602138557618 -0.16419656177034692 27.1076 31.761 0.892309 0.652696 1754483208.548116 2 1 1
48.7435 -7.61602 1.58857 -4.36937 0.09402210909165909 -0.16702416969150294 23.4197 28.3744 0.837488 0.5 1754483208.548116 2 1 1
47.6357 -12.4359 1.0011 -4.27312 0.010142851229157479 -0.27505865412655034 27.7734 30.444 0.931402 0.5 1754483208.548116 2 1 1
47.173 -14.011 0.863995 -4.22045 -0.00811932779468183 -0.31090946229176586 28.7875 29.4416 0.994369 0.5 1754483208.548116 2 1 1
47.066 -13.9638 0.60622 -4.14223 0.07064555640279302 -0.31064417224546276 20.0487 19.6787 0.872775 0.874545 1754483208.548116 2 1 1
48.7723 -6.22869 0.0629521 -4.61639 -0.11201796814746068 -0.13693347165664432 23.2424 25.0466 0.94847 0.306523 1754483208.548116 2 1 1
48.7851 -6.2992 0.311312 -4.55633 -0.05389397204942803 -0.13842537910124905 22.6115 25.3318 0.874505 0.504977 1754483208.548116 2 1 1
48.9501 -7.16726 1.75411 -4.53012 -0.052133542535068855 -0.15664452209696747 25.7732 29.565 0.884109 0.695845 1754483208.548116 2 1 2
48.996 -7.48735 2.08488 -4.49405 -0.025445730645465403 -0.16335636026843686 31.362 36.0031 0.903309 0.721567 1754483208.548116 2 1 1
49.0593 -7.62244 1.80792 -4.4434 0.021420718129472327 -0.166023048832559 28.8097 34.2657 0.808054 0.579277 1754483208.548116 2 1 2
47.9352 -12.4618 -0.829392 -4.34392 -0.05833309097331618 -0.2738351783209023 31.8734 35.6562 0.815124 0.5 1754483208.548116 2 1 2
47.4058 -14.0791 0.784339 -4.27653 -0.0639160944005388 -0.31077158128085836 32.652 36.0207 0.964319 0.5 1754483208.548116 2 1 1
47.4402 -14.085 0.514652 -4.23469 -0.021857449991344424 -0.3106651161964867 23.9183 25.2377 0.866298 0.781569 1754483208.548116 2 1 2
49.3092 -7.36272 1.83125 -4.60203 -0.12815354385322753 -0.15960250611324747 17.0422 19.3788 0.881933 0.705101 1754483208.548116 2 1 1
49.2992 -7.53916 1.76975 -4.5498 -0.08125072386944598 -0.16339528111075635 24.4653 27.7541 0.908694 0.833845 1754483208.548116 2 1 1
49.3857 -7.58317 2.16903 -4.51294 -0.045284879980941106 -0.1640274393658287 24.7968 28.8595 0.809049 0.452803 1754483208.548116 2 1 1
48.1139 -7.13392 10.8204 -4.4403 0.03468662291532176 -0.15880628690848764 44.0767 29.2387 0.764217 0.5 1754483208.548116 2 1 1
47.8177 -14.1244 0.731046 -4.37315 -0.1568792079947201 -0.30898785478532015 25.0495 27.566 0.874209 0.5 1754483208.548116 2 1 1
48.0867 -14.1321 0.679554 -4.3551 -0.13557012655545364 -0.30739262384899735 18.1099 20.1049 0.410685 0.606189 1754483208.548116 2 1 1
49.9678 -8.379 0.168483 -4.36086 0.08559379072505724 -0.17866411953890354 14.5118 16.6595 0.627274 0.645646 1754483208.548116 2 1 1
49.9327 -8.56451 0.36752 -4.28658 0.15390554650201427 -0.18266965017223052 12.0351 12.2793 0.634106 0.650879 1754483208.548116 2 1 1
49.9748 -7.32148 1.62585 -4.60474 -0.12653179856379282 -0.1564841263387092 11.2938 13.5258 0.858614 0.519847 1754483208.548116 2 1 1
50.0067 -7.29642 1.80762 -4.55198 -0.07289873340621256 -0.15585179355071166 13.7017 16.1862 0.91406 0.597132 1754483208.548116 2 1 1
50.3266 -6.24506 1.35556 -4.50364 0.0060697940844312015 -0.13277941350397263 14.3343 16.8712 0.505412 0.60433 1754483208.548116 2 1 1
50.3353 -8.5039 0.506659 -4.4971 -0.05244605960531601 -0.1798771233690396 18.2734 20.5194 0.405324 0.707082 1754483208.548116 2 1 2
50.4327 -8.47713 0.710057 -4.45525 -0.009230681514275751 -0.1789573348532386 21.4034 23.5474 0.805018 0.882817 1754483208.548116 2 1 1
50.4157 -8.675 -0.0248879 -4.40506 0.034768486668479426 -0.18310772781448112 19.0503 20.881 0.894879 0.770043 1754483208.548116 2 1 2
46.5186 18.5623 10.4295 -4.22041 0.30253676832887066 0.40795151403190255 28.4149 10.4332 0.443105 0.351784 1754483208.548116 2 1 1
50.7815 -8.45146 0.706195 -4.58956 -0.1408495144777122 -0.1771369564434085 16.4938 18.9643 0.521063 0.796971 1754483208.548116 2 1 1
50.7471 -8.52057 0.740544 -4.52722 -0.08079206001783756 -0.17868157283142347 19.2768 21.7894 0.72205 0.859868 1754483208.548116 2 1 1
50.7311 -8.75235 -0.0664594 -4.47201 -0.03276599044054507 -0.18349693623767582 17.5542 20.1284 0.865446 0.761629 1754483208.548116 2 1 1
43.8691 26.5203 0.215591 -4.34883 -0.10691965807190229 0.5820393802720769 25.6412 21.1044 0.329677 0.301454 1754483208.548116 2 1 1
34.9382 37.0796 7.03338 -3.35731 0.14823396605589245 0.8686468780590738 31.283 8.42825 0.642788 0.39575 1754483208.548116 2 1 1
34.9309 37.2206 6.6622 -3.30485 0.19450884968545923 0.8706330627478434 32.0645 9.67764 0.579176 0.382939 1754483208.548116 2 1 1
46.1836 -23.9678 3.45372 -3.78292 -0.06681751039004702 -0.5123466379106915 16.8781 11.6767 0.874763 0.531002 1754483208.548116 2 1 2
45.4271 -23.3795 10.3252 -3.7489 -0.024365585423235636 -0.509388304828561 35.9369 15.6953 0.860915 0.368904 1754483208.548116 2 1 1
45.1304 -23.6627 11.3062 -3.71534 -0.014240945108147773 -0.5175826256666745 40.2269 17.0476 0.832359 0.475024 1754483208.548116 2 1 1
35.3232 37.3464 7.29658 -3.46857 0.04468320456563202 0.8661650198627379 33.9175 11.8531 0.431819 0.263574 1754483208.548116 2 1 2
35.1942 37.1305 8.97645 -3.41492 0.1009684566721818 0.8653150445170166 38.8038 13.3847 0.614895 0.222195 1754483208.548116 2 1 1
46.5125 -24.2708 3.4 -3.88664 -0.17650169312713704 -0.5144323063668246 14.6113 9.35721 0.642375 0.391644 1754483208.548116 2 1 1
45.592 -23.5827 10.7175 -3.80962 -0.09081774365315631 -0.5114006694561105 35.994 16.101 0.775355 0.410329 1754483208.548116 2 1 2
45.3106 -23.8665 11.4588 -3.77169 -0.07586111019203212 -0.5194134760520165 42.7643 20.1608 0.814812 0.411091 1754483208.548116 2 1 1
46.5235 -25.4852 3.66215 -3.83693 -0.1879173386169284 -0.5354931944506403 14.3789 9.66882 0.556405 0.410025 1754483208.548116 2 1 1
45.666 -24.1901 12.2062 -3.66753 0.022093517181480227 -0.5215637216904735 35.2519 9.83051 0.704902 0.36991 1754483208.548116 2 1 1
36.1972 37.5721 7.80316 -3.5299 0.01555184866157111 0.8557227149480559 30.9683 8.84276 0.555725 0.262755 1754483208.548116 2 1 1
53.0559 -6.90289 1.43292 -4.50039 0.0018218406328758263 -0.1385976430984209 16.0276 19.1524 0.454611 0.336572 1754483208.548116 2 1 1
49.4537 21.3204 0.275713 -4.42679 0.06132292795284222 0.43497968282828675 17.9612 19.3347 0.343013 0.484996 1754483208.548116 2 1 1
46.8235 -25.0137 2.22478 -3.87874 -0.19707938961624327 -0.5243143605916165 16.3019 12.0353 0.728447 0.304787 1754483208.548116 2 1 1
48.5291 -24.386 3.00339 -3.80492 -0.04541133125250418 -0.4969929764808973 20.2577 16.1686 0.924141 0.470898 1754483208.548116 2 1 1
48.5483 -24.333 3.00081 -3.77161 -0.009055930964799508 -0.49590389102765287 23.5223 19.8227 0.937162 0.426095 1754483208.548116 2 1 1
53.6744 -6.89242 0.799761 -4.61894 -0.11427012563395333 -0.13670326272830627 4.96122 9.49538 0.744394 0.660693 1754483208.548116 2 1 1
54.0171 8.15919 -1.02847 -4.54678 0.13914578161881508 0.16034898343432544 18.8629 23.8796 0.406627 0.531399 1754483208.548116 2 1 1
53.6507 14.1307 -0.200631 -4.195 0.45078763109644804 0.27500803957824255 16.6276 14.443 0.367271 0.51201 1754483208.548116 2 1 1
48.868 -24.5393 3.22146 -3.91424 -0.15327152029587365 -0.496471123034551 21.2767 17.2798 0.82721 0.50078 1754483208.548116 2 1 2
48.8293 -24.416 2.98977 -3.83958 -0.07372691445225099 -0.4947223031240527 23.2444 20.4371 0.913426 0.40503 1754483208.548116 2 1 1
38.3296 37.6023 7.94822 -3.5103 0.1286258120139676 0.8246628355795647 28.864 8.08724 0.721223 0.452995 1754483208.548116 2 1 1
54.2495 8.11819 -4.53474 -4.6393 0.04674422554210533 0.15883735376917313 22.1624 23.468 0.785758 0.47647 1754483208.548116 2 1 1
50.3215 22.7656 -0.336165 -4.4266 0.03624510670878145 0.4531537963293037 25.3401 26.199 0.709356 0.5 1754483208.548116 2 1 1
50.2365 -24.3893 1.28865 -3.78049 0.021682093827087634 -0.4815869551735434 10.9531 8.6017 0.548291 0.467055 1754483208.548116 2 1 1
50.1511 -24.3727 1.20474 -3.68901 0.11186564907896601 -0.48205993940083386 10.8517 8.97798 0.595716 0.586031 1754483208.548116 2 1 1
54.823 8.16414 2.88411 -4.77839 -0.09228221008388715 0.15796381647854998 6.6155 11.0152 0.87243 0.397739 1754483208.548116 2 1 1
54.6453 8.16459 -4.98184 -4.70725 -0.02118174741450929 0.1585128970612274 13.8521 15.028 0.874108 0.366899 1754483208.548116 2 1 1
52.5935 21.1257 0.63577 -4.41903 0.1052256812785286 0.40688337252968204 25.0631 26.687 0.783708 0.558894 1754483208.548116 2 1 1
52.6359 21.1806 0.249175 -4.39243 0.1310542180277965 0.40751343638965204 20.5627 20.4724 0.831821 0.631765 1754483208.548116 2 1 1
50.6254 -24.7091 1.30243 -3.88619 -0.08934784300317666 -0.4835295066310131 16.1962 13.7169 0.683978 0.597821 1754483208.548116 2 1 1
50.7199 -24.5788 1.14497 -3.83791 -0.0328562494398259 -0.48053452163459076 15.0627 13.0113 0.769174 0.710551 1754483208.548116 2 1 2
55.4423 8.99496 2.43698 -4.76824 -0.08354548679963258 0.17169851049419416 8.42061 13.0348 0.44306 0.369596 1754483208.548116 2 1 1
55.7568 -7.16062 -1.48948 -4.50449 0.0006238233077171529 -0.13635978193151377 16.482 21.272 0.328247 0.237818 1754483208.548116 2 1 1
52.921 21.1525 0.363732 -4.52395 0.002689828426727381 0.4049268584381964 22.5265 24.3323 0.700202 0.542465 1754483208.548116 2 1 2
52.9827 21.2235 0.274211 -4.50046 0.02525460053568196 0.40568782199206593 29.3745 31.3759 0.876043 0.686503 1754483208.548116 2 1 1
53.0115 21.2515 0.241912 -4.47513 0.050257173527742616 0.40595660269687306 25.7147 27.7247 0.859488 0.668625 1754483208.548116 2 1 2
53.1821 21.3491 0.096946 -4.45199 0.07289476788586757 0.4063685004003437 12.438 13.8727 0.474152 0.451051 1754483208.548116 2 1 1
51.0005 -25.043 0.948906 -3.99045 -0.19983218388575308 -0.4857914533415977 12.586 9.90106 0.432604 0.622458 1754483208.548116 2 1 1
51.2401 -24.5932 0.996143 -3.92351 -0.1068768545990868 -0.4762898808937406 13.0043 10.5654 0.653933 0.718452 1754483208.548116 2 1 1
51.8505 -23.9207 1.07136 -3.91533 -0.05490471795459051 -0.4600024683141295 10.885 9.08088 0.710234 0.688716 1754483208.548116 2 1 2
50.3718 -26.755 2.69083 -3.73485 -0.03876460007148985 -0.5193244642601648 10.1163 8.61934 0.704956 0.528485 1754483208.548116 2 1 2
50.3101 -26.8862 2.84307 -3.68737 0.0009770873287870963 -0.5220052899912281 11.7273 10.2274 0.75955 0.410269 1754483208.548116 2 1 1
53.2927 21.2868 0.223546 -4.60941 -0.082255643101802 0.40450274342996184 14.7345 16.1245 0.824516 0.667936 1754483208.548116 2 1 1
53.281 21.3105 0.157163 -4.56647 -0.03990646726374969 0.40498969029126825 22.56 23.6767 0.862271 0.681934 1754483208.548116 2 1 1
53.3168 21.3109 0.0104756 -4.52982 -0.0029492741453918114 0.404736617549729 19.8402 21.0692 0.807886 0.624889 1754483208.548116 2 1 1
53.421 22.2476 2.35135 -4.46109 0.04704693055489262 0.41975692109239227 14.6507 16.2392 0.670947 0.387984 1754483208.548116 2 1 2
54.031 21.3089 -2.74968 -4.44195 0.09113245946694715 0.39956695230532185 16.4135 16.3244 0.543088 0.39171 1754483208.548116 2 1 1
50.7032 -27.1313 2.54041 -3.84007 -0.15259614236766472 -0.522307231951823 9.89146 8.53996 0.691718 0.534332 1754483208.548116 2 1 1
50.6196 -27.2522 2.67461 -3.78373 -0.10406447109239414 -0.5250020203169024 12.446 10.7124 0.638188 0.559709 1754483208.548116 2 1 1
53.9292 21.9589 -3.00944 -4.52444 -0.005489957297511339 0.4111873544651001 14.7435 15.4631 0.519061 0.375511 1754483208.548116 2 1 1
54.6409 21.03 1.4462 -4.50803 0.03551807519582173 0.3906186492303469 20.2788 22.7184 0.77178 0.353166 1754483208.548116 2 1 1
52.7868 -25.3103 1.48018 -3.83199 -0.011828200257645083 -0.47499135593025676 8.39627 8.44295 0.771209 0.593016 1754483208.548116 2 1 1
54.9674 21.0218 0.960667 -4.56823 -0.02196680934072237 0.38824500144763463 15.5923 17.468 0.842613 0.419575 1754483208.548116 2 1 1
55.093 20.9154 0.933696 -4.53056 0.018675961972739685 0.38562002625263514 15.9275 17.8678 0.56614 0.347308 1754483208.548116 2 1 1
54.6906 21.8518 -4.59441 -4.50559 0.022234348993403152 0.4039494740570796 17.7418 16.8653 0.56384 0.374494 1754483208.548116 2 1 2
53.3273 -25.7177 1.60131 -3.97572 -0.16114345644107697 -0.4770456084598541 9.47963 8.87215 0.714977 0.779826 1754483208.548116 2 1 1
53.2857 -25.8969 1.01188 -3.91883 -0.11293596330205435 -0.48022734368623976 10.3149 9.61591 0.737259 0.544845 1754483208.548116 2 1 1
54.9882 22.3436 -4.65691 -4.57918 -0.05866789176517351 0.4099272267451602 11.4209 10.6683 0.400866 0.391971 1754483208.548116 2 1 1
54.8194 21.3404 13.4184 -4.50651 0.03246550980213403 0.3945665839983581 38.722 21.3337 0.736074 0.388003 1754483208.548116 2 1 1
56.7041 22.1577 2.13854 -4.5801 -0.04173420505891734 0.3950884374447044 10.5668 12.979 0.753028 0.42385 1754483208.548116 2 1 1
50.1503 -35.3747 1.06555 -4.22699 -0.9362767869424009 -0.6495138091541778 16.9014 11.3621 0.337579 0.398832 1754483208.548116 2 1 1
35.8278 47.6947 7.61169 -3.07954 0.07208963269796165 0.9761277440553886 26.3239 8.17837 0.76475 0.530133 1754483208.548116 2 1 1
57.7869 22.4298 -0.732894 -4.57541 -0.03375956771068633 0.3922644947149776 13.464 15.516 0.484867 0.529721 1754483208.548116 2 1 1
57.8049 22.452 -0.462715 -4.53328 0.008101800138908821 0.3924966235054928 12.9049 15.1368 0.490812 0.568609 1754483208.548116 2 1 2
61.5559 -11.3883 0.785226 -4.3998 0.023528178292309576 -0.19392876917684593 13.2246 18.1882 0.811067 0.631304 1754483208.548116 2 1 1
61.6441 -11.383 0.764869 -4.36887 0.05503634652409595 -0.19355526871691917 22.5385 27.5072 0.917664 0.515678 1754483208.548116 2 1 1
61.6395 -11.3934 0.0653096 -4.33536 0.08825733954646342 -0.19374201894688253 20.9705 25.7728 0.78937 0.39065 1754483208.548116 2 1 1
61.079 -13.4061 0.827311 -4.24566 0.12060039468976491 -0.22902384977594792 11.0639 14.5165 0.580643 0.78561 1754483208.548116 2 1 1
36.4308 48.2612 7.16994 -3.07011 0.09232280781022073 0.9730088406820747 27.5199 10.6095 0.852541 0.586013 1754483208.548116 2 1 2
36.3843 48.2381 7.35046 -3.02277 0.13815933910296208 0.9734434276658214 30.7883 13.7257 0.857709 0.726806 1754483208.548116 2 1 1
58.0624 22.8278 0.245763 -4.66381 -0.12734238017796518 0.39670635766130313 6.81971 8.86039 0.452144 0.462069 1754483208.548116 2 1 1
58.1177 22.7699 0.222573 -4.60969 -0.07173886304444732 0.3954427392828592 7.62645 9.72468 0.419919 0.55347 1754483208.548116 2 1 1
61.9822 -11.3964 0.811746 -4.48861 -0.06335519872522344 -0.19268260409092197 21.2205 25.7198 0.912093 0.678537 1754483208.548116 2 1 2
61.9908 -11.4035 0.695879 -4.44637 -0.02125258678668729 -0.1927716158827737 30.6525 35.0682 0.92282 0.514058 1754483208.548116 2 1 1
62.0096 -11.3764 0.157515 -4.41742 0.008478172274592133 -0.19226547039969535 29.4576 33.9423 0.740157 0.380742 1754483208.548116 2 1 2
61.5514 -13.6329 0.873352 -4.36714 -0.004133374775147303 -0.23092974931912572 19.3172 23.1093 0.805444 0.859992 1754483208.548116 2 1 2
36.5146 48.585 7.63624 -3.11499 0.040784378330021465 0.9749321935177725 26.8687 7.96377 0.739673 0.688394 1754483208.548116 2 1 1
62.2249 -11.4012 0.766785 -4.542 -0.11566886129277876 -0.19198447239012426 16.8302 21.6718 0.898289 0.637172 1754483208.548116 2 1 1
62.2177 -11.4174 0.604618 -4.4962 -0.07031258910463123 -0.19227245171670335 26.896 31.3877 0.906213 0.466052 1754483208.548116 2 1 1
61.8229 -13.8227 0.896321 -4.42695 -0.06745915280084347 -0.23297876586096705 17.2043 21.2955 0.743625 0.74937 1754483208.548116 2 1 1
61.7487 -15.0144 0.837106 -4.36864 -0.04367403046664009 -0.25256310539759547 12.6291 17.2122 0.690962 0.411967 1754483208.548116 2 1 2
62.7599 -11.2738 0.402644 -4.60998 -0.1778712722419611 -0.1882128158765645 5.07305 9.29842 0.649782 0.366784 1754483208.548116 2 1 1
61.5333 -11.3742 12.3505 -4.55576 -0.1321858897099446 -0.19376994421491445 18.3972 10.636 0.451492 0.495985 1754483208.548116 2 1 1
58.4689 -26.5689 1.66388 -3.92719 -0.04229838704140665 -0.4507330246567876 10.0701 9.63061 0.357337 0.296173 1754483208.548116 2 1 1
63.777 -12.0734 0.527226 -4.48928 -0.0721473042869416 -0.19790637454214102 6.46709 10.0245 0.383947 0.861496 1754483208.548116 2 1 1
63.84 -12.1831 0.606473 -4.45276 -0.03805752034518939 -0.19945448158865997 5.47354 9.43952 0.412127 0.756754 1754483208.548116 2 1 2
62.4571 20.71 3.70228 -4.49983 0.09771149851894734 0.33817848652492527 11.3217 13.0378 0.873593 0.53772 1754483208.548116 2 1 1
62.285 20.576 4.30352 -4.421 0.17755141252298312 0.3370649664621529 11.1211 10.2039 0.651772 0.391781 1754483208.548116 2 1 1
46.5775 -45.2265 0.44941 -3.60869 -0.8955908990928116 -0.8105431219309306 22.0101 8.51644 0.337805 0.579458 1754483208.548116 2 1 1
38.7507 50.9447 6.26093 -3.06615 0.118967025457823 0.9664306947313082 29.0888 11.9648 0.704187 0.395143 1754483208.548116 2 1 1
62.752 20.9059 3.75098 -4.57802 0.018256684589855965 0.3395642779510088 14.7826 16.9065 0.92877 0.559759 1754483208.548116 2 1 1
62.6989 20.7232 4.61323 -4.53388 0.0646414190818625 0.3370981277179408 13.6722 13.5199 0.807059 0.461527 1754483208.548116 2 1 2
47.5696 -45.2301 0.182005 -3.69141 -0.9350934202149896 -0.7991880098174555 20.6756 8.86627 0.351192 0.500042 1754483208.548116 2 1 1
63.0282 21.0052 4.7277 -4.67228 -0.0760272948389229 0.3395904578897887 9.55154 9.05442 0.890082 0.5101 1754483208.548116 2 1 1
66.512 -8.43495 5.96275 -4.47324 0.035910331747768254 -0.1332176656791484 9.52044 12.2029 0.759098 0.442709 1754483208.548116 2 1 1
61.8728 -26.3138 -1.39495 -3.88348 0.07019708938835434 -0.4239596739311946 13.9135 11.7707 0.640324 0.300698 1754483208.548116 2 1 1
66.8842 -8.51194 6.0191 -4.55399 -0.04537744182389769 -0.133638290028879 8.88746 11.2151 0.823895 0.452442 1754483208.548116 2 1 1
62.1863 -26.6958 -1.05322 -4.02965 -0.0845606124344358 -0.42736306597258356 15.845 14.9898 0.817354 0.483658 1754483208.548116 2 1 2
62.4148 -27.1156 -1.37136 -4.11588 -0.18204960252574942 -0.43179794760190116 13.6573 13.5581 0.610014 0.467214 1754483208.548116 2 1 1
63.7671 -25.8285 0.861402 -3.92595 0.07397197240173581 -0.40530908554438316 13.0747 12.003 0.726786 0.522616 1754483208.548116 2 1 1
69.245 1.57112 0.0689926 5.13203 9.785551577794102 0.02391816660225549 4.39187 8.39297 0.879689 0.84122 1754483208.548116 1 1 1
64.1443 -25.8956 0.978854 -4.05378 -0.050630355752449674 -0.40398612597137146 20.0267 19.9579 0.793882 0.684407 1754483208.548116 2 1 2
64.1933 -25.9504 0.831289 -4.02012 -0.018123507919924897 -0.40445911019866193 24.3773 23.8737 0.866829 0.671964 1754483208.548116 2 1 1
70.1382 1.72337 5.94667 -4.58507 0.06953544197133166 0.02588305827415071 14.3033 18.2088 0.645143 0.595306 1754483208.548116 2 1 1
69.9974 2.53531 7.21818 -4.54728 0.11368472216154313 0.03814818505961566 18.1315 20.7664 0.591003 0.667838 1754483208.548116 2 1 1
64.4746 -26.0586 1.00456 -4.13054 -0.1281306531457016 -0.4042898132612185 18.0995 18.441 0.833876 0.764886 1754483208.548116 2 1 1
64.3887 -26.0488 0.795235 -4.06711 -0.06561164000513475 -0.4046633137211453 23.3242 23.6767 0.850819 0.681683 1754483208.548116 2 1 1
62.5294 -26.0653 15.5679 -4.0294 -0.05645318695852364 -0.4162557906128916 34.6805 19.0378 0.807675 0.448235 1754483208.548116 2 1 1
64.8833 -26.0058 1.15388 -4.03083 -0.020776024871321574 -0.4011464752783767 15.4544 15.0339 0.628173 0.647303 1754483208.548116 2 1 1
65.0635 -25.3347 0.798927 -3.92668 0.10825606286097234 -0.39080016347255436 12.595 11.9265 0.430404 0.417341 1754483208.548116 2 1 1
70.4404 1.73323 5.58411 -4.69917 -0.04454794718389454 0.02591342700313541 4.36992 8.24599 0.447276 0.53893 1754483208.548116 2 1 2
70.4493 1.75636 6.18693 -4.65485 -4.1133046098096315e-05 0.026255511536526298 20.1258 24.0324 0.596538 0.60803 1754483208.548116 2 1 2
70.4367 1.81107 6.83213 -4.62654 0.028715848969447677 0.027078085212991227 24.721 27.4572 0.54208 0.567112 1754483208.548116 2 1 1
64.7109 -26.9524 -2.43101 -4.12578 -0.15020168925336286 -0.4151963757569311 10.5002 10.3303 0.475847 0.446402 1754483208.548116 2 1 1
65.2901 -26.0072 1.25318 -4.0913 -0.07555014844239949 -0.3987937714466883 17.0086 16.4685 0.814158 0.494629 1754483208.548116 2 1 1
70.7069 1.78747 6.45295 -4.71626 -0.061253856587349276 0.02661784188924032 15.9906 18.8614 0.519464 0.59867 1754483208.548116 2 1 1
70.694 1.8722 6.82548 -4.67532 -0.019629046408625506 0.027884427327412607 20.7943 23.9119 0.492858 0.519262 1754483208.548116 2 1 1
70.8108 1.80712 6.58948 -4.63715 0.017992434255914347 0.026868820235677104 19.4891 22.6566 0.455997 0.378658 1754483208.548116 2 1 1
69.691 18.8264 2.10196 -4.51763 0.12667670308447665 0.27738517801945883 8.16021 9.74526 0.513857 0.591716 1754483208.548116 2 1 1
69.694 18.7864 1.95038 -4.43435 0.2103146506553326 0.27681445535405663 6.33608 8.13134 0.408365 0.589725 1754483208.548116 2 1 1
70.1958 16.0056 7.79212 -4.68777 -0.021333863281032706 0.23576431134715004 10.6822 10.004 0.602533 0.26013 1754483208.548116 2 1 1
70.2169 18.9835 1.93484 -4.6172 0.0270419581725303 0.27748815244532643 14.6521 16.3597 0.911238 0.542948 1754483208.548116 2 1 1
70.2778 18.8774 1.86385 -4.58063 0.06468208105211204 0.27577598444912005 13.3885 15.2808 0.880348 0.571952 1754483208.548116 2 1 2
70.4958 19.1002 1.94182 -4.67741 -0.033492505067926004 0.2780030245746648 11.2766 12.879 0.925304 0.496259 1754483208.548116 2 1 1
70.5735 18.9463 1.94006 -4.64357 0.0018688015230958754 0.2755717809266367 10.7574 12.4939 0.885292 0.511853 1754483208.548116 2 1 1
69.2869 -26.0314 1.67461 -4.12816 -0.06106152679925447 -0.3771516887219587 7.6784 9.41013 0.696891 0.494191 1754483208.548116 2 1 2
69.1677 -26.4002 1.88477 -4.08056 -0.02626052951873792 -0.38262155059770886 10.6072 11.6032 0.781706 0.540187 1754483208.548116 2 1 1
69.5712 -26.7255 1.3838 -4.19031 -0.1410133781761358 -0.38474561629738596 8.96377 10.4096 0.601813 0.468107 1754483208.548116 2 1 1
52.1933 53.0697 -4.0407 -3.51812 0.107682264381876 0.8290942265503783 21.7507 8.91037 0.61753 0.260396 1754483208.548116 2 1 1
76.9619 -14.6814 0.222072 -4.45053 -0.03265965558171402 -0.19743513564410256 5.64279 9.06324 0.555239 0.568409 1754483208.548116 2 1 1
76.9318 -14.8038 -0.0249296 -4.39218 0.023052164807428888 -0.19911763304302507 5.25127 8.50762 0.645918 0.607522 1754483208.548116 2 1 2
82.2361 4.48842 0.16583 -4.56102 0.1083496280301901 0.056994773921426024 6.04109 10.6389 0.804094 0.579704 1754483208.548116 2 1 1
76.4261 -28.9813 2.39497 -4.06816 -0.004435274652101917 -0.378598566671862 10.0152 10.9535 0.70379 0.604248 1754483208.548116 2 1 1
76.3522 -29.0992 2.94514 -4.01406 0.045583745918910346 -0.3803438959238563 9.70261 10.8212 0.740052 0.395571 1754483208.548116 2 1 2
82.6314 4.61957 0.456843 -4.68826 -0.018344411034479258 0.05836381018669038 10.1222 14.9545 0.894064 0.775201 1754483208.548116 2 1 2
82.6961 4.50263 0.496115 -4.65676 0.012548605076887043 0.056843104809427725 16.8517 21.5601 0.933346 0.649211 1754483208.548116 2 1 1
82.7773 4.38392 0.254448 -4.63376 0.034918018299336495 0.05529115803855436 14.6074 19.3641 0.936406 0.743101 1754483208.548116 2 1 1
82.7495 4.40389 0.144833 -4.56001 0.108778818984133 0.05556185860553869 5.40605 10.1186 0.611066 0.454711 1754483208.548116 2 1 1
76.9647 -29.0046 2.32184 -4.18303 -0.11406721473195525 -0.3763505825952933 9.86539 10.9506 0.728625 0.625161 1754483208.548116 2 1 1
76.9203 -29.1241 2.02871 -4.13401 -0.06880694079334138 -0.377965012153388 9.75912 10.5978 0.740057 0.387432 1754483208.548116 2 1 1
82.9393 4.62555 0.576936 -4.75704 -0.08718411854828201 0.05821301373931807 8.03338 11.8325 0.919278 0.802766 1754483208.548116 2 1 1
82.9399 4.46059 0.309057 -4.70337 -0.034345297802137686 0.0561409588513504 15.7163 19.3641 0.946138 0.767369 1754483208.548116 2 1 1
83.0434 4.34029 0.311295 -4.68096 -0.012583379046877674 0.05455899241734274 15.8003 19.4876 0.96033 0.61555 1754483208.548116 2 1 1
83.1987 4.31807 0.196297 -4.66025 0.007967340243489218 0.054174496383128386 9.87002 13.9315 0.858868 0.637087 1754483208.548116 2 1 2
77.9503 -29.0369 3.08351 -4.01833 0.060273804385047036 -0.37218971765853875 8.2497 9.43952 0.662364 0.564215 1754483208.548116 2 1 1
83.4919 4.29144 0.411305 -4.76262 -0.09462359026782075 0.05364391629052212 6.31873 9.23668 0.926631 0.71786 1754483208.548116 2 1 1
78.4022 -29.3811 2.08295 -4.1971 -0.12299249057955475 -0.37413401444526045 8.30585 8.67519 0.730341 0.542372 1754483208.548116 2 1 2
78.3562 -29.3967 2.73461 -4.13528 -0.06207440744428716 -0.3745232228684552 9.48542 9.77172 0.749379 0.625669 1754483208.548116 2 1 1
74.6946 40.2286 6.65136 -4.3076 0.05870214828710196 0.5147464656321836 11.7814 9.7629 0.703261 0.486558 1754483208.548116 2 1 2
74.8078 40.187 6.37341 -4.2686 0.09961348356643107 0.5136224735938992 15.3299 13.0113 0.851496 0.534694 1754483208.548116 2 1 1
75.0238 40.6488 6.38705 -4.41579 -0.05372177431568037 0.5172248331700156 11.0699 8.36064 0.666798 0.423066 1754483208.548116 2 1 1
75.0356 40.5892 6.20571 -4.35436 0.008909563226438877 0.5165232108107138 14.3444 11.5708 0.770817 0.501514 1754483208.548116 2 1 1
71.1371 -47.9501 7.85927 -3.45987 -0.06300726074561736 -0.6171833300902348 14.6956 7.96083 0.683932 0.674079 1754483208.548116 2 1 2
71.123 -48.3252 7.70104 -3.40253 -0.017903721044171483 -0.6209654585793065 23.1722 14.7575 0.944882 0.438384 1754483208.548116 2 1 1
71.3455 -48.0354 7.99988 -3.36055 0.0382958047635058 -0.6165689741935327 17.3912 9.06912 0.843697 0.453024 1754483208.548116 2 1 1
71.298 -48.4661 8.22982 -3.45478 -0.07064599848066644 -0.6211173022242301 22.3424 13.126 0.932824 0.381035 1754483208.548116 2 1 1
71.5786 -48.3422 7.9515 -3.43415 -0.0397735355681057 -0.6179530202903644 18.8926 9.71292 0.896802 0.504427 1754483208.548116 2 1 2
89.0184 -29.5321 1.79057 -4.1099 0.05653515304293233 -0.33276098452673486 6.14906 8.24011 0.417172 0.368082 1754483208.548116 2 1 1
89.6321 -29.4053 1.57846 -4.2882 -0.11423224319004355 -0.3292389100962103 5.08077 7.99317 0.400307 0.628217 1754483208.548116 2 1 2
89.5892 -29.492 1.28122 -4.21122 -0.03950510083239056 -0.33029483429366685 9.24486 12.05 0.694361 0.81682 1754483208.548116 2 1 2
89.5574 -30.0614 0.884947 -4.17782 -0.019048331430384202 -0.3363197108715513 11.2845 13.6198 0.751671 0.608079 1754483208.548116 2 1 2
89.2452 -31.1605 1.28392 -4.13258 -0.0011701563390635883 -0.3488319762790987 11.392 13.7198 0.795413 0.562424 1754483208.548116 2 1 1
89.099 -31.5081 1.37755 -4.06073 0.061503503415391236 -0.35296317061856924 7.51712 9.63943 0.511979 0.529213 1754483208.548116 2 1 1
90.0703 -29.585 1.35747 -4.32024 -0.1469345843402703 -0.3295495787030653 4.08193 7.92262 0.526383 0.64309 1754483208.548116 2 1 1
89.8049 -30.4723 0.912845 -4.24247 -0.09095891388984256 -0.33966899770612846 9.29426 12.6938 0.850715 0.659591 1754483208.548116 2 1 1
89.6051 -31.3331 1.21836 -4.2051 -0.07463669890597568 -0.3492595819458373 13.4976 16.3156 0.82867 0.758725 1754483208.548116 2 1 1
89.5986 -31.8455 1.28407 -4.18577 -0.06704016563275683 -0.35453222161611214 12.1939 14.5459 0.46407 0.691129 1754483208.548116 2 1 2
91.0596 -29.0137 1.04006 -4.26842 -0.07538330769012092 -0.3202120672048957 9.36233 11.8825 0.585223 0.256214 1754483208.548116 2 1 1
93.8931 -29.1345 1.87782 -4.10024 0.10980395318090252 -0.3120212370252863 6.01926 9.58357 0.765223 0.810728 1754483208.548116 2 1 1
94.348 -29.2635 1.47967 -4.24735 -0.036943127207751836 -0.31184495877083485 11.5945 15.3572 0.864559 0.737634 1754483208.548116 2 1 1
94.3919 -29.2015 1.58345 -4.21217 -0.00020155294878865249 -0.3110857405462173 17.5173 21.0839 0.943405 0.850188 1754483208.548116 2 1 1
94.3655 -29.246 1.59803 -4.1688 0.04208098633711099 -0.31161457530957154 11.6956 15.0868 0.894691 0.758081 1754483208.548116 2 1 1
95.4641 27.5646 2.49426 -4.57121 0.0638178140861676 0.29142111586399716 3.95926 7.91968 0.48053 0.656235 1754483208.548116 2 1 2
94.7986 -29.4536 1.55462 -4.36487 -0.15537966120060354 -0.3122900177300934 11.8387 15.322 0.831681 0.564773 1754483208.548116 2 1 2
94.7142 -29.3089 1.50049 -4.2886 -0.0767068835258442 -0.3111223924605092 17.4452 21.0868 0.94139 0.779471 1754483208.548116 2 1 1
94.7869 -29.3058 1.45049 -4.26042 -0.04798893211327471 -0.31086059307271 12.4009 16.0745 0.892478 0.672294 1754483208.548116 2 1 2
100.121 3.5443 2.63365 -4.63532 0.024926664066169835 0.03669258046345238 6.9243 13.7286 0.588278 0.524794 1754483208.548116 2 1 2
100.089 3.94453 1.74764 -4.56262 0.0996490935431753 0.040845242352722494 8.14793 14.6252 0.437452 0.506228 1754483208.548116 2 1 1
98.0938 16.7648 10.7063 -4.48121 0.2029318695301301 0.1755347441900777 12.8705 15.319 0.488065 0.277458 1754483208.548116 2 1 1
100.501 3.90055 1.8193 -4.70386 -0.04189091070040529 0.040218669151256534 5.04223 11.3239 0.670771 0.524537 1754483208.548116 2 1 1
99.2323 17.0202 2.08291 -4.67261 0.011448107600533497 0.17607754158744793 10.8371 15.8482 0.700916 0.390072 1754483208.548116 2 1 2
99.2781 16.8659 5.01168 -4.63783 0.04647783476835432 0.17443169610281728 14.4655 19.6463 0.611101 0.319448 1754483208.548116 2 1 1
99.6115 16.7067 5.42205 -4.70361 -0.018987813495587424 0.17222909058680044 10.0492 14.6723 0.672886 0.386442 1754483208.548116 2 1 1
98.0098 25.0436 6.93078 -4.63545 0.019509775353714787 0.25921455517694586 9.50115 11.659 0.548355 0.394278 1754483208.548116 2 1 2
97.8833 24.9903 8.89172 -4.56995 0.08511602961322673 0.25901907830072246 12.6934 12.003 0.671379 0.297391 1754483208.548116 2 1 1
95.9844 33.1774 2.26797 -4.46319 0.12834457172342884 0.34467634733010016 9.58138 12.0353 0.708639 0.340406 1754483208.548116 2 1 1
93.0611 42.4077 2.7518 -4.49166 -0.013867276375045812 0.4425317225016662 12.5755 14.9751 0.421654 0.296901 1754483208.548116 2 1 1
97.2128 31.2957 2.34374 -4.18253 0.4286777593366917 0.3225333551100481 6.87494 10.0304 0.360141 0.416382 1754483208.548116 2 1 1
98.8827 25.2099 9.40677 -4.61541 0.03989633996691477 0.2585757646707159 7.52824 8.5576 0.556925 0.434975 1754483208.548116 2 1 1
99.6821 23.9189 9.76352 -4.58734 0.07540038237884872 0.24390976296620756 21.6004 23.6944 0.735875 0.352233 1754483208.548116 2 1 1
98.7637 26.3717 13.1172 -4.48583 0.16284072186601684 0.27025376269581 15.9902 15.9893 0.626882 0.52672 1754483208.548116 2 1 1
98.1994 -30.3248 1.42112 -4.24231 -0.02835630445202142 -0.3101188281406124 6.79122 11.1299 0.410587 0.380361 1754483208.548116 2 1 1
77.3087 67.7482 3.03066 -3.78036 0.08713404226813193 0.7430844010120978 14.6541 8.20189 0.850278 0.537246 1754483208.548116 2 1 1
99.9541 24.0521 9.60756 -4.64603 0.01640663485196736 0.24455029880168946 22.5084 22.8653 0.795334 0.39738 1754483208.548116 2 1 1
99.1707 26.3069 13.2246 -4.57558 0.07411148610915941 0.2685276320655876 18.7577 18.0883 0.823243 0.512813 1754483208.548116 2 1 2
100.457 24.0247 9.56169 -4.75061 -0.08747114201113781 0.24306327827899032 8.37531 9.9775 0.645875 0.402174 1754483208.548116 2 1 1
99.3286 27.1093 13.2494 -4.70322 -0.0579729789439174 0.2758807042042397 13.2688 12.8173 0.705014 0.28901 1754483208.548116 2 1 1
99.669 26.1798 13.3477 -4.66078 -0.009601922736338864 0.2659707247114159 11.0836 10.5419 0.557945 0.428687 1754483208.548116 2 1 1
99.0938 25.0502 23.2588 -4.6191 0.0373376372693448 0.25646566160505474 22.5499 9.77172 0.703865 0.281216 1754483208.548116 2 1 1
100.994 26.1488 16.8686 -4.55173 0.10157275368487184 0.2622217574781321 12.3622 8.86921 0.759306 0.554711 1754483208.548116 2 1 2
100.687 26.4081 18.4191 -4.50057 0.15087673713918104 0.26550297647188137 16.2184 10.78 0.784512 0.555366 1754483208.548116 2 1 1
100.542 26.3957 19.1382 -4.43165 0.21964849854831314 0.2657612852011766 14.2243 8.42531 0.699006 0.416994 1754483208.548116 2 1 1
101.008 26.6847 18.7929 -4.59452 0.0558845804453485 0.26730764691844355 15.3153 9.73644 0.842119 0.523641 1754483208.548116 2 1 1
100.865 26.6039 20.083 -4.54836 0.10227466877254976 0.26691145717824083 17.0604 8.90449 0.796163 0.546075 1754483208.548116 2 1 2
101.024 -37.7744 3.01172 -4.05725 0.02689832677946047 -0.3697829086200386 6.8879 9.0603 0.710454 0.597802 1754483208.548116 2 1 1
101.035 -37.8405 2.94897 -4.01029 0.07258987918755455 -0.3703344326636688 7.54324 9.75996 0.855191 0.810938 1754483208.548116 2 1 1
101.415 -37.9741 2.47602 -4.14503 -0.06186902848886522 -0.3702122596160292 11.1122 14.1402 0.876834 0.804479 1754483208.548116 2 1 2
101.438 -37.8729 3.47319 -4.08634 -0.0009284761232475347 -0.3692331299056604 11.6951 15.0045 0.899097 0.770818 1754483208.548116 2 1 2
101.288 -38.8075 5.3896 -4.07745 -0.01241383340977631 -0.3780365706527198 11.8767 15.4366 0.8597 0.580014 1754483208.548116 2 1 1
101.153 -39.3016 5.19578 -4.02945 0.024250258198196484 -0.38287636866850006 9.79641 13.4699 0.834115 0.518526 1754483208.548116 2 1 1
101.753 -38.3164 2.16834 -4.24862 -0.16975834882213547 -0.37207801658641115 6.36874 9.21904 0.790898 0.724126 1754483208.548116 2 1 1
101.643 -38.4803 4.59587 -4.1652 -0.09056295272954173 -0.3739053763132492 7.20221 10.4096 0.737885 0.633735 1754483208.548116 2 1 1
101.506 -39.1093 5.62368 -4.12956 -0.0689561118717732 -0.3799337435496376 14.2229 17.4562 0.868731 0.485041 1754483208.548116 2 1 1
101.44 -39.4172 5.6806 -4.10005 -0.046345636712789684 -0.3828746233392481 13.7014 16.8683 0.801222 0.413332 1754483208.548116 2 1 2
99.6837 -38.1157 23.8869 -4.2333 -0.16711635867839902 -0.37754438780365734 21.0037 10.2509 0.768095 0.466558 1754483208.548116 2 1 1
99.7959 -37.8897 23.8664 -4.18308 -0.11124261470346752 -0.3751131441556293 21.5872 10.636 0.708338 0.388478 1754483208.548116 2 1 1
110.548 18.0438 6.09425 -4.59856 0.08670656119244846 0.16709607725668513 4.22216 10.1451 0.524495 0.32664 1754483208.548116 2 1 1
104.87 -39.838 4.68816 -3.9605 0.11232118045624029 -0.37468902914739466 5.81613 9.6894 0.865592 0.50055 1754483208.548116 2 1 1
111.037 17.6158 5.66485 -4.67297 0.012771240808412188 0.16247322366692774 4.07788 10.101 0.60963 0.382628 1754483208.548116 2 1 2
102.374 -37.5974 27.6165 -4.13997 -0.0416968498290764 -0.3636044430679786 26.1811 10.1333 0.745756 0.445386 1754483208.548116 2 1 2
105.378 -39.7577 4.58293 -4.10549 -0.027152153419562453 -0.3723049093891704 12.5361 16.2921 0.910946 0.586497 1754483208.548116 2 1 2
105.333 -39.975 4.75911 -4.06801 0.005701227342270521 -0.3743050567119559 17.0521 20.8046 0.938219 0.570522 1754483208.548116 2 1 1
105.381 -39.8682 4.68548 -4.02854 0.04764401625118886 -0.37323691520973534 11.4021 15.0221 0.798655 0.432774 1754483208.548116 2 1 1
108.331 17.8863 27.5612 -4.68557 -0.0005407718799013139 0.16910372949525418 23.2764 9.67176 0.828425 0.2476 1754483208.548116 2 1 1
105.57 -40.0604 5.03849 -4.16766 -0.09379509811290632 -0.3742387342003801 11.8961 15.9952 0.941393 0.610102 1754483208.548116 2 1 1
105.521 -40.1546 4.88029 -4.12117 -0.04953918322596529 -0.37520215594748096 16.9422 20.0667 0.938633 0.549311 1754483208.548116 2 1 1
105.597 -40.1387 4.69362 -4.09302 -0.020486190119795467 -0.3748129475242863 12.0139 14.7075 0.802517 0.36801 1754483208.548116 2 1 2
112.274 19.2156 6.12978 -4.64211 0.04211871478170526 0.17496227619542354 3.64828 10.4508 0.56022 0.256693 1754483208.548116 2 1 1
112.53 18.9903 5.73839 -4.61193 0.07264723514500648 0.1725540708935218 2.3134 9.42483 0.598634 0.606946 1754483208.548116 2 1 1
112.485 19.1372 6.02818 -4.53076 0.15362104072409366 0.1739327064696721 0.993113 8.10488 0.504854 0.525322 1754483208.548116 2 1 1
105.958 -40.4784 5.32835 -4.24391 -0.17526384179195187 -0.37648671827694885 5.19974 9.52772 0.786446 0.340933 1754483208.548116 2 1 1
113.066 18.7896 5.30929 -4.70054 -0.015615811516444644 0.16994480366179027 4.46124 10.5801 0.757008 0.61861 1754483208.548116 2 1 1
113.143 18.576 5.27702 -4.65782 0.027349781207177237 0.16793418436349278 4.25258 10.4096 0.710568 0.455262 1754483208.548116 2 1 2
112.801 28.6795 4.8663 -4.54489 0.11138981578001417 0.2567623675778938 6.14401 10.4038 0.800983 0.455375 1754483208.548116 2 1 1
112.864 28.846 4.49417 -4.51409 0.14150181274049167 0.2580469299073616 9.94601 14.0343 0.862622 0.562384 1754483208.548116 2 1 1
108.999 -40.2804 -1.39084 -4.05686 0.038354096626711964 -0.3649483465920143 4.72698 8.22541 0.795533 0.448636 1754483208.548116 2 1 1
113.279 28.8261 4.46861 -4.63862 0.017563064070779788 0.2569438818201012 13.2453 17.2328 0.928142 0.607386 1754483208.548116 2 1 2
113.321 28.8205 4.2106 -4.61178 0.04447936186600643 0.25680076482143765 18.7126 22.6596 0.940672 0.525623 1754483208.548116 2 1 1
113.279 28.5767 3.97078 -4.54362 0.11368837960648204 0.2548145801326681 11.2137 15.1691 0.914416 0.392151 1754483208.548116 2 1 2
109.326 -40.6658 -2.43802 -4.14613 -0.05581778508541024 -0.36709510157196734 6.96944 9.9775 0.861651 0.611723 1754483208.548116 2 1 2
109.344 -40.8617 -3.16321 -4.11652 -0.029770435006415852 -0.36865018993549425 8.32406 11.5767 0.839707 0.533502 1754483208.548116 2 1 1
113.537 28.9834 4.5807 -4.70427 -0.04849421851395341 0.2577048453739707 10.7836 14.7605 0.914964 0.638057 1754483208.548116 2 1 1
113.565 28.8197 4.10121 -4.6708 -0.014248429834872844 0.2562509861070595 16.3167 20.393 0.943616 0.503207 1754483208.548116 2 1 1
113.808 28.3354 3.68753 -4.63012 0.028851849096195537 0.2515909570042346 5.5885 9.75408 0.746844 0.470156 1754483208.548116 2 1 1
109.987 29.8383 28.2327 -4.59741 0.049382270872387224 0.27337092073987185 31.3434 13.0819 0.773876 0.222562 1754483208.548116 2 1 1
110.938 29.4261 27.3565 -4.67689 -0.026597178668849253 0.2674996331361629 21.9775 10.0451 0.731024 0.238368 1754483208.548116 2 1 1
114.518 29.6079 4.72383 -4.6037 0.05040045158690454 0.26078360617448876 9.56883 13.1495 0.802221 0.759974 1754483208.548116 2 1 1
114.921 29.3792 4.94642 -4.67263 -0.01699402264702954 0.2579648994325179 7.0574 10.3538 0.717665 0.786303 1754483208.548116 2 1 1
114.395 32.161 4.32212 -4.64934 -0.008268249952076978 0.2824379062039824 4.7343 8.71635 0.619653 0.396189 1754483208.548116 2 1 2
114.804 31.0947 3.42469 -4.59333 0.05393982049224366 0.2725855225764744 6.74894 10.7213 0.843883 0.533169 1754483208.548116 2 1 1
115.099 31.5995 3.66762 -4.67726 -0.032145424697622715 0.276093634372983 3.44732 7.87852 0.783664 0.555575 1754483208.548116 2 1 1
116.225 28.3414 4.33551 -4.58041 0.08110899026939755 0.24646143433262327 6.44897 10.2891 0.709347 0.450545 1754483208.548116 2 1 1
114.145 37.8944 3.86835 -4.5847 0.019986174995876738 0.3301604439412633 7.08791 11.0946 0.529326 0.482088 1754483208.548116 2 1 1
116.112 31.9431 3.77012 -4.54242 0.10240397970004445 0.2765596372832655 5.18519 9.53654 0.513678 0.528021 1754483208.548116 2 1 1
116.804 31.2134 3.97911 -4.62599 0.023438592799487346 0.2689744363540981 6.04356 9.90988 0.750625 0.686947 1754483208.548116 2 1 2
117.067 31.1098 4.14879 -4.5973 0.05297451715721824 0.2675310490626988 7.96269 11.8119 0.756678 0.760948 1754483208.548116 2 1 1
117.087 31.8798 3.87856 -4.57808 0.0684596090407501 0.27378456377259447 10.7655 14.5988 0.859413 0.648689 1754483208.548116 2 1 1
116.96 32.1514 3.86733 -4.51595 0.12903844794994423 0.27629609256621435 9.23029 13.1848 0.843846 0.53498 1754483208.548116 2 1 1
117.301 31.6755 4.32934 -4.66077 -0.012923551600731109 0.2716308274756335 8.0819 11.1946 0.825642 0.723079 1754483208.548116 2 1 2
117.348 31.9913 3.87844 -4.63375 0.012599323359511416 0.2740952323794495 14.8783 17.9824 0.908774 0.63905 1754483208.548116 2 1 1
113.794 30.9933 29.2614 -4.59793 0.04841290142254007 0.27410570435496145 35.5221 16.3773 0.839617 0.505514 1754483208.548116 2 1 2
118.836 26.4642 6.43869 -4.56646 0.10412271946847973 0.2256797989291268 3.32418 7.99611 0.601401 0.457038 1754483208.548116 2 1 1
117.751 32.0327 3.89384 -4.7179 -0.07119399247678437 0.2735122924092834 7.376 10.977 0.86735 0.494656 1754483208.548116 2 1 1
119.142 26.189 9.53975 -4.64147 0.030194648624557452 0.222840148236132 5.10579 8.81924 0.789591 0.477254 1754483208.548116 2 1 2
121.365 -17.7955 1.90066 -4.51371 -0.026550636724481436 -0.14993826897910448 3.44997 8.84864 0.643585 0.50607 1754483208.548116 2 1 2
121.323 -18.3195 1.21249 -4.46266 0.018503757811405563 -0.15433824402338217 6.53013 11.9706 0.774478 0.610424 1754483208.548116 2 1 1
118.936 -31.1135 7.05546 -4.34409 -0.038990176278645094 -0.26342603466200815 13.8352 15.8717 0.848391 0.350519 1754483208.548116 2 1 1
118.927 -31.5501 5.6745 -4.29564 0.0028671037905745322 -0.2669707983728086 7.23842 10.9153 0.740499 0.4253 1754483208.548116 2 1 2
121.788 -17.906 1.50415 -4.60254 -0.1159018153970175 -0.1503232886120944 2.97272 8.20777 0.464807 0.361534 1754483208.548116 2 1 1
121.73 -18.5052 0.568318 -4.55512 -0.0753459929413749 -0.1553491387261373 6.98459 12.3058 0.482439 0.314082 1754483208.548116 2 1 1
119.495 -31.1578 5.72413 -4.44648 -0.13979771033410238 -0.26257082332853093 7.35898 10.7977 0.789966 0.26331 1754483208.548116 2 1 1
121.874 25.5065 6.10478 -4.5875 0.08783455576147414 0.2123507194316461 3.91662 8.47235 0.716927 0.637389 1754483208.548116 2 1 1
122.086 25.1173 5.46904 -4.54305 0.13339769664330614 0.2088408623058855 3.85935 8.72811 0.696356 0.437731 1754483208.548116 2 1 1
120.466 -31.6421 -0.592057 -4.339 -0.03561536781780106 -0.26435105916556517 5.88392 9.60415 0.562638 0.314718 1754483208.548116 2 1 1
122.513 25.1822 5.9459 -4.69819 -0.02167931404401635 0.20863665878340215 4.25613 8.80454 0.783144 0.61208 1754483208.548116 2 1 2
122.562 24.9736 5.60287 -4.64798 0.029066331982837035 0.20687387623888787 5.16671 9.88931 0.735497 0.473444 1754483208.548116 2 1 1
124.104 25.4586 6.43397 -4.60647 0.07018796992402265 0.20815669323910374 4.95411 9.84815 0.840686 0.67025 1754483208.548116 2 1 1
124.224 25.351 5.80339 -4.5623 0.11467872733692008 0.20709902371239514 4.49725 9.26902 0.780964 0.447576 1754483208.548116 2 1 1
124.492 25.4934 6.36983 -4.6818 -0.005027631193714299 0.2077814474499249 4.39903 9.39837 0.837095 0.610868 1754483208.548116 2 1 1
124.64 25.3043 5.79732 -4.64263 0.03466476912362104 0.20603960885643458 6.13902 10.9212 0.842851 0.491557 1754483208.548116 2 1 1
127.086 24.6095 1.91029 -4.64821 0.031652032014127585 0.19666719077322506 5.416 9.7041 0.713551 0.340173 1754483208.548116 2 1 1
129.246 14.2189 9.25645 -4.66506 0.019442473630877366 0.11266030508453317 9.57977 13.7286 0.762329 0.571126 1754483208.548116 2 1 2
129.185 14.0809 11.221 -4.62683 0.05752402284105251 0.11162933909538011 10.3465 14.3166 0.836023 0.515801 1754483208.548116 2 1 1
129.548 14.1792 10.3448 -4.74205 -0.05763029923540319 0.11208120483872146 6.5717 10.9976 0.808718 0.604937 1754483208.548116 2 1 1
129.482 13.9922 12.1476 -4.6948 -0.010588227971123132 0.11067237506651163 10.8302 14.0314 0.838489 0.394872 1754483208.548116 2 1 1
129.3 14.0916 13.7712 -4.66035 0.0240016458150647 0.11161310753333659 13.9571 14.6458 0.892078 0.270576 1754483208.548116 2 1 1
117.93 51.0929 27.1579 -4.41964 0.08797109048881069 0.42016707346661086 21.9675 8.49881 0.73916 0.61517 1754483208.548116 2 1 1
132.117 -22.8011 1.67848 -3.14937 1.3016738809880048 -0.17555045215334564 5.11339 9.85697 0.892963 0.822785 1754483208.548116 1 1 1
132.424 -23.3733 1.34052 -3.19391 1.2513895307869323 -0.179442536385293 8.17672 12.9613 0.899904 0.807229 1754483208.548116 1 1 2
118.013 57.7639 27.1219 -4.27416 0.16779898304337504 0.46743233493986935 23.4444 11.9912 0.800268 0.654965 1754483208.548116 2 1 1
117.683 57.8525 28.1009 -4.21452 0.22476871467427095 0.46921431610615555 23.4825 9.81581 0.47652 0.427264 1754483208.548116 2 1 2
132.428 -23.1011 1.44275 -3.27834 1.1699946609066725 -0.17739177451419966 4.66966 9.54535 0.859246 0.828782 1754483208.548116 1 1 2
132.437 -23.2426 1.4221 -3.23367 1.2131119773252719 -0.17844246272390027 10.328 15.1132 0.917741 0.847746 1754483208.548116 1 1 1
132.759 -23.8322 1.24004 -3.28463 1.1562216638465426 -0.18242530407695132 3.95018 8.10782 0.888137 0.756617 1754483208.548116 1 1 1
118.401 57.8841 27.2529 -4.37292 0.0698209060887729 0.46690873616427103 19.3006 7.99317 0.80656 0.644495 1754483208.548116 2 1 1
132.75 -23.6756 1.32517 -3.32163 1.120957100027078 -0.1812646601243751 6.13198 10.3332 0.888959 0.844761 1754483208.548116 1 1 1
135.24 23.9969 4.51577 -4.62996 0.053404379639635735 0.1802715677799903 4.66106 9.45422 0.840896 0.58705 1754483208.548116 2 1 1
135.591 24.0713 4.76523 -4.71195 -0.028599090880909728 0.18034836226707807 5.16988 10.0569 0.861017 0.572834 1754483208.548116 2 1 1
136.011 24.1935 4.29797 -4.63686 0.04643211464352781 0.18068172015420897 10.9766 15.6012 0.940233 0.687264 1754483208.548116 2 1 1
136.016 24.0946 4.3203 -4.60146 0.08196010843918611 0.17995217252687534 10.8552 15.3484 0.904187 0.657808 1754483208.548116 2 1 1
136.275 24.2707 4.26143 -4.69382 -0.010565401406238628 0.18089290499370028 12.5493 17.1181 0.955557 0.72727 1754483208.548116 2 1 1
136.334 23.9909 3.62647 -4.66415 0.019471534217588626 0.1787740752817792 12.1312 16.7007 0.919428 0.699102 1754483208.548116 2 1 2
136.477 24.9153 5.13136 -4.55893 0.12349129237394774 0.18531382398900192 4.67519 9.31018 0.816118 0.556258 1754483208.548116 2 1 1
136.944 24.7736 4.30655 -4.6458 0.03694521624706759 0.18365227054110334 5.83301 10.1127 0.838368 0.604929 1754483208.548116 2 1 1
141.012 1.38761 6.42172 -4.52503 0.12035936283698945 0.01009564761865096 4.45314 11.0652 0.834141 0.558411 1754483208.548116 2 1 1
141.422 1.38729 6.49775 -4.6562 -0.010830716549232733 0.010063289214318984 7.23959 12.7938 0.932415 0.706285 1754483208.548116 2 1 2
141.454 1.3927 6.26438 -4.62345 0.02194216749888067 0.010100168021413626 11.5536 17.224 0.945883 0.608851 1754483208.548116 2 1 1
141.518 1.68699 5.80954 -4.58775 0.0589521739719876 0.01222856213763567 5.53599 11.2416 0.809232 0.446872 1754483208.548116 2 1 2
141.794 1.41384 6.20169 -4.74147 -0.09599838849694198 0.01022827518851001 3.91965 9.06324 0.876571 0.595756 1754483208.548116 2 1 1
141.758 1.39756 6.13319 -4.68521 -0.03980981970448205 0.010113083457878383 8.25923 13.611 0.924166 0.507016 1754483208.548116 2 1 1
141.858 1.84514 6.69462 -4.65405 -0.006670957379994569 0.013341907667482852 4.83667 10.5272 0.802822 0.432879 1754483208.548116 2 1 1
142.086 2.31939 7.29683 -4.63206 0.01735110461879774 0.0167430307808442 2.92764 8.71929 0.563899 0.399807 1754483208.548116 2 1 2
141.533 21.4989 8.16548 -4.70857 -0.02225014614541987 0.15458747704056697 5.74559 9.01326 0.359677 0.554232 1754483208.548116 2 1 1
143.024 12.4894 6.24398 -4.62648 0.05344248097656923 0.0893203660634634 6.4174 10.9653 0.711226 0.548887 1754483208.548116 2 1 1
143.341 13.0647 6.4476 -4.70062 -0.01975913978055832 0.09320145472112319 4.20351 9.27196 0.491579 0.526819 1754483208.548116 2 1 1
145.387 23.2408 4.81798 -4.63395 0.05179478016671357 0.16243465189045866 7.62431 11.6679 0.866591 0.760107 1754483208.548116 2 1 1
145.461 23.2285 4.17626 -4.60355 0.0822100103898542 0.162267798413968 9.15612 12.9643 0.864166 0.725204 1754483208.548116 2 1 1
145.722 23.198 4.61121 -4.70062 -0.01481495802985755 0.16176584172109443 9.25146 13.2965 0.893354 0.752619 1754483208.548116 2 1 2
145.839 22.9641 3.98002 -4.66874 0.01721144745990788 0.16003272977386407 12.0391 15.9128 0.910576 0.706083 1754483208.548116 2 1 1
146.0 22.6751 4.53911 -4.64596 0.04015393127699696 0.15787672454887547 8.36919 11.9942 0.88225 0.540952 1754483208.548116 2 1 2
146.296 22.7334 4.53079 -4.75228 -0.06617145742940611 0.15795316997011283 4.97133 9.24256 0.85363 0.555032 1754483208.548116 2 1 1
146.317 22.9974 4.43689 -4.70622 -0.020244692352986426 0.159733405807147 4.84557 9.0603 0.802305 0.576527 1754483208.548116 2 1 1
147.29 23.0968 5.51518 -4.67135 0.014655718438181253 0.1593440228510271 7.31077 11.6796 0.866171 0.70358 1754483208.548116 2 1 2
147.347 23.0943 5.57992 -4.63773 0.04828177969520375 0.15926530850176215 7.50826 11.7384 0.811345 0.674388 1754483208.548116 2 1 1
148.018 23.2362 4.52774 -4.68603 -3.605603445144823e-05 0.1594958664959506 6.58564 10.4567 0.860057 0.564812 1754483208.548116 2 1 1
147.916 23.7989 4.47919 -4.62711 0.058543734692253935 0.1634038332240911 6.25865 10.1304 0.73244 0.501729 1754483208.548116 2 1 2
150.176 23.0631 6.88027 -4.62624 0.05999550763003558 0.15603452952339547 5.87013 10.8829 0.920823 0.767654 1754483208.548116 2 1 2
150.338 23.0619 5.53359 -4.59155 0.09469639243640326 0.15585685500554244 6.06568 11.1122 0.84068 0.707853 1754483208.548116 2 1 1
150.613 23.1586 5.71288 -4.69746 -0.011235481472355424 0.1562115059095477 4.79108 9.50126 0.914409 0.765311 1754483208.548116 2 1 1
150.694 23.2338 5.4454 -4.66396 0.022238205262220312 0.15662602160689634 7.90138 12.7438 0.920661 0.721114 1754483208.548116 2 1 1
141.562 -65.8919 14.7078 -3.87311 0.025468020845984984 -0.44549180091304863 15.1752 12.1558 0.922579 0.463346 1754483208.548116 2 1 1
141.323 -66.4018 14.5796 -3.82991 0.05907182608051764 -0.4491709549762527 13.6785 10.6595 0.891872 0.564579 1754483208.548116 2 1 1
155.137 23.3924 6.7657 -4.57827 0.10812494105867287 0.1531289053846753 3.75266 8.56936 0.746157 0.665484 1754483208.548116 2 1 1
153.13 -37.4725 2.02289 -4.37636 -0.03874713528389684 -0.2454980125855224 5.1459 8.53408 0.697702 0.540294 1754483208.548116 2 1 1
153.239 -37.3065 2.14261 -4.33561 0.004158622971373482 -0.24428151809688234 11.4668 14.6429 0.875162 0.51134 1754483208.548116 2 1 1
153.209 -37.3319 3.88937 -4.29207 0.047331021234220394 -0.24448921227786968 7.85974 11.7766 0.824226 0.398148 1754483208.548116 2 1 1
141.818 -66.1434 14.4489 -3.94296 -0.0463624464786796 -0.44625276446691814 18.015 15.1309 0.937198 0.470274 1754483208.548116 2 1 1
141.781 -66.4553 13.9134 -3.90988 -0.018334643815549168 -0.4481900799366319 17.3564 14.1725 0.906659 0.683384 1754483208.548116 2 1 2
155.514 23.6961 6.34182 -4.66705 0.019263315145234827 0.1547059848967774 3.77539 8.26069 0.885097 0.741383 1754483208.548116 2 1 1
153.662 -37.306 1.70284 -4.48362 -0.14267877617840252 -0.2436182929811245 6.13337 9.36309 0.599983 0.459546 1754483208.548116 2 1 2
153.565 -37.4302 2.987 -4.41561 -0.07631404221573579 -0.24454855347243748 11.4021 14.9545 0.829363 0.400685 1754483208.548116 2 1 1
153.421 -38.0031 4.66911 -4.37843 -0.04593353806275413 -0.24837082453430506 9.11043 13.0936 0.753893 0.518042 1754483208.548116 2 1 2
142.353 -66.3672 13.9031 -4.0679 -0.17081166172291917 -0.4460642689077028 10.9716 7.86676 0.808019 0.434866 1754483208.548116 2 1 1
142.433 -66.368 12.7421 -3.9929 -0.09523925451446624 -0.4458443574219515 11.1612 8.61934 0.737846 0.648975 1754483208.548116 2 1 1
157.039 -24.8818 5.55791 -4.40135 0.07094931322487597 -0.160730163342961 3.70873 8.11958 0.79132 0.506625 1754483208.548116 2 1 1
157.427 -24.9792 7.87006 -4.51086 -0.03886818387125235 -0.1609495512299367 4.82096 8.57524 0.740538 0.488279 1754483208.548116 2 1 1
159.06 -37.3029 2.43347 -4.27955 0.07566693777617584 -0.23545538806954702 5.23572 8.24599 0.792908 0.628114 1754483208.548116 2 1 1
162.304 22.7382 5.30093 -4.63906 0.047580562349314626 0.14227906608965254 4.39345 8.10488 0.83295 0.658734 1754483208.548116 2 1 1
159.49 -37.3967 2.22136 -4.37309 -0.017776386383529186 -0.2353995375334832 9.38977 12.3028 0.883507 0.695782 1754483208.548116 2 1 1
165.247 21.27 16.5383 -4.63239 0.05391023299714082 0.1308075405150694 10.1556 11.2769 0.830744 0.489263 1754483208.548116 2 1 1
165.368 21.1083 16.1626 -4.59306 0.093176449276835 0.12972787983978573 10.0442 10.9447 0.80107 0.55116 1754483208.548116 2 1 2
165.647 21.2829 16.5648 -4.71375 -0.027463563035818872 0.1305659869465934 7.98961 9.19847 0.883886 0.527998 1754483208.548116 2 1 1
165.707 21.2719 16.2986 -4.66556 0.020719802285482203 0.13045149334766257 9.71685 10.8212 0.887381 0.571118 1754483208.548116 2 1 1
171.641 -26.881 7.8746 -4.41803 0.057251087249882815 -0.15859475300314593 5.97751 10.3097 0.800569 0.473669 1754483208.548116 2 1 1
171.679 -27.2817 6.62215 -4.37809 0.09399553136211836 -0.1608827051195853 7.29122 11.465 0.765441 0.319798 1754483208.548116 2 1 1
172.029 -27.0373 8.05007 -4.50056 -0.026038561988372066 -0.15914016839439415 8.64149 13.3847 0.799942 0.362483 1754483208.548116 2 1 2
171.934 -27.27 10.3302 -4.4788 -0.006284809176167805 -0.1605760507700099 13.5352 16.6742 0.838237 0.321761 1754483208.548116 2 1 1
172.368 -26.6642 4.45597 -4.43738 0.04057073602213901 -0.15667035296989698 7.40798 12.5321 0.793307 0.436876 1754483208.548116 2 1 2
172.317 -27.0708 11.1638 -4.55865 -0.0840268741868444 -0.1590672136316608 9.5133 12.0441 0.738693 0.328161 1754483208.548116 2 1 1
172.823 -26.5187 4.39714 -4.52193 -0.0422499756825534 -0.15541738109989026 5.05424 9.4895 0.613703 0.459132 1754483208.548116 2 1 1
163.593 -62.1141 6.83894 -4.05254 0.030520588391739878 -0.370255892847329 8.23862 8.96035 0.642281 0.478966 1754483208.548116 2 1 1
163.983 -62.0776 7.04099 -4.13104 -0.045636492527435735 -0.36923662056416434 10.0941 10.88 0.709319 0.471803 1754483208.548116 2 1 1
173.612 9.19304 38.1517 -4.6428 0.02534931173810495 0.05401078449929132 18.6174 8.23717 0.719887 0.410804 1754483208.548116 2 1 1
183.555 7.5473 5.69153 -4.58816 0.07461399307271321 0.04190849693303744 5.0112 9.2161 0.865336 0.665852 1754483208.548116 2 1 1
183.668 7.73252 4.73314 -4.55525 0.1079941612371611 0.04290874512735539 9.21079 13.2465 0.857605 0.476186 1754483208.548116 2 1 1
184.025 7.89478 4.73682 -4.67747 -0.013847216943781326 0.04372154496000915 9.39584 12.7761 0.941399 0.621831 1754483208.548116 2 1 2
184.068 7.91105 4.5656 -4.64563 0.01802961009906401 0.04380095744097489 15.1656 18.7027 0.951415 0.422648 1754483208.548116 2 1 1
184.435 8.21457 4.29186 -4.77675 -0.11236098095504499 0.04538711266518734 4.48574 8.24893 0.806492 0.523382 1754483208.548116 2 1 1
184.393 7.87912 4.42722 -4.71689 -0.05334866441577457 0.04354613937018372 10.5773 14.2872 0.915494 0.355702 1754483208.548116 2 1 1
175.198 -61.369 42.6039 -4.12342 0.019943247106864348 -0.3434022569761443 24.3063 8.30772 0.838464 0.531241 1754483208.548116 2 1 1
190.103 7.97753 10.2349 -4.64463 0.018535810415442278 0.04274136805208914 7.30773 10.4684 0.345484 0.491965 1754483208.548116 2 1 1
191.466 30.812 0.6 -7.96537 -3.279634668252826 0.16253745178340112 12.1333 13.2877 0.280041 0.348085 1754483208.548116 1 1 1
183.206 -63.513 8.62484 -4.0945 0.05662386248749751 -0.3398470212898319 10.7683 10.3949 0.900458 0.407886 1754483208.548116 2 1 1
183.637 -63.6106 7.99312 -4.17039 -0.018677761402059012 -0.3395764952557727 13.0241 12.976 0.918915 0.582322 1754483208.548116 2 1 2
179.516 -61.8091 43.2036 -4.15076 0.0047446904117611766 -0.3378294206745264 24.2567 11.1181 0.849013 0.443812 1754483208.548116 2 1 2
184.229 -63.2192 8.97531 -4.25205 -0.09392342188934855 -0.3366181621736423 8.57127 8.42825 0.750246 0.548723 1754483208.548116 2 1 1
180.102 -61.4879 43.0004 -4.22278 -0.06152198315920643 -0.3351677935652351 23.272 9.65119 0.73444 0.519637 1754483208.548116 2 1 1
191.828 45.8843 7.99316 -4.62285 0.042123610401557876 0.23906996495042726 6.77318 8.40473 0.591633 0.221369 1754483208.548116 2 1 1
182.058 -62.6432 43.352 -4.12468 0.031463723328561954 -0.3375344600309394 26.6141 8.51056 0.814759 0.459605 1754483208.548116 2 1 1
182.927 -63.0858 41.6946 -4.22483 -0.07016908380151587 -0.33821862909772116 21.271 7.89616 0.790437 0.422166 1754483208.548116 2 1 1
183.105 -61.9996 48.7716 -4.1833 -0.016329367203055334 -0.3325114024436997 32.6132 10.8241 0.88366 0.481681 1754483208.548116 2 1 1
183.075 -62.1845 48.7799 -4.14752 0.017363419765894506 -0.3334835508370605 30.7156 9.06912 0.873723 0.405413 1754483208.548116 2 1 2
187.278 -62.6843 43.6234 -4.17156 0.0032815789491733582 -0.32882875772199166 24.3394 11.1093 0.862685 0.436697 1754483208.548116 2 1 1
193.539 -65.2038 8.0351 -4.24056 -0.06957221982929163 -0.33063517349780575 9.2038 9.60709 0.858409 0.286829 1754483208.548116 2 1 1
190.324 -63.3955 43.9724 -4.1187 0.05948904605377514 -0.3272544707366928 23.8717 10.1392 0.875677 0.499856 1754483208.548116 2 1 1
194.487 -64.7312 11.3447 -4.19711 -0.01815050144525543 -0.32689144225227795 12.6839 13.4729 0.89591 0.539991 1754483208.548116 2 1 2
190.401 -63.2526 43.8068 -4.16987 0.01004069123459228 -0.3264428926345154 28.7219 15.513 0.923125 0.522983 1754483208.548116 2 1 1
190.561 -63.3982 44.6599 -4.1946 -0.015618285025950307 -0.326880970276766 27.3447 14.1637 0.915246 0.469137 1754483208.548116 2 1 2
204.559 17.9692 16.7776 -4.57786 0.10202398354563957 0.0891671261551383 5.4127 8.34594 0.771715 0.464821 1754483208.548116 2 1 1
194.786 -64.7506 12.5345 -4.2205 -0.040722499116918165 -0.3265057244875872 16.177 17.1622 0.935424 0.535095 1754483208.548116 2 1 1
199.172 -63.6755 8.34534 -4.25149 -0.04701393901928519 -0.3147177707196175 7.80354 8.73987 0.585391 0.653442 1754483208.548116 2 1 1
220.413 7.68538 11.1138 -4.61868 0.04093451790980929 0.0354273912886817 8.99176 11.7825 0.899594 0.42138 1754483208.548116 2 1 1
220.744 7.85708 11.2805 -4.69248 -0.032497094164413376 0.03616287303547211 7.00065 9.73938 0.745239 0.305427 1754483208.548116 2 1 1
211.009 -67.1432 3.79121 -4.16441 0.04354372663885986 -0.313035273320695 9.01947 8.24599 0.609739 0.406105 1754483208.548116 2 1 1
211.385 -67.1495 4.10507 -4.24136 -0.032366015560584493 -0.3125308731668686 11.474 10.9065 0.806969 0.639926 1754483208.548116 2 1 1
211.409 -67.249 4.18684 -4.20983 -0.0016602148139917006 -0.3129305535655753 9.00899 8.61052 0.73796 0.604801 1754483208.548116 2 1 2
223.286 -70.0903 59.982 -4.22297 -0.0063135494946919835 -0.30879935922610474 29.3899 8.93389 0.764353 0.43678 1754483208.548116 2 1 1
245.095 1.56022 10.3929 -4.61729 0.02581275578389075 0.006459760267603852 7.0146 10.2744 0.724374 0.624149 1754483208.548116 2 1 2
244.845 14.4152 10.9091 -4.54618 0.12425037309262255 0.05967525058663892 8.58269 11.1416 0.555491 0.565567 1754483208.548116 2 1 1
245.576 1.85736 9.64897 -4.70296 -0.0590863386653 0.007674701413209625 5.42576 8.34888 0.430918 0.366609 1754483208.548116 2 1 1
245.176 14.6385 10.9981 -4.66436 0.006395554902141498 0.0605144048909978 13.0312 16.0216 0.678662 0.567232 1754483208.548116 2 1 1
245.242 14.0492 11.3217 -4.62896 0.040838354249085995 0.05806797687847734 12.2597 15.2485 0.605491 0.506409 1754483208.548116 2 1 2
245.581 9.17655 13.446 -4.61014 0.05070281757748152 0.03789965017413167 7.16639 9.72174 0.603892 0.459529 1754483208.548116 2 1 1
245.604 15.0372 10.65 -4.76217 -0.09082838393115811 0.06204872383642601 5.66811 8.19307 0.547769 0.50772 1754483208.548116 2 1 1
245.678 12.0612 13.8225 -4.70983 -0.043483680583604745 0.049776441201027886 7.02222 9.12203 0.54458 0.36873 1754483208.548116 2 1 1
245.989 8.9627 13.4687 -4.67923 -0.018853114591768083 0.03695507798295234 7.90683 9.93634 0.630127 0.461726 1754483208.548116 2 1 1
235.677 -59.8512 59.1262 -4.275 0.050328238730458 -0.2523623925336161 23.4095 7.8991 0.851239 0.402495 1754483208.548116 2 1 1
236.267 -59.1578 59.0242 -4.35428 -0.02282610413939068 -0.24895376450447115 25.1744 9.61591 0.820274 0.522606 1754483208.548116 2 1 1
251.416 -61.995 10.0512 -4.3278 0.010509471232112766 -0.24510531350382367 10.4301 9.73056 0.741228 0.273 1754483208.548116 2 1 1
267.071 -63.3914 3.51941 -4.3803 -0.026177653699903658 -0.23608719725876898 11.4001 10.9359 0.870802 0.475251 1754483208.548116 2 1 1
22.3951 -1.40378 0.545996 -1.04712 3.334322594646203 -0.1212704799374387 14.3405 20.0549 0.586152 0.357469 1754483208.548116 1 0 1
22.4228 -1.22343 0.513802 -1.00903 3.3837865535045797 -0.11165807908207993 12.2629 18.2852 0.623351 0.289249 1754483208.548116 1 0 1
22.5764 -1.26526 1.12361 -1.08559 3.3056764478192573 -0.1129885435708752 15.9706 21.713 0.630771 0.263505 1754483208.548116 1 0 2
22.7804 -1.13284 0.457578 -1.00048 3.399923127744566 -0.10504747000722621 5.82531 10.9623 0.624326 0.403147 1754483208.548116 1 0 1
23.1946 -0.490625 0.697812 -0.881623 3.5553078321471876 -0.0704841912312069 10.0125 12.3793 0.63133 0.346373 1754483208.548116 1 0 1
22.9087 -1.75838 0.318601 -1.16295 3.1998900472150065 -0.13630614237751945 12.6917 16.3273 0.581303 0.785802 1754483208.548116 1 0 1
23.0095 -1.29847 0.398247 -1.10135 3.290696234352076 -0.11232008246736139 9.64645 13.1701 0.677194 0.355634 1754483208.548116 1 0 2
22.2945 -1.42221 0.6 -1.03727 3.342262106170908 -0.12285227183852117 20.2245 11.9412 0.618241 0.360298 1754483208.548116 1 0 2
23.4123 -0.441887 0.551413 -0.918451 3.5215428867358103 -0.06733736258986113 9.17757 11.171 0.641816 0.386257 1754483208.548116 1 0 2
23.0769 -2.354 0.348285 -1.27585 3.048633981573362 -0.16508731987460673 7.89573 10.1656 0.559272 0.327905 1754483208.548116 1 0 1
23.6174 -1.77096 0.316782 -1.14169 3.226101560240989 -0.1323810714227094 8.65448 11.7472 0.607709 0.377263 1754483208.548116 1 0 1
16.85355543326885 14.956469521118244 5.78794 -3.44848 0.12446173351158496 0.8129629043518537 22.0247 13.9079 0.545987 0.432568 1754483208.548116 2 0 1
23.415 -5.23875 0.76603 -0.210223 3.8868515437757925 -0.30023776316741363 14.6409 14.6341 0.563512 0.260238 1754483208.548116 1 0 1
23.4624 -5.26331 0.432255 -0.175708 3.920443511346459 -0.30070725673620013 12.6581 11.8913 0.611235 0.430673 1754483208.548116 1 0 2
23.7177 -5.16791 0.397796 -0.264461 3.847039646904899 -0.29283931246820966 10.3807 12.4528 0.581069 0.452849 1754483208.548116 1 0 1
-0.8644961070205011 21.357168940054514 0.202772 0.837884 0.5773450709828022 1.7751419770253034 12.1274 13.6845 0.582262 0.28605 1754483208.548116 2 0 1
-0.8999139651523476 21.350394619620054 0.339629 0.904396 0.6360981705532731 1.776852399692258 11.5248 13.2906 0.610932 0.320725 1754483208.548116 2 0 2
10.704821039128696 20.827905838089023 -0.0367297 -1.97488 0.18590584397881238 1.2222059620302321 8.15121 10.3714 0.631859 0.490549 1754483208.548116 2 0 1
10.811120575959004 20.98452574318076 -0.0665971 -2.1041 0.06528997214076959 1.2200522257332709 11.2066 14.5312 0.605549 0.496346 1754483208.548116 2 0 2
10.75215929920162 21.022200446857223 -0.0116764 -2.05405 0.10268131882502551 1.2232199983256407 13.7288 16.1157 0.652387 0.513339 1754483208.548116 2 0 1
10.869557996012523 21.162949993876982 0.121911 -2.06285 0.10536220479792169 1.220347186376858 12.6449 14.1843 0.607241 0.500865 1754483208.548116 2 0 1
10.960017316860707 21.156274080984602 0.192565 -2.01279 0.17140694494084086 1.2163399104142791 10.3153 10.9711 0.613583 0.501885 1754483208.548116 2 0 1
25.5497 0.349245 0.544216 -0.567945 3.9085834409668267 -0.025499726024454657 10.1282 12.7967 0.507615 0.355535 1754483208.548116 1 0 2
-4.124680476900743 21.539126223602803 -0.470922 0.965465 0.060246660097231786 1.9183287888589184 22.5693 22.1333 0.564108 0.437344 1754483208.548116 2 0 1
-4.083695220785577 21.55866483183867 -0.460737 0.994594 0.09847045654129594 1.9162867536340848 22.9148 22.7595 0.573191 0.401407 1754483208.548116 2 0 1
-4.029076161196945 21.575616671965847 -0.444153 1.05346 0.16884633361147772 1.9137036663411333 11.3075 11.2004 0.537102 0.374214 1754483208.548116 2 0 1
10.82780590055304 21.21771476234617 0.057276 -2.12192 0.035634964809359904 1.2230140494739055 8.90305 12.2646 0.619091 0.512527 1754483208.548116 2 0 1
10.991399268591062 21.310371115141276 0.182048 -2.12334 0.0564743690060352 1.2174394678430356 16.7211 18.979 0.626214 0.520636 1754483208.548116 2 0 1
11.015032561829617 21.299820831383542 0.186022 -2.08865 0.09587379323105027 1.2162578799394352 14.4686 15.6042 0.637166 0.508888 1754483208.548116 2 0 2
-4.133391111713044 21.664679147564442 -0.461974 0.909215 0.010914582506138304 1.9167754458246435 23.8129 24.0324 0.570584 0.394612 1754483208.548116 2 0 2
-4.13690188801931 21.678701220008023 -0.448056 0.935405 0.037415551388665036 1.9167056326545635 24.5004 24.7144 0.594871 0.346875 1754483208.548116 2 0 1
11.072912637199954 21.500648177031724 0.185615 -2.22058 -0.03884532065177648 1.216957756969485 9.4092 13.7492 0.601132 0.522269 1754483208.548116 2 0 1
11.088110418642781 21.500251405050545 0.157291 -2.1717 0.012622122618440645 1.2163084944877431 6.70956 10.1892 0.587277 0.480662 1754483208.548116 2 0 1
11.669902621615797 21.826939907251212 0.209058 -2.20445 0.0555488906788808 1.1972145924709252 12.3477 15.3954 0.639951 0.396283 1754483208.548116 2 0 1
11.62666269924814 21.85221474818642 0.34264 -2.1595 0.09187260337541625 1.199401490023674 9.20509 11.9706 0.465501 0.262668 1754483208.548116 2 0 2
-4.251051109101656 21.867624295852522 -0.568586 0.788805 -0.11773449287781057 1.9186254948317574 12.639 13.6169 0.525231 0.250865 1754483208.548116 2 0 1
11.931260584229857 21.678178586467194 6.03996 -2.18865 0.12306254539126105 1.1840460832646278 15.3684 9.93928 0.588922 0.415341 1754483208.548116 2 0 1
16.326375210195184 19.87632687024788 3.54427 -2.95002 0.11722364036207322 0.9767847439317974 12.7954 12.1059 0.563358 0.303873 1754483208.548116 2 0 1
16.48860661761549 20.116288909326254 -0.31317 -2.925 0.14225534289217068 0.9767812532732935 16.7536 17.3739 0.628275 0.487242 1754483208.548116 2 0 1
16.53338339977772 20.12820352756812 -0.26115 -2.88993 0.18169362281725254 0.9754774923220536 15.2743 16.9506 0.623165 0.440629 1754483208.548116 2 0 1
11.929159113124532 21.850688470946466 6.15789 -2.32698 -0.02679572424886434 1.1869904537127423 15.5775 10.3744 0.611494 0.343111 1754483208.548116 2 0 2
11.975902785272938 21.82599130629216 6.24529 -2.27558 0.03365364029800322 1.184679637783102 19.3002 12.9378 0.639971 0.366772 1754483208.548116 2 0 1
12.270635221613894 22.59959875393536 -0.0262809 -2.23423 0.0719634976241954 1.1854563093002395 7.19155 10.7918 0.600886 0.234279 1754483208.548116 2 0 2
24.089487204838658 -10.846085990208154 0.72391 -3.61352 -0.018013357897046944 -0.5109304198096651 15.7557 13.905 0.529904 0.462959 1754483208.548116 2 0 1
23.94534271644774 -11.10386284623742 0.69656 -3.57639 -0.01577587929257218 -0.5233885800104007 18.1547 16.0334 0.531993 0.475547 1754483208.548116 2 0 1
16.557315919178198 20.211749430457616 -0.355622 -3.0309 0.0368643667765145 0.9766294096283699 13.1376 16.5772 0.618051 0.344841 1754483208.548116 2 0 2
16.57353399216676 20.261645141505454 -0.282529 -2.99162 0.07407272463475412 0.9772472561835759 21.459 24.832 0.643814 0.496614 1754483208.548116 2 0 2
16.64261344376474 20.289604674140293 -0.243085 -2.97217 0.09943608996149012 0.9754827283098095 22.8454 25.4905 0.630006 0.349252 1754483208.548116 2 0 1
16.653401191249667 20.240536972255104 2.12247 -2.93306 0.14372046460340115 0.9739363665925426 17.6401 17.9795 0.657043 0.248482 1754483208.548116 2 0 2
24.23029480065379 -11.03377885249786 0.718098 -3.72457 -0.14010923734518732 -0.5148958078701963 18.4944 16.298 0.651443 0.515144 1754483208.548116 2 0 2
24.004857164110135 -11.36873646590056 0.64834 -3.6628 -0.12589099411913462 -0.5317417258104455 19.6976 17.3827 0.504737 0.484946 1754483208.548116 2 0 1
24.59290870681072 -10.750093742990796 0.681703 -3.57016 0.063037001424457 -0.4972435478155256 15.5548 14.4636 0.445131 0.468026 1754483208.548116 2 0 1
16.69146768050283 20.423590851911825 -0.274822 -3.07791 -0.011204716420789573 0.9769453142229809 15.5118 18.294 0.614821 0.463077 1754483208.548116 2 0 1
16.747837881391398 20.418731982935626 -0.246098 -3.04211 0.03157606746254071 0.9748613910960997 19.4697 21.0956 0.631134 0.249229 1754483208.548116 2 0 1
16.73418473219669 20.36332005020507 2.14312 -2.99542 0.08105114331757468 0.9740288690428984 15.2132 14.1931 0.638343 0.243886 1754483208.548116 2 0 1
12.462191401253543 23.3772631494833 0.555478 -2.29201 -0.004278367598377297 1.19016520762212 9.26227 11.2475 0.640113 0.283114 1754483208.548116 2 0 2
24.73467913021345 -10.78659580210685 0.522345 -3.92208 -0.28489551543864655 -0.4957809619023543 12.4203 10.9594 0.49824 0.293216 1754483208.548116 2 0 1
24.891345387114484 -10.79239334099024 0.633348 -3.77452 -0.12958751889733566 -0.4929308392338476 15.5618 14.296 0.583442 0.420249 1754483208.548116 2 0 2
24.54764997940682 -11.371592932410447 0.668557 -3.69856 -0.12994383089380568 -0.5205489293174059 18.3536 15.8981 0.484603 0.348755 1754483208.548116 2 0 1
-3.9399345093797553 24.03469915496545 -0.0920215 0.702723 -0.014999574782555092 1.8763885269334946 10.5958 11.4474 0.51471 0.384018 1754483208.548116 2 0 2
18.6274674681508 20.276065325906384 2.63735 -3.17359 0.11446481017582055 0.9087518096890583 17.179 14.9515 0.544559 0.335564 1754483208.548116 2 0 1
18.68065488361528 20.305326033224137 2.66442 -3.14367 0.14741029798645267 0.9077866426127056 20.3213 18.9614 0.638384 0.238503 1754483208.548116 2 0 1
18.470119714201196 20.26906746402401 -3.47084 -3.08686 0.18591695364195404 0.9136108063266107 21.2566 16.5625 0.515022 0.308507 1754483208.548116 2 0 1
17.822977524676087 20.657080621815062 4.54823 -3.00232 0.17283138593024727 0.9441034536882036 16.979 12.1999 0.501783 0.244545 1754483208.548116 2 0 1
18.6723072707681 20.313579023791448 -3.22492 -3.20467 0.08493896968597525 0.908256136181492 24.4654 15.5277 0.665552 0.274919 1754483208.548116 2 0 1
18.42167517780061 20.482071641780095 -3.56212 -3.1537 0.09758370825729878 0.9204053731046246 24.2021 15.4983 0.559954 0.329973 1754483208.548116 2 0 2
17.901875091714896 20.797775346543734 4.71572 -3.09031 0.08240668189665534 0.9448521999373092 20.8796 13.6757 0.586241 0.306246 1754483208.548116 2 0 2
15.809023075794787 22.774862617538915 0.0968915 -2.69229 0.09282779157712184 1.0580106219903616 11.7717 10.2891 0.452217 0.293874 1754483208.548116 2 0 1
15.993242858681668 22.808788811369997 -0.172797 -2.63779 0.16762975019174897 1.052343537909136 11.3733 10.5331 0.560734 0.492021 1754483208.548116 2 0 1
15.944495340857145 22.87999779352514 -0.125188 -2.58662 0.2078689784926624 1.055397864100126 15.3898 14.6664 0.580461 0.57624 1754483208.548116 2 0 1
23.8721 15.4857 0.0716679 -8.38736 -4.3436025867397 0.6205996955140467 12.3207 12.2617 0.505612 0.441244 1754483208.548116 1 0 1
25.88600339374175 -10.676529708641901 0.380532 -3.707 -0.0013841681660067273 -0.4702171243483934 25.0738 20.1902 0.607639 0.36067 1754483208.548116 2 0 2
26.00284226418891 -10.560876087789019 0.350903 -3.69218 0.029613160092822444 -0.4640386587963335 26.2153 20.0491 0.604949 0.407575 1754483208.548116 2 0 1
26.375792873545002 -10.25575723736952 0.589372 -3.72427 0.04198203559536262 -0.44677037117710156 17.0917 12.4204 0.431536 0.470372 1754483208.548116 2 0 2
16.199942226586383 22.99646873691409 -0.158904 -2.74655 0.07090070013317895 1.0489733071235348 21.3906 16.1833 0.568427 0.52608 1754483208.548116 2 0 2
16.09068385822271 23.0504634034034 -0.112128 -2.69153 0.10898350366208476 1.0537153667012036 25.7156 20.443 0.60798 0.547478 1754483208.548116 2 0 1
16.104453649258765 23.045675813944232 -0.116721 -2.65386 0.14865783696647217 1.0531551160113133 18.5817 14.6458 0.598711 0.544826 1754483208.548116 2 0 2
12.124524040623047 24.985180825821875 0.318337 -1.95669 0.19077250091985753 1.225536050243037 11.0352 12.8379 0.578696 0.486335 1754483208.548116 2 0 1
12.082034366875613 25.04975009242303 0.360302 -1.93508 0.20278725624626914 1.2279306419767735 16.4101 18.4351 0.577882 0.535156 1754483208.548116 2 0 1
12.053837485802775 25.050329639438434 0.371383 -1.88458 0.2491222390761083 1.2289691128817102 12.2356 14.2989 0.52846 0.568593 1754483208.548116 2 0 1
25.1302 14.3394 0.640468 -8.85033 -4.6796978136776435 0.5551603205397713 11.0175 11.9912 0.614759 0.454897 1754483208.548116 1 0 1
25.0857 14.3733 0.469874 -8.78537 -4.618461330439015 0.5572198090571245 10.3621 11.5385 0.645751 0.570506 1754483208.548116 1 0 2
26.084713418085226 -10.706994483621985 0.452707 -3.79178 -0.07966707974897513 -0.46774224746906545 23.5378 20.4342 0.627789 0.456505 1754483208.548116 2 0 1
26.156927721182694 -10.595056616558477 0.435528 -3.76106 -0.03533548084307814 -0.46252894899335834 25.627 20.8575 0.592657 0.476158 1754483208.548116 2 0 1
19.23499437757418 21.377574238502596 1.03243 -3.19438 0.06970297234209832 0.9163649358862577 22.1172 17.6561 0.642936 0.365361 1754483208.548116 2 0 1
16.252398191568194 23.209230381518154 -0.118612 -2.79982 0.009272854059031221 1.0513155389797113 24.2692 19.3817 0.595043 0.565705 1754483208.548116 2 0 1
16.24038637950312 23.176007546792594 -0.153012 -2.73671 0.07321808640983285 1.0510816648599441 17.27 12.4586 0.58329 0.554612 1754483208.548116 2 0 1
12.255858643541357 25.21003992310048 0.366172 -2.07831 0.07645955634042467 1.2237104358454511 18.1301 20.1961 0.589323 0.554985 1754483208.548116 2 0 2
12.182049292590607 25.224509650352495 0.350586 -2.02762 0.1157107788244045 1.226567539830966 23.9405 26.0462 0.597272 0.553573 1754483208.548116 2 0 1
12.214314185515597 25.266003345023336 0.338317 -1.99629 0.1495508449604641 1.2259409666294998 20.7793 22.9094 0.5438 0.409101 1754483208.548116 2 0 2
12.26712110570644 25.015672144281265 4.35133 -1.96586 0.20077690753067023 1.2207416307878087 18.3478 17.4298 0.562331 0.517917 1754483208.548116 2 0 1
26.452872686799378 -10.604641010552918 0.560168 -3.88042 -0.14223987000825478 -0.457724057562618 13.6377 11.2769 0.403915 0.446196 1754483208.548116 2 0 1
19.460015814908253 21.458739648101382 0.881046 -3.28658 -0.006955753514641394 0.9114361260786257 20.2475 18.3528 0.631801 0.400323 1754483208.548116 2 0 1
18.522534993852933 20.883721219054404 7.18195 -3.24177 -0.011092159074438168 0.9268753086417676 32.612 17.5473 0.475713 0.414952 1754483208.548116 2 0 1
19.83785652915778 21.479633121034155 0.578197 -3.17146 0.14195034049023603 0.9006325380087808 25.544 19.5522 0.575517 0.429025 1754483208.548116 2 0 1
16.063245540115677 22.14945640019532 8.49195 -2.73435 0.12642591483642107 1.0367612383473306 32.3117 11.6179 0.545251 0.326889 1754483208.548116 2 0 2
16.538100000535458 23.695401164516184 0.250836 -2.70617 0.10382041101998496 1.051064211567424 18.3618 14.0079 0.54491 0.492573 1754483208.548116 2 0 1
16.525346636645832 23.78128063713243 0.355149 -2.68077 0.12197880951059492 1.0530905388289895 14.9682 12.05 0.573753 0.419383 1754483208.548116 2 0 1
12.34953994708209 25.37953992040822 0.402711 -2.17932 -0.019901699503271253 1.222548046563623 15.3804 16.0216 0.557472 0.537146 1754483208.548116 2 0 1
12.245414697569629 25.360203385853897 0.369409 -2.09346 0.05198236701801395 1.2260404503968636 19.9304 20.7399 0.595185 0.524751 1754483208.548116 2 0 1
12.214474260091512 25.118405318321592 4.34622 -2.05713 0.09644548988800894 1.2240088871475423 22.9123 20.9957 0.54522 0.260911 1754483208.548116 2 0 1
12.302119541004663 25.172346096289886 4.36292 -2.02749 0.1359325350568752 1.221546227572978 21.5167 20.5635 0.600075 0.533473 1754483208.548116 2 0 2
12.299698466433982 25.24755998876376 4.37433 -1.9856 0.17352522258273573 1.2226213503922065 13.9584 14.2372 0.60616 0.515854 1754483208.548116 2 0 2
27.756537295129878 -10.58294323422197 0.51077 -3.72161 0.07293845108803998 -0.43554615875752606 15.3553 12.4116 0.620318 0.457071 1754483208.548116 2 0 1
20.1568940435438 21.453102016454746 1.07071 -3.30824 0.0361171794224 0.8906265654070973 24.1458 16.1627 0.57727 0.434955 1754483208.548116 2 0 1
20.302207697752692 21.42337725650106 0.921371 -3.28257 0.07691362531625012 0.8856960102702133 27.7551 20.0226 0.584598 0.418972 1754483208.548116 2 0 1
20.414574259714914 21.3863624526424 0.960091 -3.25082 0.12126952991512852 0.8815665612599947 24.6208 16.9623 0.497326 0.331044 1754483208.548116 2 0 2
16.75575779766888 23.84511207623342 0.282346 -2.80555 0.01975242406634159 1.046768956278266 16.9018 12.4645 0.538446 0.417188 1754483208.548116 2 0 1
16.71048671310598 23.865499950770356 0.566466 -2.74713 0.07157739931933849 1.048620750614632 16.1962 12.9907 0.579151 0.355698 1754483208.548116 2 0 2
12.401155854122928 25.55460767880324 4.30529 -2.2537 -0.0959914841951921 1.2229756522303614 12.2751 11.1769 0.550043 0.418668 1754483208.548116 2 0 1
12.457643752159724 25.646746093635752 4.32532 -2.24132 -0.0803388133044316 1.2221570928111762 13.8064 13.1877 0.562629 0.462466 1754483208.548116 2 0 1
12.476313993327569 25.7048260232462 4.05785 -2.16493 -0.004290666445285307 1.222242613944524 10.2071 11.1828 0.560643 0.458643 1754483208.548116 2 0 1
12.41027277565739 25.620048295057874 4.07939 -2.02652 0.12910832757081803 1.2234957603474557 10.6926 11.9677 0.629998 0.31206 1754483208.548116 2 0 1
27.15860213864728 -10.932028483395863 -5.804 -3.95087 -0.210918822429631 -0.4570381431665842 27.792 14.928 0.610158 0.279448 1754483208.548116 2 0 2
27.960176181291637 -10.828735030459343 0.724122 -3.86754 -0.08564422819531403 -0.44058841496653767 18.8896 14.9839 0.689529 0.414726 1754483208.548116 2 0 1
28.019950046678655 -10.770216859111393 0.832689 -3.81687 -0.027731706022633418 -0.437706876371495 15.3395 10.5096 0.55028 0.329188 1754483208.548116 2 0 2
16.53600301638158 24.76369285778468 0.413775 -2.57417 0.16583290112118654 1.0705159060809009 16.8147 15.7894 0.598548 0.281981 1754483208.548116 2 0 1
16.55257907489912 24.79128674135365 0.339978 -2.53842 0.20175371712244727 1.070468782191097 21.0786 20.346 0.62473 0.270157 1754483208.548116 2 0 1
16.56128083070343 24.775831641619163 0.214274 -2.48583 0.2563297969774023 1.0699207488059708 14.7905 14.3577 0.624687 0.320646 1754483208.548116 2 0 1
21.139473859077597 21.635241219377953 1.08783 -3.41153 0.004795994923663116 0.8669232488357623 17.9069 10.9506 0.522647 0.305211 1754483208.548116 2 0 1
21.483611785100596 21.404554413870198 1.20458 -3.37294 0.08792822602048389 0.851927379902627 20.4866 12.5145 0.587304 0.298045 1754483208.548116 2 0 1
21.736800701996522 21.55903896533298 1.54532 -3.34054 0.1297355067051562 0.8487264460544695 25.9284 18.6644 0.63481 0.229794 1754483208.548116 2 0 1
21.96210206152898 21.417207113811163 1.57731 -3.31797 0.1799086891920334 0.8392632708501562 20.95 15.2073 0.6165 0.214398 1754483208.548116 2 0 1
16.654984378264885 24.980230789670113 0.33487 -2.67776 0.062312493559919524 1.070496707459129 24.9064 22.6419 0.625791 0.312608 1754483208.548116 2 0 2
16.668261162309197 24.99224599900828 0.263618 -2.64512 0.09571794372329023 1.0702855226196375 30.1327 28.3832 0.641361 0.313268 1754483208.548116 2 0 1
16.678043089815564 25.020783128726094 0.231492 -2.61358 0.12658739071239156 1.070470527520349 25.0887 23.9325 0.637681 0.345646 1754483208.548116 2 0 2
16.662983295514568 25.184175717139578 0.149091 -2.59204 0.1361682656033527 1.0737657091481143 14.2544 13.9638 0.562652 0.477357 1754483208.548116 2 0 1
16.59407700734092 25.214813893681917 0.216082 -2.48493 0.23344433397320552 1.0764692241594536 11.933 12.5939 0.554549 0.485202 1754483208.548116 2 0 1
0.9681226000218831 27.512873945883584 6.79398 0.379225 0.6340862331882984 1.6616554330728763 19.9554 11.8707 0.440363 0.563238 1754483208.548116 2 0 1
28.876486018490063 -10.657373599371978 1.22514 -3.8874 -0.05697039686381755 -0.4210320006979412 13.9142 12.5057 0.512644 0.564144 1754483208.548116 2 0 1
21.80405592655988 21.63030923655484 -1.76497 -3.45281 0.017818740416690293 0.8486060183360818 24.0556 23.1946 0.631204 0.223988 1754483208.548116 2 0 2
21.966139310978843 21.595777783807343 1.49065 -3.41351 0.07225501881678076 0.8434293717746666 29.7217 29.3181 0.631963 0.351913 1754483208.548116 2 0 1
22.21998075996152 21.522962788588192 1.36794 -3.41058 0.09980994191760884 0.8349383449637142 28.6528 26.0168 0.592126 0.446273 1754483208.548116 2 0 2
22.41063172496949 21.48324952151163 1.35487 -3.38466 0.1429043893160804 0.8289640829341376 24.2913 20.4077 0.523794 0.392905 1754483208.548116 2 0 1
16.737637929696902 25.11400173653801 0.296165 -2.75167 -0.010509465138950347 1.070196510827786 21.5808 21.8805 0.637312 0.318093 1754483208.548116 2 0 1
16.72648912186663 25.106372887233086 0.225701 -2.70159 0.03876717938302532 1.0704181676427893 27.3419 28.3715 0.64128 0.328907 1754483208.548116 2 0 1
16.721271309847985 25.166404897256818 0.346955 -2.65797 0.07803913598173606 1.0716172088389093 23.7887 25.1613 0.630013 0.358346 1754483208.548116 2 0 1
16.719158267372183 25.415613300303892 0.154292 -2.66773 0.052575867895807704 1.0759386440668472 22.8278 24.5057 0.633725 0.47406 1754483208.548116 2 0 2
22.04815005680477 21.832750731587982 1.58771 -3.57744 -0.1016720420343562 0.8468519624378276 15.2177 16.2509 0.619644 0.264256 1754483208.548116 2 0 1
22.19044227374695 21.689747509061394 1.42338 -3.498 -0.0013770514319801919 0.8396961125046508 24.567 24.9026 0.623355 0.381271 1754483208.548116 2 0 1
22.445722604061224 21.575924182467695 1.3175 -3.47303 0.05079713498889449 0.8302678438853773 27.6382 27.9364 0.598779 0.494303 1754483208.548116 2 0 1
22.580302703479838 21.556667561932777 1.40091 -3.45121 0.08398031680998042 0.8262972198370903 27.2717 27.0016 0.570798 0.320729 1754483208.548116 2 0 2
22.347556547566725 21.958441551670415 1.41007 -3.43758 0.05265794000241497 0.8418934820329116 19.5342 19.0878 0.435766 0.314852 1754483208.548116 2 0 1
22.92543000585407 21.62266844047847 1.36605 -3.40455 0.15142750257092397 0.8189825449419821 18.581 17.3151 0.473545 0.430754 1754483208.548116 2 0 1
16.761807644628732 25.470340597879026 0.107481 -2.74235 -0.020551530330362944 1.0755284916926287 12.0279 14.0784 0.578433 0.320859 1754483208.548116 2 0 1
16.775982390915765 25.560548503546247 0.160266 -2.7066 0.011265908359664678 1.076608850499613 20.1739 22.4773 0.631447 0.424767 1754483208.548116 2 0 1
31.9288 2.91482 0.192092 1.74442 6.274593597039439 0.06909345424220882 26.2125 30.7056 0.537828 0.489237 1754483208.548116 1 0 2
16.895055825525777 25.979981735257166 0.428989 -2.52514 0.18073718966222074 1.0798970508103705 18.6667 20.6311 0.558246 0.444281 1754483208.548116 2 0 1
16.99288697754431 25.968858968438514 0.778677 -2.46628 0.2512426911161585 1.0767030982792207 10.1341 12.2146 0.430907 0.225059 1754483208.548116 2 0 1
22.71099476272156 21.696332478327864 1.38864 -3.59107 -0.05573519322350373 0.8262466052887825 18.4725 19.614 0.575334 0.430496 1754483208.548116 2 0 1
22.75441118525942 21.620257543442563 -1.61172 -3.51667 0.02702475226884493 0.82331270681618 21.5285 21.9129 0.575341 0.268129 1754483208.548116 2 0 1
23.15668267301923 21.59879629909255 1.34848 -3.52118 0.05297166555495192 0.8125318080266111 22.1336 23.9325 0.578994 0.345747 1754483208.548116 2 0 2
23.08519914375321 21.79004763104974 1.29012 -3.4874 0.06881941745445452 0.8188970238086344 26.3464 27.4249 0.580817 0.485078 1754483208.548116 2 0 1
23.066003837782414 21.900767622528033 1.32162 -3.46441 0.08300481416907024 0.8220037098771843 24.9414 25.2789 0.64468 0.401971 1754483208.548116 2 0 1
23.262630548572965 21.810117334470295 1.40013 -3.4298 0.13771092907513882 0.8148949838338114 17.7162 17.0329 0.513398 0.298677 1754483208.548116 2 0 1
32.0907 2.91328 0.0751627 1.69171 6.22171326436078 0.06861313963205998 24.4608 28.0834 0.575585 0.543055 1754483208.548116 1 0 1
16.984742282666218 26.16600683683366 0.753196 -2.60165 0.10313759144093515 1.0801955021124614 25.8894 27.4161 0.572862 0.342149 1754483208.548116 2 0 2
17.009527617649773 26.273546822464695 0.784315 -2.57897 0.12217748058713385 1.0811920851153503 23.6933 25.4112 0.571863 0.272114 1754483208.548116 2 0 1
16.967839816226817 26.35411065841197 0.394893 -2.53745 0.1542755958377029 1.0837681910912937 15.1078 16.8888 0.45813 0.414896 1754483208.548116 2 0 1
31.326332967780605 6.599915781697364 7.34283 -4.45998 0.0758872749577515 0.2066233049042596 23.3661 17.1711 0.632528 0.265076 1754483208.548116 2 0 1
30.04796900491814 -10.93072810325326 -0.20848 -4.00217 -0.15258853949876716 -0.4131483484666828 12.4443 10.1509 0.449761 0.46443 1754483208.548116 2 0 1
23.34329329572794 21.772604431758914 1.26333 -3.61666 -0.04097116117843491 0.8119837746414849 18.0025 17.9325 0.635553 0.397767 1754483208.548116 2 0 1
23.206541721878338 21.92197224222167 1.10527 -3.55769 -0.0016236277149097589 0.8189511290154462 23.841 21.4631 0.594233 0.382798 1754483208.548116 2 0 1
23.277189323326635 21.929222208722866 1.26309 -3.51835 0.04225885333850421 0.8173436807743594 25.2313 20.2989 0.628373 0.404805 1754483208.548116 2 0 1
23.393154385924 22.001882265742232 1.32208 -3.50358 0.060396469374438766 0.8161498755659954 23.7103 17.2769 0.580324 0.251879 1754483208.548116 2 0 2
17.056333607980132 26.321447788985218 1.01797 -2.65787 0.045649276154343 1.0805428226336082 23.4024 23.8472 0.577346 0.232188 1754483208.548116 2 0 1
17.065193178748817 26.40928958985834 0.671189 -2.62798 0.07131771029925904 1.0816982305984286 25.3123 26.1608 0.571614 0.291721 1754483208.548116 2 0 1
17.067259255297053 26.498174630797752 0.367565 -2.60773 0.08655710544472317 1.083068314061244 20.0074 20.4724 0.503724 0.420778 1754483208.548116 2 0 2
16.46158864589723 27.022920923690073 -0.0785874 -2.48365 0.11229886784465659 1.1096863304834097 12.8363 11.9618 0.450502 0.393327 1754483208.548116 2 0 1
31.459496175172045 6.656526645713233 7.43775 -4.53846 -0.0028605973837461107 0.20760417994388042 28.073 17.4474 0.656128 0.217054 1754483208.548116 2 0 1
23.94101457783424 22.025292997406574 1.3374 -3.45636 0.14383530965912739 0.8031942965284414 19.2359 13.1201 0.594805 0.26418 1754483208.548116 2 0 2
17.172586896677295 26.61210159058612 0.585117 -2.72157 -0.022336087219598344 1.0817156838909485 15.9849 15.8776 0.52889 0.3203 1754483208.548116 2 0 1
17.171185542344 26.690408926722508 0.345936 -2.68483 0.009667844238276047 1.0830107181959283 14.0516 13.026 0.446733 0.410977 1754483208.548116 2 0 1
24.173702065484548 22.132509061121358 1.3813 -3.62891 -0.020080629739786637 0.8000736478258755 23.6482 15.2426 0.60674 0.242491 1754483208.548116 2 0 1
24.433133674444733 22.183755952113398 0.976964 -3.53175 0.09086477720318076 0.7950645528726518 21.502 13.9638 0.570215 0.349039 1754483208.548116 2 0 1
1.412736373790112 29.92059381087242 7.70604 0.230177 0.5875604531940065 1.639041201954786 22.001 11.6532 0.550073 0.394127 1754483208.548116 2 0 1
24.421353963585155 22.422526124499825 0.995728 -3.61924 -0.012647862723190517 0.8008834805988009 18.3212 13.5787 0.574335 0.425123 1754483208.548116 2 0 1
17.036184491979547 28.04114123123561 -0.126333 -2.50029 0.10315854287888016 1.10767396585586 17.4234 12.5468 0.683632 0.541919 1754483208.548116 2 0 1
25.44600040175096 22.175306151211604 0.816531 -3.6902 -0.003548689408038097 0.7713455283380488 14.6869 11.4003 0.646312 0.238539 1754483208.548116 2 0 2
25.625483939205214 22.234961983938756 1.03348 -3.59077 0.10293839154646411 0.7686839012287575 22.6884 17.0211 0.559177 0.455167 1754483208.548116 2 0 1
17.127750511465965 28.239654110491678 0.0357081 -2.66927 -0.06662750825710173 1.1078903866831076 15.0036 14.3812 0.499437 0.583507 1754483208.548116 2 0 2
17.212868635685606 28.163713614924625 -0.198793 -2.57791 0.03806859593596412 1.104305480399511 18.6972 18.0471 0.636448 0.562839 1754483208.548116 2 0 2
17.191235170931645 28.26844925402406 -0.236591 -2.54532 0.0626310825345886 1.106464452684228 19.2738 18.6409 0.631213 0.546882 1754483208.548116 2 0 1
17.131566157740906 28.383426897217735 -0.145999 -2.51199 0.0833079231585021 1.109860863408609 17.7368 17.0946 0.667942 0.567679 1754483208.548116 2 0 2
17.111504641754188 28.483752615504542 -0.661735 -2.47121 0.11653119241419851 1.1118854453409226 11.6073 10.3244 0.500958 0.203702 1754483208.548116 2 0 1
25.726243491561128 22.369617613195413 0.927144 -3.72723 -0.035800152447256206 0.7695443485499907 15.1174 11.8972 0.476858 0.472381 1754483208.548116 2 0 1
25.894051791696423 22.19765249054517 1.15339 -3.65434 0.05747070527517684 0.7618107946344038 24.5601 21.4778 0.622619 0.398316 1754483208.548116 2 0 2
26.10741825987769 22.128895159206515 1.26017 -3.6523 0.07599203737640936 0.7554944480714363 26.6811 22.3626 0.653509 0.268648 1754483208.548116 2 0 1
26.22463052979617 22.13044871570102 1.47527 -3.63944 0.0954273508053527 0.7529584846682886 23.7556 18.2058 0.664846 0.327047 1754483208.548116 2 0 1
17.30704402335241 28.45790793761711 -0.212176 -2.63528 -0.025082323771024484 1.105860568763038 15.5759 16.9212 0.570186 0.575519 1754483208.548116 2 0 1
17.15549595535878 28.592170278968297 -0.145516 -2.57979 0.00691457186887412 1.1121629526919896 16.7751 18.3205 0.612066 0.503802 1754483208.548116 2 0 1
17.40565581532666 28.61647675903251 0.858113 -2.55201 0.06021917942245025 1.1053142807071639 16.8321 18.2352 0.597661 0.332585 1754483208.548116 2 0 2
17.444096384496785 28.654131204615588 0.256218 -2.5086 0.10569882303700506 1.1047575206757776 18.64 18.9467 0.690388 0.515988 1754483208.548116 2 0 1
26.174962521951247 22.29266171439651 1.29663 -3.77633 -0.05408222782659955 0.7578174813058408 16.4577 14.3959 0.649846 0.390887 1754483208.548116 2 0 1
26.24005364784848 22.228248517760047 1.42641 -3.71006 0.01976827235603329 0.7549027814550103 23.3652 21.2191 0.67024 0.339557 1754483208.548116 2 0 1
26.34871514684864 22.22185668697394 1.41734 -3.68938 0.04697285285310304 0.7523842713443825 24.2573 21.1338 0.676199 0.41804 1754483208.548116 2 0 1
26.48665365496877 22.290276902257443 1.29382 -3.67847 0.06151239595886171 0.750979281296527 20.0636 16.4567 0.653327 0.487411 1754483208.548116 2 0 2
26.659145084976394 22.272678827359634 1.2863 -3.6438 0.10678942392971269 0.7468568136033163 18.2076 13.758 0.622126 0.25439 1754483208.548116 2 0 1
17.52144424678907 28.8341350009001 0.793065 -2.65577 -0.04285950048901377 1.1051310211357044 13.6635 14.6929 0.430246 0.422914 1754483208.548116 2 0 1
17.585272926042528 28.807029087137156 0.0602253 -2.59305 0.028042445947841887 1.1029284156196875 16.3116 17.2387 0.663735 0.510769 1754483208.548116 2 0 1
17.579013568281926 28.986165314836153 -0.250133 -2.58859 0.022341184194146102 1.1056633465575627 11.7076 12.0 0.587779 0.460636 1754483208.548116 2 0 1
17.521984707501325 29.044627291339957 0.110484 -2.50351 0.09833282058736659 1.1081050621811026 12.7257 11.3974 0.581911 0.336568 1754483208.548116 2 0 1
2.5487800455536584 31.45802827075481 8.85999 -0.131801 0.4078581393678497 1.5987275868922206 28.4452 12.5733 0.654946 0.46892 1754483208.548116 2 0 2
2.488989299993939 31.034117615502865 10.8853 -0.0926689 0.4363344709220532 1.601089017370169 33.8925 16.0451 0.640472 0.418763 1754483208.548116 2 0 1
2.595946067494883 31.432128440946563 9.0025 -0.0196987 0.5267870585906549 1.5972143864307418 28.0319 11.6326 0.618059 0.348556 1754483208.548116 2 0 1
26.714176930159265 22.38742605597938 1.36023 -3.83481 -0.08800790236690137 0.7483316168212517 13.6105 10.6242 0.626161 0.340912 1754483208.548116 2 0 1
26.74064703500702 22.4297566351034 1.35028 -3.77273 -0.026973652101430545 0.7487382785369663 16.5986 12.6497 0.588432 0.337983 1754483208.548116 2 0 1
26.8839608170764 22.33724588344072 1.43726 -3.71767 0.04136094421860603 0.7435581413170471 19.7418 14.1196 0.645871 0.232501 1754483208.548116 2 0 1
27.00132192140662 22.487795471147706 1.07822 -3.649 0.10753847512029147 0.7445337803689119 20.8148 12.391 0.638167 0.344179 1754483208.548116 2 0 1
17.565184541469147 29.90813468497297 0.227977 -2.50673 0.05511470328035184 1.118802185166576 11.3064 9.92164 0.543942 0.539816 1754483208.548116 2 0 1
2.5705276211180594 31.647585937979457 8.85444 -0.214921 0.32868308489488485 1.5978531769369715 28.0057 14.1049 0.62355 0.419964 1754483208.548116 2 0 1
2.492661536438801 31.66258148799824 8.79606 -0.16012 0.3721914667735504 1.6003559790843314 31.7711 18.4763 0.636062 0.39421 1754483208.548116 2 0 1
1.2334630294680884 31.414005150043895 10.8461 0.166576 0.5126130647791038 1.6415457494313976 29.9673 12.4439 0.583169 0.473396 1754483208.548116 2 0 1
27.201421004612353 22.518420611947015 1.06986 -3.73114 0.034339519913293426 0.7410274139016554 21.3716 11.6473 0.632955 0.375466 1754483208.548116 2 0 1
17.748950340013074 30.2947566186263 -0.178941 -2.46269 0.098742032598643 1.1189121409094516 14.3339 12.4469 0.653733 0.606424 1754483208.548116 2 0 1
1.49029 33.4405 1.14395 -4.37796 -3.969202980860264 1.6276948164875706 15.3097 14.4253 0.506323 0.332195 1754483208.548116 1 0 2
17.87572906206827 30.463745860722835 -0.0536643 -2.55402 0.011988976570303844 1.1176921557623074 13.03 10.9035 0.614585 0.568509 1754483208.548116 2 0 1
17.77363073928494 30.746990283572874 -0.103612 -2.42585 0.11577695738214766 1.1241795445919704 15.9175 15.0339 0.504915 0.532246 1754483208.548116 2 0 1
17.688808744583387 30.853728268934518 -0.155445 -2.40033 0.1274151385418918 1.1278604439844266 24.7496 24.2676 0.630921 0.600765 1754483208.548116 2 0 1
17.695286325118126 30.85018709126562 -0.109913 -2.36429 0.1642854571093899 1.1276405324986754 21.4421 21.028 0.670263 0.596803 1754483208.548116 2 0 1
34.61914616235491 11.647904675583417 0.327423 -4.43584 0.027175650121060713 0.33599583570833924 20.7088 22.2539 0.482306 0.354279 1754483208.548116 2 0 1
33.414 11.5293 0.6 -13.0691 -8.609137342717105 0.33953885408988776 25.0167 14.7869 0.51275 0.300199 1754483208.548116 1 0 2
17.773477516614875 31.005586016080972 0.0570111 -2.537 -0.007963307634006433 1.1275183594510356 17.5013 14.4253 0.603114 0.559109 1754483208.548116 2 0 2
17.73808205510586 31.006411398934404 -0.0911756 -2.478 0.04738531247888789 1.1284852718566405 26.9632 24.5439 0.676067 0.582351 1754483208.548116 2 0 1
17.7280988580731 30.977675554937345 -0.108366 -2.42478 0.1009811049911562 1.1283857880892767 22.7016 20.6106 0.652635 0.57119 1754483208.548116 2 0 2
17.87748851865671 31.19541982120928 0.177833 -2.345 0.18543993314097174 1.1271466043203608 13.0914 11.8442 0.542899 0.558206 1754483208.548116 2 0 1
34.85517818027538 11.746399618034737 0.25118 -4.55541 -0.0927837398382172 0.33645136664310976 12.1475 11.9824 0.496155 0.315718 1754483208.548116 2 0 1
35.06501773410748 11.846161329367135 0.384938 -4.42197 0.04001871495859355 0.3371948769044594 16.4761 17.6591 0.564682 0.253238 1754483208.548116 2 0 1
34.91990592452777 12.378674609558313 0.218089 -4.36855 0.07876002204907717 0.3535835185806861 13.3497 14.8604 0.43358 0.202428 1754483208.548116 2 0 2
17.790047582086324 31.22067613618922 -0.0849594 -2.59432 -0.07395424010018115 1.129813467417408 17.6148 12.6938 0.641254 0.574802 1754483208.548116 2 0 1
17.8526618833798 31.473972270270774 0.249059 -2.51729 -0.002654991556481967 1.1313284132081391 15.3817 11.4826 0.475624 0.308116 1754483208.548116 2 0 2
17.85939672737048 31.51082863524881 0.122622 -2.45047 0.06309480476150497 1.1316111565469624 17.6282 14.6341 0.582938 0.511472 1754483208.548116 2 0 2
17.953645036592672 31.580927037284464 0.237981 -2.42474 0.09497902900089272 1.1299845096841037 19.6065 17.3651 0.646094 0.574825 1754483208.548116 2 0 1
17.939891121670016 31.619613838312414 0.213089 -2.37727 0.13924068280885482 1.130832739700573 17.5414 16.3362 0.638151 0.57309 1754483208.548116 2 0 1
35.2889392592268 11.880234698072895 0.393847 -4.51573 -0.0526771005914064 0.3359522024770394 11.336 11.2475 0.535832 0.282171 1754483208.548116 2 0 1
35.79985427729263 11.032998350963027 0.187278 -4.44464 0.040921672891506056 0.307456211779728 18.2931 19.4317 0.487965 0.450302 1754483208.548116 2 0 1
35.78798181326069 11.100172593239236 0.131563 -4.40142 0.08268812174307172 0.3094458871270015 16.1877 17.7619 0.522618 0.459407 1754483208.548116 2 0 2
28.300784678899408 22.069528925619437 9.14845 -3.94812 -0.10137717836346072 0.7082763104879818 22.8125 12.4851 0.647416 0.322141 1754483208.548116 2 0 2
28.21550166953496 22.088171632936074 9.07487 -3.84579 -0.004206002936454123 0.7104056121754149 27.5423 15.7159 0.656109 0.444078 1754483208.548116 2 0 1
17.97214630994181 31.769505396936097 0.150853 -2.49728 0.015399422702882415 1.1318450306667296 20.0312 14.1637 0.621235 0.493712 1754483208.548116 2 0 1
17.981868357291855 31.804342780230634 0.231208 -2.45877 0.0532618174668138 1.132016072933425 19.4639 15.5307 0.63086 0.50656 1754483208.548116 2 0 2
13.687612160865658 33.63075172837941 0.470284 -1.94144 0.03496331202783032 1.267786980775316 13.9645 14.5723 0.573482 0.373577 1754483208.548116 2 0 2
13.745576685506947 33.56218399843566 0.928338 -1.87023 0.1151807187738787 1.265584375259299 14.5105 14.834 0.620923 0.31821 1754483208.548116 2 0 1
35.98048614488477 11.131646080492514 0.420552 -4.54068 -0.0559564164749462 0.3086063837567923 15.0196 14.2578 0.630487 0.433899 1754483208.548116 2 0 1
36.015877148858664 11.130120740216983 0.0360951 -4.49705 -0.01206761699195269 0.3082520819186374 13.1793 13.5375 0.621023 0.390397 1754483208.548116 2 0 1
37.29225545380396 -5.585458362628713 1.30466 -4.24619 0.04998809234525048 -0.18477725183098076 12.2847 11.4444 0.525635 0.253038 1754483208.548116 2 0 1
10.0003 35.1647 1.02332 6.12623 7.634931744358104 1.3793239919532656 16.542 15.1221 0.680605 0.285624 1754483208.548116 1 0 1
14.047020993922864 33.94505662706992 -0.395102 -2.16595 -0.16034704006162137 1.2606381121591472 12.9067 12.9378 0.453772 0.373777 1754483208.548116 2 0 1
14.04078903619679 33.65740214481087 3.8868 -1.93312 0.08213423838732337 1.2582697003641907 12.508 10.6713 0.449505 0.255313 1754483208.548116 2 0 2
13.836314789731235 33.693503512281396 -3.6985 -1.85745 0.13353021090369221 1.2642212731134916 14.8129 11.1064 0.591001 0.293734 1754483208.548116 2 0 1
2.880680010533605 33.741768415165616 11.1254 -0.251839 0.34186252152277036 1.5867406655895238 28.3553 12.488 0.559399 0.347815 1754483208.548116 2 0 2
1.9567207175374663 33.886149294183 11.1747 0.0705302 0.5388523681026741 1.6145245619520214 26.7987 11.759 0.493324 0.57818 1754483208.548116 2 0 1
9.9982 35.4137 0.897062 6.02557 7.528442821185553 1.3806836034405692 24.832 23.8325 0.663937 0.308814 1754483208.548116 1 0 2
18.217924031368124 32.7545203035454 -0.423194 -2.36953 0.12205810107822712 1.1374056496635836 21.9406 19.5699 0.575185 0.337233 1754483208.548116 2 0 1
18.179519650132455 32.801063920338336 -0.300029 -2.31793 0.16779897797585175 1.1389467753930946 19.3301 17.0388 0.635163 0.277879 1754483208.548116 2 0 1
2.2894218260039794 34.09882632921691 11.0993 -0.170614 0.3439564710501813 1.6042864605598226 35.1185 20.099 0.491419 0.4715 1754483208.548116 2 0 1
1.6633151889000297 34.17201191520513 11.2319 -0.0639637 0.3664463302327167 1.6229091236786022 34.0261 18.9231 0.487985 0.588018 1754483208.548116 2 0 1
38.14641049068829 -5.406801275432876 1.6817 -4.2853 0.024637496121633795 -0.1753510776068098 20.2146 17.2563 0.420031 0.283591 1754483208.548116 2 0 1
38.22177875441712 -5.349212390939838 1.55902 -4.24504 0.06773394243683573 -0.17337466676185143 19.0622 15.1515 0.635708 0.36509 1754483208.548116 2 0 1
38.53592086212908 -5.21797552025337 0.92119 -4.30234 0.01774473276848365 -0.16822542186969255 21.1132 19.6669 0.63456 0.633538 1754483208.548116 2 0 2
9.97819 35.565 0.848326 5.9561 7.4532309745545895 1.3820222709768488 22.6533 21.0015 0.637857 0.293206 1754483208.548116 1 0 1
9.92041 35.5752 0.279646 6.00824 7.498255451419324 1.3836803337662436 23.5536 22.8242 0.640749 0.308829 1754483208.548116 1 0 1
18.431113759277142 32.90925956613674 -0.471246 -2.47252 0.03280677508097618 1.1337858367949472 22.9544 20.6841 0.54411 0.286436 1754483208.548116 2 0 1
18.281114056966192 33.051111893546256 -0.260034 -2.44017 0.04423106273329225 1.1392958412434935 22.9002 20.5547 0.60207 0.246551 1754483208.548116 2 0 2
18.448577504075843 33.0762449706211 0.723463 -2.40121 0.09828481966236335 1.1353234718659544 14.033 11.9971 0.476378 0.441504 1754483208.548116 2 0 1
18.321317546640948 33.161453638998644 0.275869 -2.29747 0.1859083617017494 1.1395646219483004 14.3883 12.0765 0.498986 0.545462 1754483208.548116 2 0 1
1.6243433853639706 34.38855569848505 11.0148 -0.203925 0.2227742229943747 1.6237294284270396 26.9996 12.2088 0.401598 0.458122 1754483208.548116 2 0 1
1.4713260788682931 34.31723156441816 11.2841 -0.127214 0.278415103107315 1.6283859668713605 29.2943 15.3396 0.534242 0.586888 1754483208.548116 2 0 1
38.35459508367569 -5.425586621620376 1.56202 -4.35777 -0.04711027445200866 -0.17484894638101103 22.7046 21.1162 0.522538 0.357235 1754483208.548116 2 0 2
38.45198667546911 -5.380107736943781 1.31668 -4.33382 -0.020672597616075983 -0.17311356550575308 25.5434 24.1 0.63156 0.433215 1754483208.548116 2 0 1
38.700694085052874 -5.175595661424123 0.851251 -4.36941 -0.046602885428117524 -0.16628705920242765 18.0346 17.221 0.635421 0.702964 1754483208.548116 2 0 1
31.829797980817524 22.861239987791212 0.571363 -3.96497 -0.008690643925281627 0.6612100165494507 15.5071 12.3352 0.578651 0.454979 1754483208.548116 2 0 2
31.818505149144407 22.909510922225962 0.636105 -3.90405 0.04943326147471527 0.6624596722938786 19.8848 14.9251 0.669674 0.473907 1754483208.548116 2 0 1
18.487237394981896 33.41529190860002 0.228899 -2.42647 0.061621917621470956 1.1383254381793846 19.1353 16.248 0.589927 0.540406 1754483208.548116 2 0 1
18.450275584857476 33.515625248421195 0.081554 -2.39729 0.08282647454149705 1.1404215786110297 18.9244 16.295 0.582815 0.529763 1754483208.548116 2 0 2
18.383416334992464 33.58504960293058 -0.274691 -2.34132 0.12932604511925527 1.1429069274658699 13.2918 11.3474 0.550453 0.492461 1754483208.548116 2 0 1
38.5669956822881 -5.473278229389524 1.51969 -4.44352 -0.133263303623246 -0.17512924625888132 15.5637 13.5846 0.590761 0.413996 1754483208.548116 2 0 1
38.59808046561104 -5.381548038319802 1.67399 -4.3974 -0.08330305015792039 -0.17244876959366842 21.0189 19.5493 0.637955 0.621141 1754483208.548116 2 0 1
35.557176976034256 17.946703548381848 1.00631 -4.3038 -0.02646232043698138 0.4912341460269749 14.13 13.0025 0.470456 0.359977 1754483208.548116 2 0 1
35.3782589087505 17.975842314343986 0.47562 -4.12964 0.14303149412065963 0.49426403760843707 13.458 12.2705 0.401352 0.341359 1754483208.548116 2 0 1
31.910534861421407 23.102320964298684 0.538008 -3.99549 -0.04791983709081071 0.665093374135138 17.4189 15.4072 0.620737 0.473941 1754483208.548116 2 0 1
31.902987781834863 23.173467581826294 0.663748 -3.94839 -0.0045880246233318545 0.6667653995585486 15.5293 14.4547 0.665004 0.394938 1754483208.548116 2 0 1
18.458810130423057 33.7408663331947 0.132439 -2.5467 -0.075647956065799 1.142800462381498 15.526 12.5704 0.401136 0.45198 1754483208.548116 2 0 1
18.19209546992829 33.97496003544897 -0.209118 -2.4621 -0.026782113324641976 1.1521432098674236 15.7068 13.2847 0.443954 0.465333 1754483208.548116 2 0 2
18.483858525461528 33.84260476128059 -0.144262 -2.36305 0.10597176986236256 1.1433327878033563 12.5667 10.2921 0.509054 0.363614 1754483208.548116 2 0 2
18.481850047630616 34.01401407589017 0.269609 -2.32552 0.13588034896280599 1.1453294444676376 12.542 10.5948 0.541176 0.537151 1754483208.548116 2 0 1
18.467668671506758 34.111202412844776 0.32626 -2.28496 0.17090467750517302 1.1467780677467931 15.078 13.2524 0.631022 0.573969 1754483208.548116 2 0 1
18.473080661043902 34.11306791127384 0.423038 -2.2266 0.22969170798344685 1.1466663666746653 12.0628 10.2362 0.604166 0.568969 1754483208.548116 2 0 1
38.55857621063042 11.357424131193058 0.873724 -4.48958 0.005916924343870811 0.2931392759256185 14.3551 15.6424 0.571785 0.473267 1754483208.548116 2 0 2
38.6353810213926 11.357935025000652 0.982814 -4.47647 0.019415397590904604 0.2925510999676964 16.0985 17.3445 0.609011 0.468463 1754483208.548116 2 0 1
38.669314040312905 11.394418198576384 1.42476 -4.43293 0.0625045318334152 0.2932335237052262 9.48909 10.6448 0.456356 0.407788 1754483208.548116 2 0 1
18.614510776265956 34.21156528203954 0.23875 -2.4063 0.05918542696392892 1.1442595576361654 16.5369 14.6664 0.565723 0.59606 1754483208.548116 2 0 2
18.57181660538354 34.30683522840695 0.365071 -2.37412 0.08323915008479332 1.1463871139943465 22.7266 21.1309 0.659116 0.60174 1754483208.548116 2 0 1
18.564318580510857 34.36998169576131 0.485453 -2.34513 0.10882601070704867 1.1472772319128635 22.1105 20.59 0.665772 0.549757 1754483208.548116 2 0 2
18.557428734442666 34.49722299064091 0.372737 -2.31643 0.13146227747753114 1.1488619908736744 16.7455 15.175 0.651351 0.584681 1754483208.548116 2 0 1
18.535194688718086 34.570463092857125 0.0475391 -2.25196 0.19074518339071433 1.1502163663732219 14.9984 13.3464 0.640296 0.573567 1754483208.548116 2 0 1
39.02730895404739 11.204042333931847 1.26534 -4.60135 -0.10095165888569202 0.28553662170393124 14.3788 14.8957 0.568701 0.368667 1754483208.548116 2 0 1
3.0443619323325506 36.52256969992348 11.1475 -0.264882 0.35499999390705 1.5809269738511307 30.885 16.6831 0.573541 0.331231 1754483208.548116 2 0 1
2.9831541926299554 36.56865853855504 11.1766 -0.228187 0.38406540431176206 1.582621688554817 38.914 24.8026 0.611717 0.461048 1754483208.548116 2 0 1
3.016028664160722 36.53784981739198 11.1699 -0.175716 0.44062250142307346 1.5817141173437799 33.9473 20.102 0.602942 0.462162 1754483208.548116 2 0 1
40.2104296778087 -5.661609858395902 0.154724 -4.26345 0.05067533957366521 -0.1724288728401957 12.5467 11.5708 0.54164 0.32704 1754483208.548116 2 0 1
40.2546907760159 -5.448016045454429 0.404189 -4.20014 0.12223775208791743 -0.16659353901907784 14.0769 13.2583 0.58018 0.516677 1754483208.548116 2 0 1
18.620024303080967 34.480624716321145 0.474544 -2.44833 0.006173313381222734 1.1471341149142 20.0259 17.6943 0.633434 0.527566 1754483208.548116 2 0 1
18.58830957552143 34.541225448137325 0.552452 -2.39521 0.053731182388915055 1.1485879741811111 21.8174 19.5728 0.651621 0.484757 1754483208.548116 2 0 1
18.644119666289303 34.715366516606856 0.210829 -2.38664 0.060203188765795446 1.1491360075662373 23.6177 21.3426 0.642947 0.529066 1754483208.548116 2 0 2
18.679181296662257 34.77204209372783 0.0842659 -2.35219 0.09556196415617135 1.1488986427879664 26.9081 24.6057 0.654405 0.53155 1754483208.548116 2 0 1
18.680502284398507 34.77533361489177 0.00381428 -2.3106 0.1371386008112112 1.1489021334464702 21.5293 19.3288 0.636111 0.512202 1754483208.548116 2 0 2
3.3735377929256187 36.62137149276893 11.2094 -0.381608 0.2796747083773253 1.5717238527053645 28.6147 12.6938 0.557385 0.443477 1754483208.548116 2 0 1
2.8668818305776393 36.75709514450214 11.2197 -0.368819 0.22917528540949328 1.5857877158179348 39.2383 23.2857 0.614553 0.443168 1754483208.548116 2 0 2
2.9561691461485973 36.74382682864791 11.2335 -0.32035 0.28878248666553297 1.5833145842678589 47.0557 31.6934 0.631182 0.471883 1754483208.548116 2 0 1
2.8596349679280166 36.71364217382863 11.2774 -0.272661 0.3243426956469316 1.586007627303686 41.3227 26.4607 0.619339 0.44539 1754483208.548116 2 0 2
40.33994731092778 -6.444408759577335 1.2643 -4.34241 -0.057541678111129535 -0.19233627282136823 22.653 20.2402 0.636985 0.718216 1754483208.548116 2 0 1
40.48728428778052 -5.7324314426806975 0.501647 -4.27895 0.034330638399830526 -0.17302036492369657 15.038 13.2259 0.507415 0.530197 1754483208.548116 2 0 1
18.73733029416885 34.87376973618973 0.125554 -2.45171 -0.002802219391751848 1.1485967008273712 21.7289 17.5062 0.618351 0.443872 1754483208.548116 2 0 1
18.79153556315343 34.874424541784954 0.0891644 -2.41498 0.03895598648532772 1.1472824679006195 26.5525 22.5243 0.638587 0.486194 1754483208.548116 2 0 1
18.839300185465767 34.88442017226077 0.0202017 -2.38497 0.07299617229661726 1.146228289032415 21.3 17.8531 0.606066 0.494585 1754483208.548116 2 0 1
2.8990583158803815 36.891487518566606 11.2485 -0.434165 0.1680822026735035 1.584843492692606 35.9919 20.346 0.64205 0.48349 1754483208.548116 2 0 1
2.93639989053572 36.86335029656145 11.2729 -0.384335 0.22251826870116653 1.583820729750937 43.2425 28.0716 0.630533 0.471671 1754483208.548116 2 0 1
2.717452414701521 36.82204539955317 11.4337 -0.335646 0.24381323011412437 1.5899014568648855 36.9922 22.1304 0.598459 0.383942 1754483208.548116 2 0 1
35.60617389375691 17.616298233436137 11.1723 -4.39475 -0.1043047113194202 0.48258254892483904 28.0908 11.3504 0.429855 0.307395 1754483208.548116 2 0 1
1.487203316961855 37.17157258371534 11.5123 -0.207795 0.22018329974523954 1.6234466850882165 24.1673 9.89519 0.576954 0.308723 1754483208.548116 2 0 1
41.52958454932195 5.397795477702586 0.794705 -4.50941 0.0330494394887344 0.12137985344052976 17.5415 18.6057 0.549107 0.309435 1754483208.548116 2 0 1
41.52106040365728 5.7552025130812074 0.782397 -4.46767 0.07567131865189314 0.13063620712848167 15.0237 16.0187 0.507274 0.26715 1754483208.548116 2 0 2
19.049766523587216 35.867759977009605 0.857395 -2.37482 0.061910470118117455 1.1517749453952528 16.5734 13.8785 0.604162 0.482173 1754483208.548116 2 0 1
41.69620610280514 5.651899273436301 0.825575 -4.59616 -0.053083509102659576 0.127391465516099 14.6749 16.0628 0.590687 0.383218 1754483208.548116 2 0 1
41.71560767810516 5.793412854205452 0.723151 -4.54916 -0.005794805260035396 0.1309610129022778 14.1098 15.5336 0.577881 0.246431 1754483208.548116 2 0 1
41.789974435802684 6.353267932507392 -0.126938 -4.45494 0.08899925086970395 0.14502068722464334 11.1306 11.8531 0.405658 0.388731 1754483208.548116 2 0 2
42.01360674518553 6.5146605614574735 0.0854132 -4.5639 -0.019955943386277042 0.14828445292587272 9.58917 10.5478 0.560292 0.416365 1754483208.548116 2 0 1
35.35737549425344 23.30186731159842 2.31758 -4.13468 -0.07876299491486627 0.6146987373130538 14.6125 10.1774 0.488886 0.254058 1754483208.548116 2 0 1
19.280214997128407 36.58127800562774 -0.749346 -2.46577 -0.03685638977241101 1.1538117446323302 13.6365 11.4444 0.4769 0.399711 1754483208.548116 2 0 2
19.205177411613775 36.76405214182602 -0.27973 -2.31458 0.10038300015426982 1.1574402841472264 20.1759 17.5709 0.659347 0.556679 1754483208.548116 2 0 1
19.083100242707232 36.78372913472048 -0.151632 -2.26036 0.1428690618742552 1.1604858836919565 19.522 16.6654 0.697604 0.569914 1754483208.548116 2 0 2
40.80901040172831 -5.478105362946911 11.1807 -4.36626 -0.04158759607767504 -0.16495223139050239 26.2113 11.3798 0.625491 0.301585 1754483208.548116 2 0 1
19.30249241389961 36.92312921094031 -0.210938 -2.36147 0.05595126301264841 1.1568014936409965 19.455 17.3563 0.566353 0.532451 1754483208.548116 2 0 1
19.116048765122006 37.136712160337595 0.175034 -2.34129 0.051174042069548786 1.1632749198366437 13.8637 11.0211 0.606034 0.557724 1754483208.548116 2 0 1
3.6512872206561493 39.25694933600499 11.6348 -0.33289 0.3610859447261331 1.5644475750538 25.5212 11.7737 0.518738 0.386745 1754483208.548116 2 0 1
3.70062249158187 39.23563559935374 11.5192 -0.251738 0.4480058793681815 1.5631630127243321 29.0492 15.0868 0.630327 0.358836 1754483208.548116 2 0 1
41.73031155969649 12.499203254499125 0.424826 -4.52018 -0.027643214245869352 0.2975462322869042 12.6691 12.0 0.490699 0.370822 1754483208.548116 2 0 1
41.82336911390376 12.350913667283862 0.719373 -4.46331 0.032057473177820484 0.2933347528018419 14.2945 13.4346 0.436105 0.379259 1754483208.548116 2 0 1
19.308362106975675 37.56217887531704 -0.200455 -2.32253 0.07069588558433537 1.163077697631168 14.9267 12.15 0.5743 0.594094 1754483208.548116 2 0 1
19.373762076378185 37.54626272864038 0.147948 -2.27555 0.12405687687654154 1.1614248708295294 16.8606 13.6551 0.652379 0.611014 1754483208.548116 2 0 1
3.6326326999617686 39.52796263367778 11.5804 -0.450842 0.24077471707772996 1.5649729191586503 31.5946 17.418 0.578577 0.475575 1754483208.548116 2 0 2
3.651313757082198 39.50294417929295 11.5843 -0.384723 0.3090726782672428 1.5644877176265959 33.7033 19.5699 0.601387 0.471107 1754483208.548116 2 0 1
3.3742033682972714 39.56500756996539 11.6394 -0.334376 0.32729901852929244 1.5716365862427648 32.3053 18.1441 0.615594 0.380395 1754483208.548116 2 0 2
19.335412855834207 37.774202316230756 0.134326 -2.42851 -0.040963095313461206 1.1645472648613473 16.4116 13.2994 0.555323 0.615815 1754483208.548116 2 0 2
19.495593160305006 37.69208394722559 0.148803 -2.35455 0.0502067461170661 1.160089693951754 18.3229 15.2014 0.639442 0.607782 1754483208.548116 2 0 1
19.67876456737154 37.71841697110922 0.00257248 -2.33268 0.08707771285316657 1.1561941190613025 15.3602 11.9853 0.636481 0.554589 1754483208.548116 2 0 2
44.5621 0.928823 0.0611816 2.60288 7.0961628637206395 -0.002494418980869758 19.9211 11.1005 0.57155 0.519531 1754483208.548116 1 0 1
44.5741 0.998788 0.0662038 2.63398 7.128409827800166 -0.0007897384471543759 21.8934 11.5767 0.610592 0.536404 1754483208.548116 1 0 1
3.3903858702118623 39.77420027766688 11.6122 -0.419143 0.2444150370639669 1.5712177072222862 31.2208 10.6389 0.607419 0.43608 1754483208.548116 2 0 1
19.743718638057924 38.6531843881205 0.0820323 -2.4634 -0.07325577109564385 1.1638753130993296 19.3049 14.0226 0.565235 0.434347 1754483208.548116 2 0 1
19.76947097061281 38.66132023136816 0.099414 -2.37065 0.021402742732551605 1.163381384921015 18.9294 14.5135 0.609381 0.502419 1754483208.548116 2 0 1
19.620301883519133 38.760868127143304 -0.0655977 -2.30025 0.07529478308297666 1.1676487149421413 22.3018 18.7879 0.639563 0.473279 1754483208.548116 2 0 1
19.526126739748808 38.749368071062655 -0.135179 -2.22677 0.14105624611952683 1.169640135618667 21.2954 17.6355 0.679439 0.513346 1754483208.548116 2 0 2
44.729 0.975903 0.0547619 2.52757 7.02161316717577 -0.0013665872182310225 25.4361 20.3195 0.586549 0.553715 1754483208.548116 1 0 2
44.744 1.01597 0.0264007 2.55561 7.0503032107946115 -0.00039552092900641683 28.3797 21.8012 0.620886 0.547425 1754483208.548116 1 0 1
44.7754 1.04726 0.122447 2.59106 7.0862553834657085 0.000359019813215772 20.6749 13.0584 0.633386 0.561661 1754483208.548116 1 0 2
19.790259461514044 38.84788406678104 -0.770965 -2.39039 -0.0034504175148195593 1.1647043444940268 23.9887 19.2524 0.611309 0.325465 1754483208.548116 2 0 1
19.77659535591213 38.88497032835208 -0.397349 -2.34221 0.042198439539882227 1.1653588429635249 20.2171 16.2156 0.651555 0.350525 1754483208.548116 2 0 1
44.9196 1.01994 0.0242057 2.43482 6.929560374913644 -0.0003248176410081266 20.0706 16.736 0.594251 0.548454 1754483208.548116 1 0 1
44.9165 1.05935 0.0521746 2.47848 6.973854041244726 0.0006283939299685766 23.3213 19.8374 0.617107 0.572956 1754483208.548116 1 0 1
44.9839 1.11024 0.276501 2.5063 7.002477130042662 0.0018453945640917024 17.6354 14.4077 0.611439 0.597926 1754483208.548116 1 0 1
45.6212 0.728675 0.788981 2.59112 7.081064015727521 -0.007350434596059565 13.9517 11.1269 0.584571 0.461006 1754483208.548116 1 0 1
32.88393854714414 30.071980979153896 7.09482 -3.51405 0.14188588898308296 0.7828175775114076 20.1001 10.3067 0.589513 0.363135 1754483208.548116 2 0 1
19.664629321082074 39.911362521282165 0.261523 -2.27936 0.058566256150049956 1.1773318016322059 13.1084 10.1715 0.567959 0.46096 1754483208.548116 2 0 1
45.8747 0.731401 1.00765 2.48062 6.970613112296074 -0.007280127497801478 12.711 10.5625 0.504411 0.414063 1754483208.548116 1 0 1
46.0087 0.979593 0.069035 2.57394 7.0679402806529055 -0.0014304313622689746 13.0174 10.9829 0.502849 0.515349 1754483208.548116 1 0 2
33.15410441316771 30.06576067919555 7.12897 -3.60982 0.05866969090613994 0.7781505670915747 22.3735 15.7306 0.575882 0.398609 1754483208.548116 2 0 1
19.89044828613722 40.38471490031493 -0.0103977 -2.08314 0.25723394505316 1.1767034831014878 14.8909 12.8114 0.470521 0.583468 1754483208.548116 2 0 1
20.193488322852073 40.6098805649184 0.000169516 -2.29921 0.058556589096844025 1.1722319495578786 17.4933 14.5753 0.601449 0.574905 1754483208.548116 2 0 2
20.183208272200655 40.61304596447473 -0.225825 -2.24105 0.11576060536958677 1.1724780409824096 23.2577 20.978 0.693035 0.623464 1754483208.548116 2 0 1
20.299332728928285 40.569407364507626 -0.302707 -2.20001 0.16791777778630834 1.1696139556798868 19.4092 16.7624 0.682743 0.636434 1754483208.548116 2 0 2
3.939682915393459 42.498047106061115 11.3868 -0.541806 0.18095882775204064 1.558033490052721 27.5819 11.6443 0.526629 0.341277 1754483208.548116 2 0 2
20.393012122096817 40.73860738006304 -0.323913 -2.33616 0.03356800303678753 1.1691496980988563 22.2083 19.5023 0.602842 0.593757 1754483208.548116 2 0 1
20.47522639706068 40.72488411481356 -0.430212 -2.28818 0.08877082895478727 1.1672856864577266 19.4521 16.8212 0.628322 0.58279 1754483208.548116 2 0 1
20.118756728095367 41.06054732083569 -0.0557632 -2.2857 0.05032866236567024 1.1778187484935123 13.7197 11.3357 0.552052 0.541362 1754483208.548116 2 0 2
2.8277161474882693 44.210593427817166 -1.98226 -0.376506 0.22900324313925047 1.5841191810530284 18.4795 14.4959 0.614966 0.223408 1754483208.548116 2 0 2
2.5924645056967965 44.242490872100284 -1.84563 -0.310609 0.2705885587731306 1.5895157391001946 21.1957 17.4592 0.652692 0.24179 1754483208.548116 2 0 1
2.7420255797174047 44.26573799037851 -2.18755 -0.259826 0.33689466469541907 1.5860704591567578 16.9467 13.2818 0.603485 0.234944 1754483208.548116 2 0 2
20.201808757733744 41.366812232737324 0.0658528 -2.39331 -0.060880804695396584 1.178742027667817 13.4204 11.0593 0.431897 0.605632 1754483208.548116 2 0 1
20.267159938146325 41.6258908210294 0.180156 -2.36053 -0.03149796557207285 1.1796129469645624 17.4528 15.3661 0.483019 0.533483 1754483208.548116 2 0 1
2.699615988810061 44.452804263291966 -1.891 -0.400906 0.19174190351744513 1.586974539709291 15.8813 11.953 0.615319 0.246076 1754483208.548116 2 0 1
3.0178526064613047 44.487377019926235 -2.44915 -0.35342 0.2720396619439546 1.5796877900822146 14.8862 10.536 0.554914 0.225003 1754483208.548116 2 0 1
2.2025456335683486 44.5846669518137 2.24807 -0.293875 0.2478944611474988 1.5982598386526863 13.8595 10.6801 0.487507 0.279452 1754483208.548116 2 0 1
20.634279571490715 41.84764849352606 0.155835 -2.22939 0.12191244790944067 1.173895248335029 17.2853 15.6483 0.649636 0.613885 1754483208.548116 2 0 1
20.59526635283237 41.84569697069266 0.257036 -2.17452 0.17370749433810007 1.1746858824861823 16.6146 14.8163 0.626242 0.523838 1754483208.548116 2 0 1
44.01601752620323 18.381528527125678 0.798371 -4.42878 -0.04072432774102186 0.40967665541053183 10.9921 10.5302 0.438742 0.437835 1754483208.548116 2 0 1
44.101399412750894 18.252787422481845 1.99847 -4.37488 0.017200863715985726 0.406243592771859 15.8579 15.2367 0.583504 0.2164 1754483208.548116 2 0 2
44.18555244977141 18.276551051050497 2.07992 -4.34912 0.04326163173216102 0.4059852840425639 18.8035 18.0001 0.620324 0.321014 1754483208.548116 2 0 1
44.21851543995892 18.302040624707896 1.69847 -4.30347 0.08863729426862044 0.40622090349158313 17.1301 15.8452 0.617922 0.329217 1754483208.548116 2 0 2
44.61263426014554 18.256631782397303 0.189933 -4.35841 0.03879403219918931 0.40180871114254146 12.31 11.1622 0.603566 0.414667 1754483208.548116 2 0 2
36.065049150746106 30.55031385236012 6.80068 -3.65622 0.112554516792021 0.7397306342674236 22.7075 12.6527 0.595016 0.480608 1754483208.548116 2 0 1
20.64341217269145 42.088285457696664 0.220872 -2.35029 -0.006341370989699335 1.1757854399149388 20.9685 18.835 0.532084 0.578953 1754483208.548116 2 0 1
20.68502538228886 42.05882106067399 0.22925 -2.28058 0.06768823179653483 1.1746754105106705 19.6023 17.321 0.509775 0.408693 1754483208.548116 2 0 2
20.723157635607144 42.1265768592965 -0.401295 -2.2405 0.10855577203797173 1.174472952317439 14.2409 12.1118 0.443099 0.289374 1754483208.548116 2 0 1
44.36069850375633 18.33033462409484 2.01918 -4.42107 -0.028174896266984106 0.4055437157418093 16.3221 15.0456 0.59321 0.268043 1754483208.548116 2 0 1
44.40169569661334 18.3768726088848 0.710292 -4.3743 0.017900799606991313 0.4061406183459914 16.073 14.7899 0.610478 0.381155 1754483208.548116 2 0 1
36.34643874763181 30.720518502128513 7.01583 -3.7374 0.03501247198540236 0.7382959736222843 18.274 10.5419 0.559162 0.364951 1754483208.548116 2 0 1
39.779751845324924 -25.584003345024488 0.354416 -2.66327 0.5874433855643049 -0.6266317865828732 34.0184 11.4709 0.467669 0.271029 1754483208.548116 2 0 1
20.893437695436646 42.53118430595581 -0.0343185 -2.23941 0.10972723622314362 1.1744520083664154 16.7594 14.3518 0.467344 0.444351 1754483208.548116 2 0 1
20.720026477681735 42.592787345862355 -0.0749663 -2.17462 0.15871435250719257 1.178509898877302 14.0413 11.3739 0.523981 0.488218 1754483208.548116 2 0 1
34.18720332490495 33.64260934443192 7.42708 -3.46803 0.08899396753998268 0.8186125351405592 26.3659 13.3053 0.56444 0.52865 1754483208.548116 2 0 1
20.70958233526288 42.884247944962965 0.10005 -2.30392 0.01904177036129262 1.1811680353280893 15.2001 13.0495 0.476306 0.456067 1754483208.548116 2 0 2
4.748974837983919 45.70862840870103 10.0886 -0.442246 0.3570313012307142 1.5409536979927045 19.7801 10.9682 0.572411 0.257456 1754483208.548116 2 0 2
40.53814548892975 -26.121321928851284 -0.702372 -2.51245 0.738922734671775 -0.6264240924018859 32.7014 13.1789 0.458059 0.421435 1754483208.548116 2 0 1
3.6312049847498185 45.14375786102481 13.1533 -0.339126 0.3490338297331396 1.5657426093587798 27.6522 11.8325 0.487323 0.438106 1754483208.548116 2 0 2
49.148690771211776 -7.297895853836688 2.68767 -4.32789 -0.01618238180137599 -0.17411904968782702 28.3105 20.4695 0.583933 0.40204 1754483208.548116 2 0 2
49.14635352373556 -7.319440533325304 2.58632 -4.29086 0.020179356987238606 -0.17458470353225908 30.2001 21.175 0.611667 0.393176 1754483208.548116 2 0 1
34.075696041331824 34.552600976124616 7.73421 -3.40406 0.10898226971798675 0.8340185564479132 26.5834 12.541 0.44997 0.441272 1754483208.548116 2 0 2
49.267232585493076 -7.354519584341672 2.65623 -4.38878 -0.07815840467073532 -0.17487547538564133 27.9399 24.7291 0.591873 0.416133 1754483208.548116 2 0 1
49.26404498409018 -7.38396868847745 2.59276 -4.35525 -0.04554142384937876 -0.17551007710166647 29.7476 26.5165 0.617055 0.379606 1754483208.548116 2 0 1
37.24818154318032 32.137647437811765 6.86098 -3.61369 0.13434107063819845 0.7478533966062052 21.7821 10.9741 0.483153 0.377968 1754483208.548116 2 0 1
49.53289266425673 -7.393040536362985 2.54662 -4.52607 -0.21519409336256423 -0.1746984989994891 14.7657 11.6884 0.546344 0.416002 1754483208.548116 2 0 1
49.4995902045363 -7.566054957090814 2.58401 -4.47629 -0.17084813365091467 -0.17845985807046208 16.5294 13.6287 0.627861 0.309986 1754483208.548116 2 0 1
34.88567521202529 35.42612528789997 6.1105 -3.41048 0.10335688576916802 0.8337427944260981 22.6703 10.295 0.577082 0.352174 1754483208.548116 2 0 2
34.71515130879457 35.40721157381905 7.34806 -3.36875 0.13807198824244216 0.8361740380741262 25.0253 11.1769 0.554801 0.416069 1754483208.548116 2 0 1
21.17627626834609 44.56204200247749 -0.148946 -2.19182 0.1141411598320139 1.1855156504948072 15.9468 13.6845 0.638007 0.558623 1754483208.548116 2 0 1
21.014197232324964 44.67577182172886 -0.0611107 -2.16905 0.12092193656850592 1.189594484956718 14.1189 11.5297 0.661002 0.586192 1754483208.548116 2 0 1
45.30644783513821 23.108815170668088 3.65297 -4.16948 0.109375880233201 0.49024279901184215 12.7994 10.7742 0.542886 0.367045 1754483208.548116 2 0 1
35.0850744403885 35.362556795245894 7.34958 -3.44259 0.0829038802267843 0.8296866492444633 23.8357 12.3264 0.642562 0.558737 1754483208.548116 2 0 1
35.15624745967351 35.405202698188404 7.65721 -3.43073 0.09621442999156526 0.8291805037613849 26.522 14.1813 0.581223 0.538789 1754483208.548116 2 0 1
35.15751609960494 35.49449280902016 7.67105 -3.40048 0.12285138656900552 0.8304406314813249 24.6736 11.7266 0.516845 0.455394 1754483208.548116 2 0 2
21.15909982909949 44.81704621226984 -0.227695 -2.30175 -0.005006884751913354 1.1878683543264956 15.6922 13.7933 0.539185 0.529258 1754483208.548116 2 0 1
21.161318207770094 44.85133139039632 -0.0594447 -2.25965 0.036203461741971754 1.188095247129255 15.9778 14.3959 0.619997 0.543517 1754483208.548116 2 0 1
45.600884443751056 23.176438816495992 3.62108 -4.30689 -0.02551755886871998 0.48859346286870753 12.4756 10.4185 0.548676 0.358306 1754483208.548116 2 0 1
50.70069812251645 -7.741370101436152 2.08865 -4.24252 0.06414959237525508 -0.17761372244909523 14.8334 12.732 0.43378 0.298916 1754483208.548116 2 0 1
33.3109994079294 37.79040494328468 7.83233 -3.19169 0.1495353766414369 0.89164409236101 20.6755 10.2215 0.491519 0.340842 1754483208.548116 2 0 1
33.56215571063452 37.610009228453414 7.78661 -3.13339 0.2277272047483483 0.885161939519103 21.1184 11.5855 0.585358 0.374178 1754483208.548116 2 0 1
5.369402688255426 48.28162533212972 10.2775 -0.546072 0.3042412714719739 1.5295322633676536 27.9 20.0344 0.57467 0.426202 1754483208.548116 2 0 1
5.288401945676096 48.2566416543726 10.2755 -0.495926 0.34688373624439495 1.5312130154373242 28.9121 21.1809 0.552356 0.439051 1754483208.548116 2 0 1
50.77373815899436 -8.787424013534407 2.66175 -4.42915 -0.15392801877423423 -0.19865785537209169 14.7987 11.5385 0.453936 0.252542 1754483208.548116 2 0 1
50.90243136695287 -8.207885287147853 2.45646 -4.37184 -0.07803605496989086 -0.1863777187550596 16.5157 13.464 0.510515 0.388214 1754483208.548116 2 0 1
34.77598699947298 36.79449604170691 7.64099 -3.40859 0.04412474763369234 0.854691981437786 21.7854 11.2886 0.492827 0.509136 1754483208.548116 2 0 2
35.0204931731823 36.57484347110115 7.86769 -3.35456 0.1183967746372594 0.8478118935264244 24.3427 14.1784 0.481036 0.430221 1754483208.548116 2 0 2
33.448525035552805 37.966725600045095 7.77774 -3.28512 0.05586349843701788 0.8917226321773498 27.2605 16.5596 0.533475 0.368365 1754483208.548116 2 0 2
33.6669131842071 37.807138132110296 7.80964 -3.23508 0.12323924890529181 0.8860764920471481 28.522 18.344 0.608035 0.366704 1754483208.548116 2 0 1
5.574152214324196 48.47561754635135 10.2466 -0.698244 0.17042444435986948 1.5254185223207029 22.1077 13.2877 0.577806 0.387115 1754483208.548116 2 0 2
5.2573514439953835 48.4749349590408 10.2979 -0.638396 0.20070394312319384 1.5320437921612733 34.6157 26.1814 0.60553 0.436161 1754483208.548116 2 0 2
5.10774924240388 48.484487437628395 10.2842 -0.604766 0.22032349589179367 1.5351801488271073 35.3126 27.1486 0.588753 0.401674 1754483208.548116 2 0 1
4.078211637395615 48.588641458813136 10.1785 -0.331869 0.39659527735463734 1.556762890357269 22.9075 13.1289 0.496061 0.216494 1754483208.548116 2 0 1
33.574472549254914 38.146519916225856 7.65731 -3.37577 -0.035743466211070274 0.8920333007842047 23.536 14.1608 0.502193 0.362757 1754483208.548116 2 0 1
33.739220393269136 37.98077415656953 7.76358 -3.30734 0.04754739032112498 0.8871969934269284 25.5129 16.0628 0.571684 0.327897 1754483208.548116 2 0 1
34.143735993258346 37.809201665247464 7.84581 -3.28277 0.09885012935537008 0.878431949923413 20.0221 10.93 0.53577 0.347474 1754483208.548116 2 0 2
34.49505510992062 37.71686632447793 7.8026 -3.25595 0.14628275307207206 0.871614693865123 21.7997 14.0049 0.596599 0.360212 1754483208.548116 2 0 1
34.155749188042186 37.76412607872613 8.37912 -3.211 0.17301346919674243 0.8776430611015116 20.9404 10.1274 0.507425 0.42713 1754483208.548116 2 0 1
5.26867158459497 48.62095991120922 10.3129 -0.708943 0.13068694908625134 1.5319251097721378 29.5677 18.6027 0.60532 0.441384 1754483208.548116 2 0 1
5.122550656254102 48.62599031261035 10.3326 -0.668701 0.1572931452430386 1.534977690633876 30.7119 20.3489 0.560173 0.35975 1754483208.548116 2 0 1
3.373021404946336 48.78242820674066 10.4999 -0.547734 0.11456085829784934 1.5714987052318572 22.5257 11.5503 0.414284 0.365623 1754483208.548116 2 0 2
4.13846863999137 48.94915043043924 9.8894 -0.468025 0.2655740380556333 1.5556179543679607 24.8568 15.9011 0.559999 0.220278 1754483208.548116 2 0 2
4.0078887451256255 48.991981099544546 9.84626 -0.421793 0.2996094235464324 1.5583371773425678 25.5741 16.3362 0.592547 0.270573 1754483208.548116 2 0 1
4.149605866961292 48.94867951772016 10.1257 -0.350504 0.38412813609497126 1.5553875709066975 19.3324 10.1215 0.496295 0.207128 1754483208.548116 2 0 2
34.81613454646196 37.744021128342375 7.8873 -3.35801 0.05835259804734205 0.8669110315309985 21.401 12.0471 0.493068 0.257537 1754483208.548116 2 0 1
3.9833262935406104 49.189533508610296 9.91067 -0.509392 0.20950467899355907 1.5588956827032063 21.8946 12.3822 0.608672 0.318569 1754483208.548116 2 0 1
45.78829552112835 -25.54916667643896 2.24368 -3.65674 -0.1881951997677369 -0.5553630119069368 23.9924 11.9324 0.468235 0.235715 1754483208.548116 2 0 1
36.078857319074274 37.7592797543336 8.19362 -3.42773 0.04581483221438498 0.8476111806624451 18.6082 10.051 0.435709 0.445873 1754483208.548116 2 0 1
49.22667776687401 22.724158802803863 -0.896232 -4.23389 0.1067653239199986 0.44723265025494585 15.6582 13.0642 0.52469 0.260237 1754483208.548116 2 0 2
5.740401144908867 51.12560513664798 10.3193 -0.568506 0.3042177667215027 1.524509205780414 21.5873 13.5434 0.560158 0.493271 1754483208.548116 2 0 1
5.880225406765419 51.105415140020455 10.2063 -0.501567 0.38359064888052485 1.521720169635727 20.085 12.2587 0.544355 0.504144 1754483208.548116 2 0 1
49.42215055116926 22.95480934838041 -1.26581 -4.35457 -0.01717367098790401 0.449648185939706 14.8546 12.3558 0.457042 0.296653 1754483208.548116 2 0 1
18.28596693563628 50.37992963566111 0.579318 -1.76442 0.16373745777259252 1.2795452639460019 20.2523 15.2191 0.621698 0.516408 1754483208.548116 2 0 1
18.25432361594862 50.38893095896547 0.517291 -1.72814 0.19740308427026299 1.2801805637937278 17.2154 11.6443 0.620342 0.531042 1754483208.548116 2 0 1
5.781630240627024 51.357737881601246 10.2827 -0.667192 0.2082089738832944 1.5239088125177278 29.7296 15.125 0.603949 0.504725 1754483208.548116 2 0 1
5.866193695443444 51.39569860875777 10.1794 -0.6366 0.24606830833806148 1.522278674996365 29.257 15.4043 0.611853 0.524272 1754483208.548116 2 0 2
18.432009627924092 50.52749663844495 0.54707 -1.90262 0.03324675652196252 1.2776707803293597 18.4897 14.59 0.627899 0.533882 1754483208.548116 2 0 2
18.34544322330407 50.533047783910426 0.533926 -1.84168 0.08751150065128299 1.2792939365337146 26.0798 21.5425 0.628836 0.519807 1754483208.548116 2 0 1
18.30894203115387 50.54867990787926 0.467709 -1.80959 0.1164774577743688 1.2800531547583323 23.1878 17.8972 0.623111 0.517196 1754483208.548116 2 0 2
2.8065856240143416 51.721375701103376 11.1078 -0.358592 0.2538961544237752 1.5825693286772573 29.6885 17.7502 0.509305 0.282973 1754483208.548116 2 0 1
3.173980920366329 51.805834402006 10.7647 -0.294688 0.3502623292344638 1.5753558828787646 30.9454 18.5233 0.508747 0.315209 1754483208.548116 2 0 1
18.438158802854936 50.802151911436425 0.383246 -2.05055 -0.12046099148209155 1.279075770377215 15.1296 11.4856 0.423098 0.534147 1754483208.548116 2 0 1
18.418743407392725 50.70557750749957 0.479458 -1.93699 -0.006168693126653135 1.2788977467935119 20.5224 17.0417 0.622477 0.522717 1754483208.548116 2 0 1
18.429444464028183 50.70570936010757 0.473099 -1.89336 0.0382581502592374 1.2787040152465405 17.7948 14.2343 0.610336 0.47301 1754483208.548116 2 0 1
2.88981516357767 51.93774130539019 11.1075 -0.44835 0.1716734113718963 1.5808955579245947 32.3899 20.5459 0.598266 0.397331 1754483208.548116 2 0 2
3.1378674559522732 52.029959829554784 10.835 -0.408413 0.23345982424589706 1.5760400519455464 34.9882 23.5356 0.590156 0.333692 1754483208.548116 2 0 1
3.569848333743243 51.097527865330555 13.9804 -0.338137 0.3418689223520369 1.5675577517808539 34.6033 18.6409 0.443562 0.306336 1754483208.548116 2 0 2
3.006964700592478 52.164990685220616 11.0716 -0.543225 0.08725374224419946 1.5785725246901903 24.7203 12.8526 0.618212 0.427574 1754483208.548116 2 0 1
3.189214787248472 52.23822862507439 10.7571 -0.492511 0.15393871854401514 1.5750225249916336 27.9795 17.2975 0.594015 0.286907 1754483208.548116 2 0 1
53.16331446854652 20.8958272276118 1.17886 -4.3198 0.0962865715838026 0.3847655709968168 14.2991 11.1563 0.437184 0.335208 1754483208.548116 2 0 1
53.4289684577499 20.79353760732587 1.08177 -4.40574 0.014181044811188315 0.38115623010369254 15.3349 12.3881 0.482612 0.356364 1754483208.548116 2 0 1
6.265377409604962 53.8494068415735 10.546 -0.682566 0.2235377616887828 1.5170182526308544 22.1796 13.0701 0.494095 0.453115 1754483208.548116 2 0 1
6.177066447019197 53.90606806015319 10.5466 -0.647605 0.2508659116617351 1.5187321659563127 30.081 21.1368 0.608339 0.479002 1754483208.548116 2 0 1
6.2364064472354235 53.91059008918202 10.5472 -0.611328 0.29207891700940913 1.5176238818812962 29.0739 20.2549 0.625121 0.452508 1754483208.548116 2 0 1
6.319861466710577 54.030456214202744 10.503 -0.760063 0.14977071925430796 1.5161804945898971 25.2116 15.8599 0.550123 0.469358 1754483208.548116 2 0 2
6.265614196110042 54.049901268535834 10.5562 -0.713552 0.19167357493743276 1.5172154748363296 34.6083 25.4494 0.619159 0.472903 1754483208.548116 2 0 1
6.29867451847994 54.06869035823561 10.5443 -0.683872 0.22401911253764184 1.5166168269028955 34.4348 25.5905 0.62147 0.436264 1754483208.548116 2 0 2
6.082514518631828 54.10706609489498 10.5446 -0.632087 0.25763631459774683 1.5206956613648062 24.5203 15.9569 0.596728 0.296538 1754483208.548116 2 0 2
6.369309991484199 54.232637224825815 10.5417 -0.798322 0.11469721911328679 1.515464909596579 27.8877 18.2235 0.631645 0.447886 1754483208.548116 2 0 1
6.378130379219233 54.23738096009257 10.5243 -0.759324 0.15440218134990757 1.5153060846346478 28.4407 19.1319 0.630146 0.395806 1754483208.548116 2 0 1
4.106896545944287 54.44344008190441 10.8064 -0.565638 0.15835606629726373 1.5577594733601579 21.5088 10.9711 0.446196 0.323848 1754483208.548116 2 0 1
56.079657047712345 20.563462590736343 2.82486 -4.41345 0.02794391132385332 0.3598370332905818 14.819 11.9677 0.474414 0.269224 1754483208.548116 2 0 1
6.769012552485834 56.59194406766385 10.6859 -0.754255 0.1801259733408308 1.5106635088243427 19.8203 12.1176 0.506489 0.457474 1754483208.548116 2 0 2
6.827863344627261 56.62956854081104 10.7069 -0.71385 0.22501647172467265 1.50965470851669 25.3586 16.1804 0.515851 0.467476 1754483208.548116 2 0 1
6.687964086663826 56.67095858516988 10.6829 -0.667054 0.2605270711968042 1.5121924172490897 23.7177 16.1657 0.536477 0.523064 1754483208.548116 2 0 1
6.708559439221411 56.59792891394483 10.752 -0.574681 0.3548719562277298 1.5117491036190833 19.4657 10.9388 0.57538 0.508604 1754483208.548116 2 0 1
35.92468355502201 46.79317836951518 7.45882 -3.01491 0.12157272002528119 0.9559315500289691 17.1167 10.3655 0.557879 0.44568 1754483208.548116 2 0 1
6.680931432444533 56.75850159436905 10.7072 -0.828945 0.09767335241786357 1.512408838076337 19.845 10.3185 0.469886 0.422021 1754483208.548116 2 0 1
6.879914569784959 56.77563411512513 10.71 -0.773794 0.16847863940401064 1.5088885089750648 25.6555 16.4067 0.522657 0.455926 1754483208.548116 2 0 2
6.661520961433448 56.830723736598486 10.7479 -0.739963 0.18478413778158986 1.5128294624260679 28.8454 18.9026 0.580409 0.523886 1754483208.548116 2 0 1
6.6646884686248935 56.836603446581805 10.8655 -0.689282 0.2356903133538495 1.51277884787776 23.758 14.7575 0.599552 0.49881 1754483208.548116 2 0 2
4.637580629806638 57.04910783448261 11.0441 -0.533455 0.2300722144074513 1.5489403246498306 28.0372 17.8472 0.568887 0.444341 1754483208.548116 2 0 1
4.51146417960315 57.06891054711849 10.9083 -0.491937 0.2615266290095501 1.5511865633971471 25.3607 14.9339 0.593506 0.441396 1754483208.548116 2 0 1
6.657708396617026 57.03604385213319 10.8561 -0.835442 0.08806274722018226 1.513108715106387 21.6149 11.5414 0.530398 0.519813 1754483208.548116 2 0 1
4.88124257274354 57.2276525662248 11.0425 -0.69185 0.09067565702950442 1.5446974292382323 20.6211 10.0598 0.539668 0.453744 1754483208.548116 2 0 2
4.644722436220196 57.20325922966575 11.049 -0.6051 0.1587321116577446 1.5488722568090028 29.6536 19.2671 0.585931 0.445886 1754483208.548116 2 0 1
4.5362894748657085 57.25024878196702 10.9686 -0.579626 0.17552688922254145 1.5508095722787165 27.8265 17.3533 0.595198 0.408768 1754483208.548116 2 0 2
36.41604048619689 47.69563109277729 6.38916 -2.99321 0.13643729277005612 0.9580084918388424 17.1358 10.8771 0.61939 0.497265 1754483208.548116 2 0 1
39.965061306915096 45.53627458141467 7.4739 -3.26989 0.08790031192721148 0.8862492796430955 17.1876 10.2803 0.567245 0.365962 1754483208.548116 2 0 1
3.6567863650427097 58.52922355766084 10.2796 -0.574625 0.11026569727261126 1.5664704116568615 24.0853 11.4503 0.606151 0.28596 1754483208.548116 2 0 2
3.660700036283264 58.53449852830585 10.3364 -0.545267 0.13992945887880304 1.5664023438160337 24.9284 12.5968 0.619748 0.323383 1754483208.548116 2 0 1
7.1116890200416 59.080811427807795 10.5597 -0.703578 0.24543551123964402 1.5073718178550817 19.5211 10.3861 0.441061 0.476088 1754483208.548116 2 0 1
7.17608540155419 59.27789735324107 10.6102 -0.799051 0.15388657118932203 1.5064886812535725 23.6846 13.6904 0.555246 0.493055 1754483208.548116 2 0 1
7.040456333179417 59.25806144627839 10.6856 -0.751282 0.1914949225027398 1.508775062573685 20.9308 11.1946 0.554078 0.445936 1754483208.548116 2 0 2
4.288040241420907 60.64146088280191 11.1756 -0.562747 0.1687622435001369 1.5560839572782432 20.0773 10.1539 0.507523 0.520504 1754483208.548116 2 0 2
5.3666600030019325 60.881387328170035 10.7523 -0.712511 0.09900471800887989 1.5382170217255773 18.9227 10.1656 0.588441 0.563053 1754483208.548116 2 0 1
6.479723269495166 62.220972139658315 11.1349 -0.74822 0.14080335820275935 1.5208527409974857 20.376 12.2999 0.52621 0.546496 1754483208.548116 2 0 1
6.81531154254138 62.277733950419275 10.9514 -0.7223 0.19074252592786545 1.5154596736088233 24.3214 16.8506 0.591215 0.477544 1754483208.548116 2 0 1
6.868428981252591 62.291295421665154 10.8185 -0.66885 0.24796789894507276 1.5146114435923541 18.8732 11.3856 0.541376 0.332815 1754483208.548116 2 0 1
6.98418699955205 62.39425618278101 11.1013 -0.837949 0.08678260834444695 1.5128329530845719 20.3353 12.7409 0.522326 0.52695 1754483208.548116 2 0 2
7.030261941783866 62.42786209448525 10.9556 -0.79655 0.13134937994745444 1.512120858749758 26.0193 18.7203 0.586653 0.406354 1754483208.548116 2 0 1
6.958713278601313 62.46441697780234 10.8178 -0.744593 0.1780187345155252 1.5133094279703663 20.6643 13.4729 0.52434 0.291115 1754483208.548116 2 0 2
4.746059483726009 63.2999902959298 11.7152 -0.59958 0.16193011278540625 1.5493906195968452 19.4443 10.6713 0.575031 0.449497 1754483208.548116 2 0 1
8.248896974910714 65.1712461580501 10.7976 -0.762761 0.23770155904252843 1.495779340963335 22.0736 16.2274 0.525325 0.448799 1754483208.548116 2 0 1
7.952823992529329 65.17643145645486 10.915 -0.721388 0.2587724349913425 1.5003573395913161 19.2606 13.2171 0.515118 0.415536 1754483208.548116 2 0 1
8.50575395542384 65.3364071346777 10.8048 -0.897128 0.11999867362074734 1.4920181564252875 23.0092 15.8452 0.518959 0.441199 1754483208.548116 2 0 2
8.164074541762773 65.36428239644297 10.8535 -0.852178 0.14150659522360864 1.4973082493880823 30.5156 23.3798 0.539881 0.412478 1754483208.548116 2 0 1
7.888380368924862 65.37863773591663 11.0547 -0.824871 0.14991439342455093 1.5015685980922002 28.5143 21.5983 0.554824 0.343421 1754483208.548116 2 0 2
6.385796461761549 65.51000358145117 11.6121 -0.671787 0.19949685946714524 1.5248320916920328 21.9184 13.9315 0.573575 0.427121 1754483208.548116 2 0 1
6.839381274674664 65.50931515079263 11.4737 -0.610139 0.2922808045177864 1.5178455386962997 20.0664 12.7203 0.61311 0.432132 1754483208.548116 2 0 1
8.472507077093983 65.50031552864668 10.8205 -0.9773 0.036688262819901785 1.4927267601015972 19.4175 12.588 0.525194 0.44124 1754483208.548116 2 0 1
8.124422035506022 65.50063214045596 10.8626 -0.911493 0.0788017412744898 1.4980727036004557 27.1172 19.8639 0.53254 0.391606 1754483208.548116 2 0 1
7.846067986827794 65.51030451306653 11.1507 -0.886215 0.0850611289541372 1.5023592322433539 26.6605 19.4905 0.572994 0.301559 1754483208.548116 2 0 1
6.529655592932048 65.6852839273233 11.644 -0.744023 0.1365680540866946 1.5227446779066476 27.8605 19.1407 0.603902 0.398669 1754483208.548116 2 0 1
6.964141952803153 65.7210163778494 11.4849 -0.703528 0.2066553700781334 1.5161019547735572 26.4684 18.344 0.629236 0.383031 1754483208.548116 2 0 2
6.688851250952823 65.84426694007404 11.7111 -0.81838 0.07255652033473792 1.5204233900014952 22.0426 13.9491 0.600601 0.356751 1754483208.548116 2 0 1
7.03952178723749 65.88563301859296 11.5788 -0.774947 0.13975801408386246 1.5150861731488965 23.1292 14.3607 0.622634 0.3277 1754483208.548116 2 0 1
6.57926842679719 65.85516454653435 12.1488 -0.730481 0.15294191880592045 1.5221093780589217 23.2201 13.9315 0.585763 0.212554 1754483208.548116 2 0 1
70.22772338229333 5.438143865777676 7.39313 -4.4703 0.060220510842550645 0.07008096153298722 15.5984 10.8271 0.471945 0.485131 1754483208.548116 2 0 1
70.22230509592896 5.7964611044760534 7.4549 -4.43737 0.09495003373581312 0.07542131997823946 19.3024 14.5459 0.5091 0.421546 1754483208.548116 2 0 1
70.40144566691119 5.566714989064418 7.40716 -4.55285 -0.021732931753266627 0.0718093610912372 19.0791 15.175 0.529523 0.461652 1754483208.548116 2 0 2
70.37594103152483 5.974349138428519 7.45279 -4.51334 0.019768185588844744 0.07788991367226022 23.1013 19.5669 0.518441 0.383517 1754483208.548116 2 0 1
70.57054051180513 5.753804393554578 7.99764 -4.61805 -0.08606408019765777 0.07440012783289758 16.5743 12.6321 0.494057 0.678985 1754483208.548116 2 0 1
9.233307450857446 68.42501142377428 11.1004 -0.909577 0.1389594488495759 1.4849199023574267 22.199 13.8197 0.662213 0.425127 1754483208.548116 2 0 2
8.991130249571974 68.52515158660111 10.7747 -0.877016 0.15526985662293624 1.4885938204328746 24.0102 15.1632 0.598105 0.397363 1754483208.548116 2 0 1
7.318023143348265 68.818300049819 10.5267 -0.738869 0.18332339398451625 1.5134036757499738 20.8027 13.3876 0.599538 0.503963 1754483208.548116 2 0 1
7.057843934475426 68.79255740245306 10.921 -0.683817 0.22150960706466383 1.5171927855560536 20.1644 13.3729 0.608266 0.560959 1754483208.548116 2 0 1
9.06863879381079 68.71625413462174 10.7131 -0.957589 0.07869711566567195 1.4876897398803415 19.6092 11.8001 0.56216 0.439092 1754483208.548116 2 0 1
7.189997404723649 68.94971265790006 10.7731 -0.798768 0.11460858751916725 1.5153846244509874 22.669 15.0339 0.601966 0.500759 1754483208.548116 2 0 2
6.906117596394012 68.96792004569569 11.0534 -0.764386 0.1304463301150467 1.519548980046246 23.9124 16.6831 0.6351 0.484455 1754483208.548116 2 0 1
6.753692342997514 69.01468974697336 11.0196 -0.713804 0.17094914981002785 1.5218109267568307 20.2592 12.9672 0.633997 0.413882 1754483208.548116 2 0 2
5.777292469541788 69.01310752902761 13.6245 -0.608885 0.21214875613259188 1.5360877200381442 19.4719 10.0451 0.517351 0.207192 1754483208.548116 2 0 1
10.193641025782155 71.4045355725227 10.6822 -0.845736 0.2464325259418887 1.4750395934618865 17.0062 10.4537 0.437279 0.374992 1754483208.548116 2 0 1
9.603276392462751 71.62239061884827 10.8719 -0.982065 0.07233518018479956 1.4835934521259106 18.3607 11.9853 0.441229 0.40341 1754483208.548116 2 0 2
7.83867580964856 71.90272197573535 11.2156 -0.753949 0.18963475022007703 1.5085935483314776 24.6984 15.8923 0.515693 0.521867 1754483208.548116 2 0 1
7.696058030359973 72.0197277985713 11.5068 -0.875084 0.05918055499483499 1.510689688763123 21.0037 12.9055 0.412288 0.428371 1754483208.548116 2 0 2
7.850480068742023 72.05724367274179 11.2128 -0.826858 0.11685763256449289 1.5085638777341936 25.2812 16.8153 0.529191 0.523266 1754483208.548116 2 0 1
8.08671755938717 72.20213636598663 10.3777 -0.789134 0.16864945688816013 1.505397850471076 17.8711 10.1127 0.405738 0.402669 1754483208.548116 2 0 2
40.49958885271739 58.6981038247173 25.2013 -2.7179 0.2657468094287365 1.0014445009332253 31.7128 10.9447 0.492623 0.433218 1754483208.548116 2 0 1
8.655503436902213 74.97755804306826 10.9415 -0.870628 0.110198406443349 1.5002072412756449 20.9928 12.0353 0.556235 0.557763 1754483208.548116 2 0 1
8.661759169415044 75.06951634181324 11.1235 -0.753567 0.227243918986077 1.5002107319341489 18.5546 10.442 0.555104 0.378694 1754483208.548116 2 0 1
24.63877020236099 75.8306587206388 0.258118 -1.78679 0.07663095454916324 1.2952218112874148 19.1514 13.8932 0.613037 0.42247 1754483208.548116 2 0 1
24.637110376472656 75.82126948084431 0.417424 -1.73816 0.12531158644289753 1.295209593982651 16.8133 11.1181 0.611065 0.327287 1754483208.548116 2 0 2
11.020116503340395 77.67144548033887 10.9912 -0.97821 0.12670215605551172 1.472149328220584 19.8185 13.5846 0.614258 0.551262 1754483208.548116 2 0 1
11.189518250335631 77.60836800278356 11.2352 -0.908218 0.20666868710954867 1.4698856361807473 16.2043 9.83051 0.550248 0.430023 1754483208.548116 2 0 2
24.584823186656855 76.074697309138 0.23105 -1.89812 -0.04096507732763888 1.2967332664196418 15.7188 9.95104 0.594361 0.396865 1754483208.548116 2 0 1
10.943638147949418 77.87922828434303 10.9672 -1.07259 0.026828745539700716 1.4733954933065079 16.383 10.098 0.618681 0.551497 1754483208.548116 2 0 1
9.073352475369312 78.23133119251165 10.5123 -0.93544 0.05607763213282446 1.4977969415786405 17.7382 11.5179 0.489356 0.363436 1754483208.548116 2 0 2
9.740592532048186 77.38909926039128 15.0164 -0.832153 0.20123725969047201 1.4883442383498393 25.1109 12.7732 0.465375 0.380149 1754483208.548116 2 0 2
10.203486166362115 80.3450916019327 14.935 -0.854637 0.19081253279456056 1.4856180340582241 21.8593 12.6938 0.614034 0.239869 1754483208.548116 2 0 1
10.103198507256336 80.35363006427667 14.9532 -0.799221 0.24065536043205693 1.4868781617781643 21.239 11.2945 0.640479 0.286097 1754483208.548116 2 0 1
10.064574970361255 80.52907246314282 14.9874 -0.932201 0.10474144801752916 1.487541386893922 23.9682 13.5846 0.606003 0.252747 1754483208.548116 2 0 1
10.02732155373625 80.55220922514246 15.0462 -0.895046 0.13973432588035783 1.4880300790844803 23.7392 13.1965 0.648323 0.307563 1754483208.548116 2 0 2
13.03473644215416 86.16354412358561 12.6916 -1.04832 0.11639862040738169 1.458556704006052 21.22 14.5606 0.649183 0.414873 1754483208.548116 2 0 2
12.91497665627176 85.55781903978948 15.9222 -1.01539 0.14669906634761043 1.4591553519394862 28.7691 17.709 0.644755 0.399989 1754483208.548116 2 0 1
12.891444310969682 86.25945466844134 12.6804 -0.959515 0.197390403276417 1.4603351945138343 20.8603 13.6904 0.608686 0.375017 1754483208.548116 2 0 1
11.850833700903497 86.16688319168053 13.8731 -0.904251 0.20014574077270886 1.4722662652804674 24.1025 13.7404 0.570573 0.388399 1754483208.548116 2 0 1
11.806834174501759 86.01006656184094 14.7198 -0.832516 0.27041903323074723 1.4725978778383466 21.9406 10.9212 0.581332 0.378965 1754483208.548116 2 0 1
12.965917878309387 86.31787923344955 12.9378 -1.13285 0.027498578464461243 1.459551541679689 17.7397 11.3827 0.653203 0.369913 1754483208.548116 2 0 1
12.823819019886455 85.73749589185883 15.8673 -1.07926 0.07713921958603231 1.460450386244466 26.7032 16.0099 0.63931 0.402009 1754483208.548116 2 0 1
12.60759238287487 86.51915698220664 12.354 -1.02303 0.11803842644514351 1.4639375540899506 21.2456 14.5076 0.564614 0.397014 1754483208.548116 2 0 2
11.757992215201691 86.20777358056172 14.6963 -0.97374 0.12570952571232774 1.4733885119895 29.1967 18.3646 0.596239 0.437741 1754483208.548116 2 0 1
11.79750107532454 86.13052355300213 15.1549 -0.92527 0.176580213960698 1.4728439692628776 26.293 15.2749 0.602385 0.386378 1754483208.548116 2 0 2
11.68935706891535 86.37520725683287 14.9368 -1.06358 0.031536690100479436 1.4743711323583728 22.7285 12.3322 0.60014 0.44433 1754483208.548116 2 0 1
12.47181806546425 89.72705655547459 10.3704 -0.984451 0.13313405966085257 1.4692730256132973 16.6478 10.0539 0.604971 0.430856 1754483208.548116 2 0 1
12.709169528960256 91.85430196123454 9.27274 -0.982437 0.13613966388569243 1.46904787813979 16.3168 10.8859 0.545952 0.37898 1754483208.548116 2 0 1
15.286551439756392 92.0002861393713 10.0038 -1.07702 0.16312179009818473 1.441344266922884 18.6479 13.5552 0.590491 0.43339 1754483208.548116 2 0 1
14.749281153654817 92.21080322774158 9.30554 -1.04392 0.16964040444177653 1.4474197580490764 29.2551 24.0177 0.633412 0.455178 1754483208.548116 2 0 1
14.622959385416078 92.30200580016529 8.65408 -1.01156 0.19551813923439965 1.4488997972547677 29.795 24.3146 0.640996 0.350427 1754483208.548116 2 0 1
14.313484582143355 91.52179236639317 14.4265 -0.951473 0.24543305875267363 1.4512210851599199 25.0968 15.7394 0.632591 0.364841 1754483208.548116 2 0 1
14.908991222808037 92.25898521127617 9.98259 -1.16534 0.05546394002662747 1.4457651859181857 20.9866 15.7159 0.606481 0.512857 1754483208.548116 2 0 2
14.783488520243555 92.36888218881697 9.06535 -1.10678 0.10746822491191077 1.4472626784163969 32.5317 27.1721 0.634124 0.430591 1754483208.548116 2 0 2
14.647450370288988 92.4732463686522 8.30598 -1.07538 0.13186634467943392 1.4488614000112237 33.7123 28.4538 0.63993 0.288281 1754483208.548116 2 0 1
14.235285993054289 91.64788778118034 14.8531 -1.03565 0.15681043841889175 1.4522351214553286 30.0939 21.1456 0.638576 0.415228 1754483208.548116 2 0 2
14.919441518654063 92.58091213610527 8.77638 -1.2025 0.01689828249592873 1.4460863265005526 24.0457 18.9173 0.638248 0.369519 1754483208.548116 2 0 1
14.641678633848441 91.92809417664346 13.7612 -1.15841 0.05171849755489055 1.4482034108832218 29.9087 21.0486 0.640214 0.305018 1754483208.548116 2 0 1
14.331156470201762 91.78427450914677 15.1191 -1.1139 0.08234044169015986 1.4513729288048436 25.2525 15.8776 0.625513 0.441798 1754483208.548116 2 0 1
11.92618520809448 92.00058506792328 16.431 -0.973335 0.10705140875658004 1.477709947217438 23.5247 13.5787 0.631835 0.413126 1754483208.548116 2 0 1
12.342349980637533 92.02513441773073 16.1103 -0.921688 0.1785156231991608 1.4732174697228044 23.4077 13.2759 0.610695 0.467395 1754483208.548116 2 0 2
15.898790961223183 94.95672743175844 10.9378 -1.13735 0.11315692756389462 1.4389723644694237 15.8057 9.98044 0.568641 0.384957 1754483208.548116 2 0 2
16.283717543949226 94.95967614546578 10.6708 -1.0938 0.17421019647408365 1.4349633431775928 21.3376 15.319 0.577399 0.264504 1754483208.548116 2 0 1
15.098922567778013 94.4303316958969 15.0241 -1.04924 0.16774392511124714 1.4466378505441828 22.4676 12.4381 0.567411 0.316591 1754483208.548116 2 0 2
15.756397050416496 94.48704372455522 15.3128 -1.18186 0.06497912617728918 1.439811867839633 22.1316 12.5439 0.500352 0.287703 1754483208.548116 2 0 1
14.22017982690066 94.92891745249726 15.881 -0.987926 0.18588167485897455 1.4564867435131867 23.7938 12.9143 0.591637 0.343491 1754483208.548116 2 0 1
14.310424967788125 95.04564040150763 16.1283 -1.06266 0.11467924883421765 1.4556821467280174 26.6368 15.6541 0.607517 0.388767 1754483208.548116 2 0 1
14.12199249058805 95.04114043762888 16.3887 -1.02563 0.14307431996312792 1.4576491327950152 24.128 13.2847 0.641132 0.475144 1754483208.548116 2 0 2
94.57777376424467 25.013114960649045 25.46 -4.44683 0.06805849590739577 0.26013160911190175 26.4593 11.7766 0.560253 0.301972 1754483208.548116 2 0 2
15.6734002336527 97.98960123436859 10.5632 -1.05429 0.16846942798742104 1.445318381629675 17.6222 12.2823 0.576342 0.334539 1754483208.548116 2 0 1
15.593672487945792 97.57721730494721 13.324 -0.996944 0.2245779990977037 1.4456011249684981 18.1258 10.1803 0.544863 0.297829 1754483208.548116 2 0 1
15.654208941078997 97.5042332864126 15.0298 -1.13544 0.08919066248364182 1.4448907759629366 23.4073 13.8227 0.590817 0.373799 1754483208.548116 2 0 1
99.98972629066681 25.55374048817063 6.75485 -4.47923 0.03996063310492737 0.2514119441689381 18.2763 10.5155 0.627659 0.224907 1754483208.548116 2 0 1
15.176312031176565 101.33779882297682 9.68782 -1.0419 0.14138987193074182 1.454326025899218 21.8311 15.1221 0.644947 0.438489 1754483208.548116 2 0 1
15.151290843519925 101.36595758787183 9.51281 -1.00218 0.1798923535923973 1.454603533250285 18.7392 12.003 0.643234 0.418116 1754483208.548116 2 0 2
15.123057468928204 101.5021346179402 9.61632 -1.11145 0.06873080811322341 1.4550346295755276 20.9619 14.587 0.660398 0.440049 1754483208.548116 2 0 1
15.166443150891235 101.54685742954847 9.41673 -1.07926 0.10255964969664699 1.4546611291156009 18.6333 12.0735 0.621944 0.369089 1754483208.548116 2 0 1
17.97732688130871 102.93292951589108 -2.57544 -1.18291 0.11037029625610928 1.4291671047317196 16.4465 10.536 0.638269 0.455575 1754483208.548116 2 0 1
16.759485179335417 103.96666381650031 9.84913 -1.11 0.12660124626426073 1.4421540996958095 19.0448 11.8472 0.593239 0.340256 1754483208.548116 2 0 2
16.452330801631575 104.03761834811452 9.69095 -1.07655 0.14687393279369765 1.4451665379847516 21.1628 14.149 0.634219 0.434627 1754483208.548116 2 0 1
16.785479954539735 104.13849479682457 9.79419 -1.18779 0.0489715039339047 1.4421174477815175 18.6942 12.2823 0.609907 0.374416 1754483208.548116 2 0 1
16.675884065260355 104.15519236888548 9.64075 -1.13685 0.09526335785208118 1.4431803532959822 20.9863 14.8369 0.657925 0.449785 1754483208.548116 2 0 1
17.794623021927016 107.00001051765442 10.7874 -1.14243 0.12014926449527308 1.4362077629342647 21.8534 15.1162 0.683431 0.488425 1754483208.548116 2 0 1
18.85416425129385 106.78326771511713 11.2255 -1.06914 0.23732500487325003 1.4261389584795094 18.8963 12.9878 0.683239 0.514218 1754483208.548116 2 0 1
16.489252516706422 106.66332999104489 14.9401 -1.03425 0.17718561441422165 1.4479049595811309 21.8341 13.4964 0.576855 0.416242 1754483208.548116 2 0 1
18.168288568861648 107.08762922530137 10.9869 -1.21552 0.06162617716121832 1.4328689480751995 21.6623 15.0662 0.68025 0.482685 1754483208.548116 2 0 1
19.528902701060687 106.8499696036519 11.864 -1.16238 0.17074437827394573 1.4200076168172535 19.153 12.7908 0.583918 0.455574 1754483208.548116 2 0 2
16.823106618782955 106.85920002454785 14.65 -1.11649 0.10752203420689566 1.445032147632348 26.9883 18.0059 0.636916 0.469772 1754483208.548116 2 0 1
17.36451900653068 107.00074942071538 14.5114 -1.20771 0.037497015103108655 1.4401853682995598 20.9829 11.321 0.628239 0.427809 1754483208.548116 2 0 1
20.279873258002397 108.36615665396823 18.4588 -1.05475 0.2988906323681493 1.4152812652028526 20.347 10.2421 0.627361 0.2684 1754483208.548116 2 0 1
19.8476649481697 109.6538828626348 10.3467 -1.02348 0.3054586665520944 1.4209710385643544 16.0605 10.7565 0.60495 0.312127 1754483208.548116 2 0 1
19.411293165768488 109.92665616336615 10.651 -1.17821 0.13212835239364895 1.4252488405609922 20.1914 15.172 0.676257 0.409845 1754483208.548116 2 0 2
19.12678101664879 109.98846669384506 10.8167 -1.13927 0.15961240353711448 1.4278807970729999 22.9165 17.9471 0.673656 0.488569 1754483208.548116 2 0 1
18.45096077235909 110.12876749708477 11.0538 -1.10323 0.16845809978074744 1.4341203491488796 20.8641 15.2396 0.634874 0.508523 1754483208.548116 2 0 1
18.888922159048388 109.97998155976003 11.34 -0.993771 0.2958595541087792 1.430004862772677 16.4697 10.8741 0.556491 0.386635 1754483208.548116 2 0 2
19.384153884965105 110.17182401633598 10.5906 -1.29072 0.017157757576997223 1.4258143272386385 16.9906 11.9412 0.66354 0.417466 1754483208.548116 2 0 1
19.096488966895574 110.20965510996321 10.6285 -1.22173 0.07472787408199277 1.428437557104386 20.4213 15.7747 0.682142 0.497958 1754483208.548116 2 0 1
18.218827052544036 110.28124264152522 11.755 -1.18703 0.07476455008515837 1.4363875318472201 21.4756 16.2597 0.637556 0.467621 1754483208.548116 2 0 1
18.564734881942268 110.14004275079499 12.7446 -1.12083 0.15525060064760843 1.433113294170479 16.0727 10.6125 0.550707 0.4046 1754483208.548116 2 0 1
18.703217781595463 113.08910109230803 10.9922 -1.05899 0.20679626491745862 1.4354729793191752 21.9068 13.2318 0.627819 0.422008 1754483208.548116 2 0 1
18.205879996073545 113.16326665368739 10.9106 -1.00151 0.24490967497588678 1.4399078609484928 18.9082 10.0098 0.578769 0.38227 1754483208.548116 2 0 1
19.172376210600632 113.23811045306144 10.7946 -1.19852 0.08434093083467098 1.431558205806952 25.6835 17.1711 0.638111 0.41348 1754483208.548116 2 0 2
18.750119687224387 113.32479764034234 10.7881 -1.15705 0.1092998951343338 1.4353438249545276 31.4836 22.7419 0.658744 0.415371 1754483208.548116 2 0 1
18.549954883608454 113.37807121694453 10.7986 -1.12212 0.13632953364357414 1.4371537313888458 29.8012 20.9545 0.658702 0.386319 1754483208.548116 2 0 2
18.227265905819188 113.36512637457993 11.2695 -1.05119 0.1950313849551264 1.4399532395090446 20.2456 11.3445 0.595278 0.370769 1754483208.548116 2 0 2
19.338368849532223 113.36205089290411 10.9453 -1.27419 0.014315034265127924 1.430263171501972 22.7794 14.1637 0.622214 0.394092 1754483208.548116 2 0 1
18.674812739229893 113.46527434946229 10.7861 -1.2131 0.04965448641290027 1.4361676203614688 29.5002 20.4401 0.657501 0.390498 1754483208.548116 2 0 1
18.493009355103975 113.51243112389878 10.8252 -1.17858 0.07701921010424928 1.4378064845290914 29.0171 19.9962 0.671085 0.371604 1754483208.548116 2 0 1
18.14179030189655 113.55766678244144 11.2128 -1.13108 0.11092330164961006 1.4409184065853975 20.2888 11.2827 0.618502 0.36478 1754483208.548116 2 0 1
19.267189899828175 115.75245569582685 16.2332 -1.1512 0.12207929349272528 1.433755575335213 20.6658 10.0304 0.558803 0.360856 1754483208.548116 2 0 2
19.763006021223262 115.70629925655444 16.301 -1.09747 0.19448736947217515 1.4294707920215666 21.2953 11.1005 0.586916 0.342249 1754483208.548116 2 0 1
19.699783985263327 115.98569619180404 15.8736 -1.18807 0.10006998233543807 1.430346947306068 21.0077 10.6683 0.613691 0.368882 1754483208.548116 2 0 1
19.623614190559785 119.19411619074741 14.4824 -1.16879 0.10021781220890502 1.4347347050455816 20.0994 10.3332 0.632905 0.418801 1754483208.548116 2 0 2
19.305373959998356 119.33013999814897 14.0807 -1.11732 0.1395062866921044 1.4375254865195204 20.5376 10.6801 0.648774 0.426617 1754483208.548116 2 0 1
19.19058740059979 119.58386581866358 13.7682 -1.20444 0.047019954231006134 1.4387541983129246 19.9668 10.3038 0.6733 0.390868 1754483208.548116 2 0 1
21.88236285035398 128.66354039740548 9.94303 -1.2304 0.07075455933392716 1.4273589436266536 15.7473 8.84276 0.435221 0.423009 1754483208.548116 2 0 2
22.070416349758357 128.6713427076711 10.0105 -1.19196 0.11542406933471083 1.425927773640018 17.1934 10.001 0.544996 0.4691 1754483208.548116 2 0 1
117.94894353120424 59.44938827906895 25.5732 -4.19641 0.10729527845441389 0.47360632058183216 25.2618 9.75408 0.531018 0.403702 1754483208.548116 2 0 1
24.5565673173084 130.41447546441196 9.49049 -1.25473 0.12561658112821505 1.4091185076140607 18.3875 9.60121 0.762612 0.581266 1754483208.548116 2 0 2
24.090140938820404 130.537443191325 9.40411 -1.20228 0.16225045920330095 1.4127697364092329 19.6161 10.8418 0.637848 0.507507 1754483208.548116 2 0 1
24.701999767627314 130.6075454306327 9.48997 -1.35235 0.03169846999261239 1.4082632962805837 17.1081 8.93683 0.735469 0.568949 1754483208.548116 2 0 1
24.047359989778695 130.74471141945102 9.39705 -1.28459 0.07746659579491078 1.413340459074635 20.4992 12.1764 0.67333 0.425961 1754483208.548116 2 0 2
27.06830541905728 141.954246647271 8.58722 -1.23207 0.16704751216355262 1.4047796190936028 19.4897 13.1289 0.515412 0.391343 1754483208.548116 2 0 1
26.795161901535327 141.96398583767447 9.47836 -1.19567 0.19526581876353877 1.4066715560027647 18.2615 11.8883 0.546834 0.368059 1754483208.548116 2 0 1
26.854606942802306 142.14360364760182 9.06242 -1.30885 0.08296913842481835 1.4064673524802813 23.2899 16.783 0.575862 0.355 1754483208.548116 2 0 1
26.73889207348045 142.15734024558654 9.60201 -1.27889 0.10941816632675194 1.4072789305824587 23.3264 16.9094 0.585051 0.410036 1754483208.548116 2 0 2
24.83421492871487 142.5124620986919 9.88533 -1.24554 0.0841873733295313 1.420789524322147 16.344 10.2862 0.429741 0.335521 1754483208.548116 2 0 2
26.4984571174044 142.40386634564942 9.52056 -1.41851 -0.03856388781202735 1.4092110100644166 16.7416 9.85403 0.443452 0.341708 1754483208.548116 2 0 1
26.35372939797928 142.4627867823851 10.4507 -1.34027 0.035073650895391495 1.4102739155788808 14.6221 8.43413 0.418829 0.288988 1754483208.548116 2 0 1
29.754535911508878 144.51008881202304 9.53679 -1.33356 0.13126374484422532 1.3895428947236923 18.4377 10.1362 0.734062 0.282292 1754483208.548116 2 0 2
31.232701271321986 153.35649643370073 8.26099 -1.3037 0.1572268552590499 1.3904487206054774 19.086 9.93046 0.46528 0.206315 1754483208.548116 2 0 1
4.06294 -6.24195 0.918172 1.46058 1.198697762807984 -1.4868089873109949 -9.78704 13.9403 0.57222 0.330423 1754483208.548116 1 2 1
4.08584 -6.23422 0.8938 1.53305 1.2918219942568834 -1.482525949326601 -11.1315 12.8731 0.535856 0.362232 1754483208.548116 1 2 1
2.880439730260613 -6.556291100932183 0.839276 0.834531 -0.22847298792359683 -1.6545019671718622 8.26654 23.8296 0.620428 0.205379 1754483208.548116 2 2 1
3.1639518797007025 -6.982282276980347 0.598737 0.962606 0.1431235404136736 -1.603079331420353 20.9509 22.2157 0.518137 0.217368 1754483208.548116 2 2 1
3.9666718025602825 -6.871899999851712 1.03006 1.16709 0.9772129300328747 -1.4718811862186874 26.7872 26.3725 0.51847 0.261977 1754483208.548116 2 2 1
3.1393384630973906 -7.238266041467189 0.571768 0.844267 0.01272722173551244 -1.605613549494249 9.5136 18.1 0.521134 0.360376 1754483208.548116 2 2 1
0.555697 -8.84663 0.421198 0.957054 -1.3666389978357216 -1.934580188227148 -4.65126 11.0623 0.505209 0.390307 1754483208.548116 1 2 1
0.547624 -8.81543 0.641017 1.29491 -1.0378649426309228 -1.9367269432071013 -0.957781 15.0633 0.596104 0.395564 1754483208.548116 1 2 1
0.09361406727196885 -8.815998006343241 0.344443 1.55976 -0.8622884269459028 -1.9579676002038722 2.51446 20.4312 0.54487 0.542574 1754483208.548116 2 2 1
0.19922669376723198 -8.851796689465083 0.216575 1.63982 -0.7282934531898417 -1.9451045236166742 0.0815141 17.8678 0.585611 0.517463 1754483208.548116 2 2 1
0.576169 -9.09338 0.413936 0.796771 -1.4763720464234447 -1.922677042728547 1.3283 13.37 0.529405 0.453676 1754483208.548116 1 2 2
0.433857 -9.04261 0.405213 0.852397 -1.493207200696765 -1.9397638161055712 5.51653 17.1446 0.541367 0.405422 1754483208.548116 1 2 1
0.448276 -8.97634 0.679542 1.20669 -1.143701195994761 -1.9408982801193677 5.98758 18.7556 0.543629 0.328764 1754483208.548116 1 2 2
-0.00579013035264421 -9.03266950302412 0.416261 1.44479 -0.9820690055680477 -1.9591195175101885 16.3212 27.9923 0.508733 0.521501 1754483208.548116 2 2 1
0.413378 -9.18033 0.390897 0.78958 -1.5421617667444476 -1.936482597111822 3.49527 14.734 0.529375 0.399035 1754483208.548116 1 2 1
-0.794451 -8.88793 0.474405 1.82567 -1.0513521312162346 -2.070803136345306 1.2903 12.3264 0.528204 0.391225 1754483208.548116 1 2 2
-0.8129738717444732 -8.977632417799306 0.326405 1.95092 -0.8164166218350024 -2.0428080551433165 -0.765238 11.2827 0.502134 0.31117 1754483208.548116 2 2 2
-1.0296854881690898 -8.845674761501076 0.333004 2.05162 -0.8238450637548604 -2.070401710617347 -0.338321 12.3646 0.531343 0.527208 1754483208.548116 2 2 1
-0.8388507037890891 -8.911385966389808 0.408263 2.15325 -0.6370392425620381 -2.048620001552458 -1.09684 12.0588 0.500436 0.42476 1754483208.548116 2 2 2
-0.8424765282039711 -8.932347550994132 0.494652 2.22174 -0.5657971365492709 -2.04792186985166 -1.89954 11.7237 0.507224 0.469517 1754483208.548116 2 2 2
-0.0457835 -9.28107 0.699328 1.21722 -1.292937209610584 -1.9791908039081232 4.29633 17.2769 0.507567 0.3485 1754483208.548116 1 2 1
-0.817332 -9.36875 0.431425 1.28777 -1.5053387398372218 -2.049335586545775 -2.23906 13.1583 0.53927 0.254656 1754483208.548116 1 2 1
9.319070956106575 -14.301958631804329 5.53118 -1.25914 0.06161442288289232 -1.1555088433681793 11.2872 11.8413 0.479669 0.323609 1754483208.548116 2 2 1
9.676195739286989 -14.635286921681493 -4.26587 -1.36321 0.016153709506045555 -1.1428674235959844 11.7094 10.7653 0.518606 0.331425 1754483208.548116 2 2 2
-2.802764562586142 -16.663850723156774 -0.399324 1.68934 -0.6633331595362768 -1.9414393321874859 1.3153 11.9119 0.55053 0.337891 1754483208.548116 2 2 1
9.448175235468108 -16.661279134946117 4.99336 -1.00023 0.09101765741571088 -1.2045979739097719 6.11673 9.78641 0.546121 0.298873 1754483208.548116 2 2 2
22.1565 -1.64934 0.08546 -1.20726 3.531824127962496 -0.05491713249701992 2.84353 16.9712 0.580572 0.250114 1754483208.548116 1 2 1
22.4366 -1.74444 0.968911 -1.18528 3.5497502206727205 -0.05924258198223746 7.96021 21.1456 0.588869 0.340881 1754483208.548116 1 2 1
22.0821 -5.9413 0.488787 -0.460345 3.952447801681841 -0.2799295175201841 1.79303 11.1622 0.620741 0.670473 1754483208.548116 1 2 1
22.271 -5.7596 0.276935 -0.333846 4.101512440171925 -0.26826897278760997 6.45587 15.416 0.560403 0.398434 1754483208.548116 1 2 1
22.3377 -5.73718 0.323366 -0.293537 4.145631641457816 -0.26626882546482444 6.78198 15.4425 0.562317 0.314083 1754483208.548116 1 2 1
22.3665 -5.70571 0.486591 -0.23689 4.2059621254870265 -0.26432627400735476 6.07385 14.7752 0.629835 0.319901 1754483208.548116 1 2 1
22.5525 -2.45187 0.799745 -1.32181 3.3752135298940518 -0.09599083844882847 15.0318 24.5234 0.631532 0.369295 1754483208.548116 1 2 1
22.6791 -2.11607 0.971926 -1.29412 3.422352593859243 -0.07795530409041987 10.2745 19.9521 0.603415 0.392575 1754483208.548116 1 2 2
22.5857 -5.85789 0.318684 -0.474522 3.959488996811418 -0.26897408580541565 10.4387 16.3773 0.547924 0.405438 1754483208.548116 1 2 1
22.5838 -5.80754 0.379314 -0.39764 4.041037571917975 -0.2665271341941196 15.077 20.2166 0.59024 0.260453 1754483208.548116 1 2 1
22.5785 -5.77377 0.5548 -0.336925 4.1047739103171335 -0.2649353939163008 16.7273 21.6542 0.611221 0.276091 1754483208.548116 1 2 1
22.6361 -5.71713 0.686352 -0.30544 4.142904272908392 -0.26141331948577623 9.3501 14.3783 0.615128 0.277782 1754483208.548116 1 2 1
22.7652 -2.35709 0.626153 -1.44166 3.2618647377351033 -0.09011798004879275 4.14546 10.004 0.570808 0.393375 1754483208.548116 1 2 1
22.8405 -2.40365 0.927894 -1.42405 3.2771937241163 -0.0921952709245164 9.57385 15.416 0.620626 0.505266 1754483208.548116 1 2 1
22.9271 -2.3573 0.975181 -1.40669 3.297572049527137 -0.08944253762827094 9.45561 15.5042 0.591373 0.320038 1754483208.548116 1 2 1
8.59233482803763 -20.208213131114764 0.153922 -0.681767 -0.08045221968346195 -1.307701554142085 16.1898 23.371 0.603069 0.21988 1754483208.548116 2 2 1
19.83170583062796 -12.313517772898068 0.65898 -3.58297 -0.04502032561628777 -0.6103238355812146 7.16492 14.5253 0.558638 0.45956 1754483208.548116 2 2 1
19.882655702318022 -12.398505909240269 0.301808 -3.57022 -0.03885664055823668 -0.612325728233252 11.2883 18.7732 0.619905 0.483048 1754483208.548116 2 2 1
19.922012595983457 -12.443406340087439 0.225354 -3.55411 -0.025058359583734813 -0.6130273505925539 5.07513 12.8937 0.593654 0.419857 1754483208.548116 2 2 1
8.601594205556669 -20.437877372930647 0.0753587 -0.791406 -0.20206805397930006 -1.3102008656309407 21.1576 30.0383 0.613334 0.209891 1754483208.548116 2 2 2
8.60838012855323 -20.101939274454104 -3.62641 -0.689412 -0.07777105031033715 -1.3055460725158718 27.5819 26.1637 0.565457 0.241598 1754483208.548116 2 2 2
8.616815357064294 -20.075204733374886 -3.69297 -0.608769 0.00650842818362507 -1.3047868542912544 23.3179 20.5753 0.596963 0.260342 1754483208.548116 2 2 2
20.37303898916821 -12.311268257166033 0.0197581 -3.66059 -0.07311276094788433 -0.595128999113352 16.305 14.3342 0.596935 0.512594 1754483208.548116 2 2 1
17.09758925916202 -16.12664314364027 0.611036 -2.79865 -0.10300261608522909 -0.8402953991409955 12.9529 17.1828 0.573461 0.563629 1754483208.548116 2 2 1
17.11565422657016 -16.13128151197942 0.655789 -2.76457 -0.06690210218936832 -0.8397909989871691 19.2391 22.1333 0.593785 0.536523 1754483208.548116 2 2 1
17.0970566351788 -16.143938551661957 0.758046 -2.72588 -0.032547611221073414 -0.8408731031234056 14.5115 16.2921 0.588848 0.460014 1754483208.548116 2 2 1
8.431798209974172 -19.94109014295314 5.64107 -0.878604 -0.29799172604139745 -1.3120212440407708 22.5913 22.2833 0.608566 0.226254 1754483208.548116 2 2 1
8.509876889937214 -19.91938941243082 5.68644 -0.806386 -0.20615834823148493 -1.3079284469448442 24.6686 23.5503 0.559582 0.206819 1754483208.548116 2 2 1
8.626471064649566 -20.281872689755296 -3.71943 -0.771459 -0.16686629661827834 -1.307017385075303 26.144 24.6586 0.592197 0.283101 1754483208.548116 2 2 1
8.713827796142036 -20.285242357492063 -3.7196 -0.702456 -0.07809311040563693 -1.3028896813943367 20.7751 18.4763 0.601353 0.225214 1754483208.548116 2 2 1
8.388006244410908 -20.45113939760645 -4.06705 -0.671935 -0.1321903373683565 -1.3205419414490072 22.8963 19.4229 0.564274 0.202672 1754483208.548116 2 2 1
8.455006005767896 -20.45925284839475 -3.99649 -0.61423 -0.05962198105418748 -1.3174439820267174 20.028 16.392 0.572885 0.314862 1754483208.548116 2 2 2
20.644201775063138 -12.25194901414034 -5.29587e-05 -3.72864 -0.10997073753549147 -0.5854267138015156 20.5682 16.1715 0.631058 0.515675 1754483208.548116 2 2 1
20.696268590842138 -12.217349228966189 0.0629631 -3.7015 -0.07397719589836083 -0.5826533856200965 17.7823 16.2215 0.637886 0.536765 1754483208.548116 2 2 2
17.211346047208377 -16.224012458663964 0.654861 -2.86717 -0.16769890145857458 -0.8393407040401546 17.6604 21.8423 0.581763 0.542831 1754483208.548116 2 2 2
17.202204913909878 -16.229342216662594 0.69855 -2.82716 -0.12969482174699642 -0.839841613535477 24.2008 27.5807 0.598273 0.52423 1754483208.548116 2 2 1
17.181440683028345 -16.250682389444673 0.917854 -2.7912 -0.09948374465534027 -0.8412762741806163 19.6378 22.5714 0.591053 0.433059 1754483208.548116 2 2 2
8.760026164878646 -20.852979875305255 2.15457 -0.872781 -0.27279586574031545 -1.307979061493152 4.50582 12.0559 0.564903 0.24966 1754483208.548116 2 2 1
20.846084669521655 -12.26799638491464 0.0296941 -3.80717 -0.17352903709230905 -0.5807317781136508 14.6213 13.2759 0.641221 0.527191 1754483208.548116 2 2 1
21.474299611590403 -11.890224031603248 -0.206966 -3.80867 -0.07786525625743668 -0.5496230295261039 12.8722 16.0628 0.628324 0.450206 1754483208.548116 2 2 1
20.7240310821939 -11.557181488005977 6.53243 -3.77825 -0.06371051130884853 -0.5549113771596467 21.96 16.9065 0.654294 0.323012 1754483208.548116 2 2 1
21.952544043660158 -11.56020044633439 0.162967 -3.75272 0.05275806977866093 -0.5248917140253442 9.50394 16.6801 0.55217 0.397053 1754483208.548116 2 2 1
17.36112762532432 -16.370456534504218 0.705029 -2.97105 -0.26897291626199626 -0.8386896962291607 10.9248 16.8565 0.56529 0.514559 1754483208.548116 2 2 1
17.31590211994971 -16.37360969647347 0.759783 -2.91651 -0.22126819979185175 -0.8403966282376112 17.1018 24.6204 0.592314 0.513698 1754483208.548116 2 2 1
17.278209251903892 -16.39861996899942 1.01199 -2.85608 -0.16943886521253448 -0.8425416378883122 12.9299 20.7722 0.600694 0.432842 1754483208.548116 2 2 1
17.78241140975138 -16.374186420747456 0.181088 -2.87895 -0.11856037870560421 -0.8240463838049283 8.70556 17.7502 0.495531 0.44966 1754483208.548116 2 2 1
16.16107888738734 -16.202660655262132 6.51986 -2.70816 -0.16407796081652082 -0.8776646437554461 27.4828 20.393 0.526317 0.418802 1754483208.548116 2 2 2
16.50198474960499 -16.437967475141786 6.20556 -2.66724 -0.10070296273299961 -0.8721843099041838 14.887 12.7908 0.579186 0.380809 1754483208.548116 2 2 1
24.9995 -0.453746 0.791879 -1.06753 3.719884305558675 0.0070830188263230915 7.49332 14.0138 0.574258 0.421035 1754483208.548116 1 2 2
24.954 -0.362884 0.798792 -1.0016 3.7884717831044066 0.011360175051137955 10.5448 16.9182 0.580946 0.369809 1754483208.548116 1 2 1
25.1507 -0.0719538 0.170526 -0.827373 3.970398067704307 0.024652602634326767 1.67992 10.2744 0.515311 0.455753 1754483208.548116 1 2 1
21.603089145123935 -12.022507576980932 -0.0304025 -3.84985 -0.12558178064210823 -0.551752331213537 11.9852 15.7041 0.656618 0.55177 1754483208.548116 2 2 1
22.02504224156793 -11.756350527174853 0.253284 -3.86353 -0.07645414585128885 -0.5310579622726401 16.9505 22.1951 0.468978 0.382941 1754483208.548116 2 2 1
22.096513087319142 -11.81259684322105 0.161346 -3.8464 -0.0610189722798431 -0.5316234489502863 25.6032 32.3519 0.638409 0.492824 1754483208.548116 2 2 1
22.075449960521585 -11.84683434529021 0.180558 -3.81487 -0.03504223009037499 -0.5334734979574003 22.9276 30.8115 0.609324 0.52449 1754483208.548116 2 2 1
17.90155270554043 -16.564894275622933 0.24401 -2.95404 -0.2014422379342493 -0.826011624542674 10.0213 19.8727 0.601931 0.505257 1754483208.548116 2 2 2
17.837191070362643 -16.546601350617532 0.269608 -2.88712 -0.1410004677535439 -0.8276435073932886 13.6934 23.9119 0.556497 0.543537 1754483208.548116 2 2 1
17.04878346544873 -17.209737114616296 0.620985 -2.80687 -0.255227655269052 -0.8758215760653401 7.39902 17.1064 0.403857 0.344281 1754483208.548116 2 2 1
17.271234977734295 -17.256041296337255 0.238518 -2.76175 -0.18329456786470377 -0.8692678647241014 7.0391 15.6718 0.561956 0.256991 1754483208.548116 2 2 2
17.334455792155055 -17.33182378494427 0.267003 -2.71958 -0.14125283606025674 -0.8692992806506372 11.4678 19.6316 0.550653 0.304794 1754483208.548116 2 2 1
22.197074753831775 -11.844066927698647 0.162802 -3.94064 -0.15198549067924683 -0.5305308728385378 17.4863 20.9104 0.642148 0.478522 1754483208.548116 2 2 2
22.181318699976625 -11.890444762441444 0.15194 -3.89876 -0.11668841295786159 -0.5327264970375467 26.8445 31.711 0.63778 0.502398 1754483208.548116 2 2 1
22.18301667855753 -11.903757389621232 0.154336 -3.87223 -0.09161036215512164 -0.5332099532403491 24.399 29.9149 0.622938 0.512048 1754483208.548116 2 2 2
22.279867939302566 -11.884400520170237 0.234284 -3.84829 -0.0586741770267909 -0.5302097322561709 8.915 14.6605 0.584232 0.553829 1754483208.548116 2 2 2
20.571939825899396 -14.372632649985333 1.13262 -3.47532 -0.13264031016663624 -0.6679825327500993 4.7479 11.7031 0.552283 0.559042 1754483208.548116 2 2 2
20.531394905867597 -14.404420856528104 1.20593 -3.42676 -0.0920630009085519 -0.6702706593994638 6.37582 12.1705 0.596043 0.497063 1754483208.548116 2 2 1
17.57547269543468 -17.643562506641864 0.633783 -2.84491 -0.2697404605461755 -0.8700724615092708 10.2119 17.3857 0.517892 0.289216 1754483208.548116 2 2 1
17.53380655975451 -17.717240885584843 0.185726 -2.77085 -0.210383964207558 -0.873667839768379 6.82815 14.687 0.603654 0.509733 1754483208.548116 2 2 1
17.396838515324504 -17.72559050192538 0.0855377 -2.65101 -0.11113425574187819 -0.8786891520263668 5.54247 12.5645 0.618119 0.479262 1754483208.548116 2 2 2
22.363297141188387 -12.011336443648611 0.145095 -4.00263 -0.22215193515802456 -0.533257077130153 15.0896 20.249 0.627418 0.498243 1754483208.548116 2 2 1
22.38176910647355 -11.988978725901879 0.129684 -3.96604 -0.18167435517647368 -0.5319620428251732 13.3364 19.0319 0.625319 0.503616 1754483208.548116 2 2 1
14.50153664787596 -20.714504284602988 1.29651 -1.91032 -0.1569421327126468 -1.0609556311413866 13.6817 19.417 0.630327 0.295281 1754483208.548116 2 2 2
13.779498394800985 -20.090686729653015 7.15435 -1.82502 -0.13866823490533875 -1.0758101284051103 29.5458 25.5552 0.633168 0.338871 1754483208.548116 2 2 1
23.732389431543965 -11.39155153304577 0.00827068 -3.96407 -0.02811110540953221 -0.4796737237646751 11.7636 18.9614 0.62298 0.472106 1754483208.548116 2 2 1
23.743968718826256 -11.407339847762946 0.034203 -3.93624 -0.0013360462865135148 -0.4800507148831059 14.3277 21.5689 0.628385 0.444457 1754483208.548116 2 2 1
23.72625467210519 -11.409103981766057 0.190311 -3.87463 0.05908647677065115 -0.4804748298913405 6.56636 13.955 0.597772 0.41287 1754483208.548116 2 2 1
14.369679077824108 -21.112781622645933 -0.707499 -1.88998 -0.1970199274810378 -1.074349287821191 23.064 23.5238 0.627356 0.291768 1754483208.548116 2 2 1
14.388781145095725 -21.125627701227103 -0.81972 -1.8642 -0.16914055219109403 -1.0738850302401606 22.7797 23.1711 0.626975 0.262154 1754483208.548116 2 2 2
23.88169654383007 -11.482493602415158 0.00343153 -4.0456 -0.11106736219650504 -0.48018335990625743 16.4359 17.4445 0.642858 0.470278 1754483208.548116 2 2 2
23.893057436656644 -11.500680172207534 0.0395471 -4.01368 -0.08046218119058102 -0.48065285347504394 19.7852 21.0839 0.637333 0.450701 1754483208.548116 2 2 1
23.98934529668747 -11.52871759016836 0.455245 -3.99931 -0.063717340937683 -0.4798046234585747 14.3006 17.4327 0.638259 0.57074 1754483208.548116 2 2 2
24.147885434308456 -11.445835558337729 0.399723 -3.96078 -0.0076890583371698185 -0.4735231834806471 8.90024 14.296 0.639961 0.545158 1754483208.548116 2 2 1
21.36161683594947 -15.239461650976958 0.394799 -3.30911 0.0045395157016434595 -0.6762798280140804 21.9073 26.8693 0.416723 0.465638 1754483208.548116 2 2 1
21.343766758242722 -15.337221920579765 0.50063 -3.30001 0.00033712637489946573 -0.6800602111739001 20.9484 22.9624 0.510325 0.435171 1754483208.548116 2 2 2
14.86199615241039 -21.177654326268748 -0.136927 -1.9648 -0.1944020302167908 -1.0571700119938108 18.1909 14.6223 0.473696 0.365626 1754483208.548116 2 2 1
11.72352760854197 -22.94833954774157 1.11897 -1.22971 -0.16367432125482195 -1.2099543893841425 14.5238 16.4185 0.632997 0.417857 1754483208.548116 2 2 1
11.343773928871665 -23.058224734813184 1.1281 -1.15733 -0.16992392572056025 -1.2266187930821844 19.1383 18.5292 0.58936 0.495803 1754483208.548116 2 2 1
11.102285298209576 -23.134071004759363 1.22015 -1.09881 -0.16203155487658694 -1.2373176613969097 18.6807 15.4425 0.655737 0.418238 1754483208.548116 2 2 2
24.182284313833406 -11.563495837433429 0.473791 -4.05676 -0.11423987055141582 -0.4773245105914908 13.8793 12.1647 0.643237 0.64289 1754483208.548116 2 2 1
24.295930480736494 -11.54486771363121 0.403313 -4.03232 -0.08166527605005447 -0.47440108409440024 13.2873 14.831 0.613905 0.598928 1754483208.548116 2 2 2
21.539560565635192 -15.534417281968238 0.272501 -3.52308 -0.2273006883940698 -0.6813552454788798 5.35011 14.196 0.460662 0.475922 1754483208.548116 2 2 1
21.49534740726739 -15.509879019519055 0.288276 -3.43638 -0.14192527976133595 -0.6817304912680587 16.6555 23.1387 0.601186 0.481502 1754483208.548116 2 2 1
21.47830135846721 -15.554947002328701 0.440941 -3.41148 -0.12393914814511175 -0.6836870053595443 17.6049 21.2896 0.59787 0.407235 1754483208.548116 2 2 1
14.98770483418684 -20.785729657795375 6.35896 -2.03743 -0.20850154956540057 -1.0441079678718852 29.8575 17.7561 0.552419 0.330439 1754483208.548116 2 2 1
12.086280473690529 -23.06021749700063 1.0132 -1.34959 -0.22457849180870282 -1.1974141987085634 15.6072 22.4626 0.604074 0.291234 1754483208.548116 2 2 2
11.677476497758974 -23.124381298356607 0.881268 -1.24634 -0.2011114214902021 -1.2143700723916881 18.6254 24.3382 0.469305 0.339483 1754483208.548116 2 2 1
11.1493810663406 -23.265228234602375 1.13708 -1.16371 -0.22662564463224066 -1.237253084214586 17.2018 21.6101 0.64745 0.432422 1754483208.548116 2 2 1
11.110154289419082 -23.346825083451044 1.18383 -1.12399 -0.19958350828086613 -1.239928673957893 12.2572 15.0897 0.63573 0.381529 1754483208.548116 2 2 1
22.02943192931358 -16.100856492582462 0.771886 -3.8424 -0.5658756858161444 -0.6867971820865981 2.69689 10.9858 0.44206 0.285872 1754483208.548116 2 2 1
15.50487145309497 -22.10935588730619 0.341298 -1.88171 -0.09263410442518483 -1.0530091470570564 17.2679 20.0432 0.452543 0.227109 1754483208.548116 2 2 1
14.532360934848453 -22.563486271475824 -0.0484675 -1.7642 -0.1729479124821498 -1.0967470981120344 12.4036 16.4361 0.549907 0.309556 1754483208.548116 2 2 1
14.615479959438826 -22.37872897786877 -0.0427018 -1.60284 0.01803495714223624 -1.0902422559898515 11.8325 17.4827 0.419003 0.434477 1754483208.548116 2 2 1
11.367739599438744 -23.584493012671324 0.44876 -1.33533 -0.37827905021809227 -1.2330363687417676 3.0784 10.2685 0.566832 0.391314 1754483208.548116 2 2 1
11.408580677437369 -23.827099011991944 0.445533 -1.17676 -0.2278391061056999 -1.2347537727257298 6.01965 11.7355 0.438488 0.5462 1754483208.548116 2 2 2
25.61839489750109 -11.228516387379686 0.285701 -4.10123 -0.05310269768134823 -0.4383670163577253 20.2724 23.4121 0.632015 0.539382 1754483208.548116 2 2 1
25.65356560528622 -11.206386692708836 0.295673 -4.06799 -0.016121992979048372 -0.43694457301734996 26.9124 31.6081 0.642325 0.504169 1754483208.548116 2 2 1
25.6525630060486 -11.193679379233158 0.315534 -4.03038 0.022675054547661055 -0.4364925327410834 22.8857 29.1564 0.634224 0.492351 1754483208.548116 2 2 1
25.591439501280018 -11.105213343549746 0.534724 -3.91985 0.13902285230841782 -0.4342724739325466 4.85323 11.5062 0.556223 0.470499 1754483208.548116 2 2 1
14.704734181935903 -22.71110352386313 -0.247728 -1.86588 -0.258762837666622 -1.0932651662543056 13.4405 15.8041 0.543394 0.33085 1754483208.548116 2 2 2
14.922550671556557 -22.644575485001358 -0.122615 -1.80193 -0.153599856974449 -1.084199926119447 14.251 18.3852 0.597768 0.500524 1754483208.548116 2 2 1
25.75248197516158 -11.269843222524333 0.284058 -4.16318 -0.1129679076222132 -0.4375746368773199 24.1548 25.7228 0.652791 0.525195 1754483208.548116 2 2 2
25.77925479177339 -11.260448766656243 0.300054 -4.13072 -0.07840274247619838 -0.43677353075065445 31.7435 34.7978 0.650615 0.498455 1754483208.548116 2 2 1
25.791688161277865 -11.256144220202684 0.315858 -4.10257 -0.049276719132469005 -0.43640177561997967 28.175 33.0104 0.644156 0.481995 1754483208.548116 2 2 2
25.834535204245487 -11.250172905317273 0.454198 -4.05761 -0.0018310815400770508 -0.43545406183614677 10.8169 16.8888 0.616763 0.454878 1754483208.548116 2 2 2
17.33662112022691 -21.56211605300056 0.486225 -2.18636 -0.0684910990358274 -0.9785289665574504 16.5398 18.2499 0.506583 0.310262 1754483208.548116 2 2 1
17.361466173101494 -21.517207860701113 0.569834 -2.12779 -0.001994480655592934 -0.9767016068306122 13.684 16.0451 0.528102 0.26051 1754483208.548116 2 2 1
15.295960178607805 -22.788234204988505 -0.21186 -1.92131 -0.22538249623142592 -1.0736930440224413 8.72886 13.5699 0.448635 0.299335 1754483208.548116 2 2 1
25.91042914017451 -11.342552071343679 0.279135 -4.24475 -0.19442776921336424 -0.437532748975272 16.4871 19.5787 0.665818 0.517501 1754483208.548116 2 2 1
25.92046761839365 -11.32452956637216 0.301901 -4.20316 -0.1506685751979635 -0.4367072082390787 24.8453 28.9947 0.655983 0.49432 1754483208.548116 2 2 1
25.93060182217659 -11.32010739560068 0.323075 -4.17355 -0.12018342544305227 -0.43637385035194776 21.6788 27.0339 0.645885 0.474486 1754483208.548116 2 2 1
26.0023157056699 -11.344656506645302 0.515167 -4.14522 -0.09100161827407582 -0.43604921911107686 6.58032 13.37 0.601886 0.453821 1754483208.548116 2 2 1
23.27886125281458 -15.801844694370446 1.55858 -3.59001 -0.1706620903076459 -0.6457435474211876 13.7732 18.2117 0.613462 0.291489 1754483208.548116 2 2 1
21.950234476235064 -16.32194278524546 7.27512 -3.51952 -0.27552327335184357 -0.6959287447330326 16.8895 10.733 0.588541 0.331839 1754483208.548116 2 2 1
22.76311682830248 -17.122951636852108 0.786187 -3.45521 -0.2244517836251676 -0.6996236067595045 5.85842 12.8291 0.633659 0.370331 1754483208.548116 2 2 1
21.39169339152907 -18.97278252189308 -0.0993585 -3.00141 -0.10590258900548388 -0.7895220258712284 7.00312 10.0481 0.502032 0.382363 1754483208.548116 2 2 2
21.766123459870617 -18.865956428617345 0.459337 -3.00487 -0.058525286910634744 -0.7763011567873713 10.8522 12.7585 0.607871 0.476186 1754483208.548116 2 2 1
21.666105698596084 -18.95918684917429 0.558479 -2.95375 -0.02771242737555557 -0.7815982310671742 12.1282 12.6732 0.548227 0.44763 1754483208.548116 2 2 1
17.483633557491462 -21.861034416341802 0.651949 -2.35925 -0.2490646228095743 -0.9802987304189726 12.0806 10.6095 0.599393 0.370803 1754483208.548116 2 2 1
15.203540332517083 -23.59910178674347 -0.0263714 -1.70137 -0.0880631826034628 -1.091905554767002 5.62938 12.4145 0.519603 0.460739 1754483208.548116 2 2 1
21.823772368026784 -19.04239323888943 0.548543 -3.07043 -0.1366881025884079 -0.7795911024273807 17.0419 18.9584 0.603456 0.446998 1754483208.548116 2 2 2
21.785864172247553 -19.069401801758705 0.597538 -3.03755 -0.11059398871341974 -0.781359120959651 17.3893 18.9819 0.553221 0.446074 1754483208.548116 2 2 1
15.341513604937267 -23.798753764090154 0.00223127 -1.81904 -0.20040404718394966 -1.0907344388389137 10.2522 14.6047 0.58359 0.508812 1754483208.548116 2 2 1
15.361492316754017 -23.80160685763863 -0.0737471 -1.75032 -0.12880199715821505 -1.0901008843204398 7.22555 12.5968 0.563511 0.433274 1754483208.548116 2 2 2
14.100129609302444 -24.47011630222697 0.0290057 -1.59367 -0.2243894646226785 -1.1450455945024733 5.40026 11.0329 0.454075 0.431486 1754483208.548116 2 2 1
14.74481931394678 -24.604355212780792 0.569418 -1.68016 -0.217848148791689 -1.1248940229589468 6.77009 11.6002 0.474003 0.377321 1754483208.548116 2 2 1
14.805138351589955 -24.576018513568233 -0.0448985 -1.60268 -0.12875814299124744 -1.122370276860563 5.54717 10.1157 0.549866 0.469941 1754483208.548116 2 2 2
27.6321431588671 -11.203856582672055 0.729713 -4.19776 -0.06441529364215004 -0.4051429287167613 6.25967 10.8565 0.436908 0.230946 1754483208.548116 2 2 2
27.857936741720533 -11.427281182361297 1.68658 -4.20331 -0.0808767030744022 -0.4094975252004871 7.50918 11.7472 0.669243 0.329239 1754483208.548116 2 2 2
27.96654745968284 -11.400214699629462 1.29665 -4.15595 -0.027152763477787722 -0.40696156179733933 7.61413 11.8972 0.638838 0.504484 1754483208.548116 2 2 1
18.96477491035286 -22.552570048032784 -0.659318 -2.29003 -0.04376926160479311 -0.9487222335918912 6.41181 10.3626 0.470605 0.20227 1754483208.548116 2 2 2
28.303598451536338 -11.499195970876618 1.43416 -4.21076 -0.078034202199329 -0.4053907654705445 9.7829 12.4763 0.628346 0.413111 1754483208.548116 2 2 2
28.35198980033015 -11.48746733357121 1.4223 -4.17923 -0.04376897896470844 -0.40429469870029205 10.9214 12.8849 0.638213 0.465971 1754483208.548116 2 2 1
24.366554915430367 -18.011019145088174 -0.250651 -2.76668 0.510450986490016 -0.6866261398199027 7.04495 10.6154 0.433628 0.50351 1754483208.548116 2 2 1
24.516319188292563 -17.898870688606497 -0.173044 -2.6871 0.6136470083080914 -0.6799467647725204 6.02414 10.7389 0.411887 0.563014 1754483208.548116 2 2 2
19.383026911140057 -22.847368134638124 -0.968229 -2.37666 -0.10408366451814288 -0.9425559853445952 6.46199 10.7565 0.512364 0.212104 1754483208.548116 2 2 1
28.51469487591591 -11.604811349555403 1.32921 -4.30943 -0.1779733219749362 -0.4058986562828748 5.33523 10.6683 0.622265 0.452933 1754483208.548116 2 2 1
28.520044663892204 -11.572253323467208 1.45245 -4.26389 -0.1295085374113878 -0.4047275403547866 7.15395 11.5532 0.642354 0.457532 1754483208.548116 2 2 1
29.357686966729986 -11.517777154160859 0.317312 -4.20081 -0.033102037138744045 -0.3912186919443505 16.6985 20.6635 0.559841 0.33627 1754483208.548116 2 2 1
29.38833031577918 -11.473113410393754 0.289676 -4.17626 -0.003962156321614785 -0.3893337363521966 18.6099 21.6307 0.545694 0.336561 1754483208.548116 2 2 1
29.42252131517364 -11.370078582171299 0.271458 -4.11906 0.06257544737556575 -0.3854800493637931 8.64782 11.1122 0.50161 0.350401 1754483208.548116 2 2 1
29.509824554375708 -11.539542958049775 0.226611 -4.27164 -0.10066235291744619 -0.3898765337495669 18.3907 22.7948 0.613635 0.401801 1754483208.548116 2 2 2
29.533171951377597 -11.494323292330797 0.219602 -4.24423 -0.06888893833075649 -0.3880805899492647 20.4969 24.1471 0.583278 0.384614 1754483208.548116 2 2 1
29.578731181818092 -11.39547550162684 0.206677 -4.19377 -0.009132542622195317 -0.3842356296071212 10.621 13.7903 0.543062 0.372605 1754483208.548116 2 2 2
31.883 2.39799 1.28292 1.4257 6.2517149552950855 0.10372230093497707 19.692 18.2735 0.592922 0.27829 1754483208.548116 1 2 1
31.8883 2.35437 1.33376 1.4599 6.2856522284734515 0.10218047707376529 25.0724 27.0192 0.606537 0.441362 1754483208.548116 1 2 1
31.8809 2.39112 1.31378 1.50214 6.328116309843211 0.10349121934201304 19.2152 23.0388 0.584152 0.272688 1754483208.548116 1 2 1
17.047459961428093 -25.74257617645626 2.00039 -1.80675 -0.0901025089780525 -1.0691063187482002 11.9306 12.6086 0.509018 0.277182 1754483208.548116 2 2 1
29.77171685709561 -11.63284815211832 0.189272 -4.41043 -0.23831886190050433 -0.38941053083928434 8.39824 11.8795 0.560797 0.426582 1754483208.548116 2 2 1
29.761267657042307 -11.56097015036112 0.189048 -4.35794 -0.18050894380462257 -0.3872183972987795 10.583 13.8227 0.549126 0.408094 1754483208.548116 2 2 1
32.0308 2.39684 1.23604 1.35671 6.182621791963038 0.10310881770290108 21.1884 22.9682 0.60559 0.277074 1754483208.548116 1 2 2
32.0223 2.52216 1.37967 1.38948 6.21608853471288 0.10748889599370605 27.3799 30.882 0.599337 0.47661 1754483208.548116 1 2 1
17.14465009511157 -25.861617837448687 1.89688 -1.92836 -0.20729406948186302 -1.0681271890378312 10.4019 13.32 0.454093 0.280123 1754483208.548116 2 2 1
17.162038521604508 -25.850151492065297 2.12503 -1.87694 -0.1526065884039165 -1.0674028773982536 12.821 14.684 0.494752 0.288429 1754483208.548116 2 2 1
32.2543 2.37748 0.776827 1.24189 6.067537961066884 0.10158654152931161 10.8171 14.0608 0.593883 0.26802 1754483208.548116 1 2 1
32.2475 2.43303 1.41409 1.2983 6.1242819885078745 0.10352507872950172 16.8968 20.8105 0.592309 0.483076 1754483208.548116 1 2 1
31.077385929919235 -11.785354275135864 0.351043 -4.20188 -0.0011487726527548148 -0.37751785731619497 11.8698 14.5018 0.616741 0.574009 1754483208.548116 2 2 1
31.086303192489996 -11.809221942564553 0.248308 -4.16889 0.030327344136322765 -0.37815315716392095 16.596 19.5434 0.613544 0.573995 1754483208.548116 2 2 1
31.06026518451705 -11.827121782249451 0.183257 -4.11658 0.08054256809665628 -0.3790310577776741 10.1264 12.2676 0.560371 0.541675 1754483208.548116 2 2 1
32.53025541756739 6.138499724855605 0.0307593 -4.75897 0.04805491319894628 0.23345035530768798 11.4137 10.9917 0.560696 0.498244 1754483208.548116 2 2 2
32.628523120798235 6.159995671527882 0.0891152 -4.73194 0.07511214447283354 0.2333910141131202 15.0437 14.831 0.560668 0.527992 1754483208.548116 2 2 1
32.68683251321883 6.21316704883057 0.123683 -4.70406 0.10240618723789474 0.23465986847932005 13.6613 13.7698 0.602886 0.552528 1754483208.548116 2 2 1
31.25079123863015 -11.863581479832021 0.280012 -4.28751 -0.08747311850752126 -0.37780932730127803 19.4742 24.5234 0.624452 0.580563 1754483208.548116 2 2 2
31.25083296796745 -11.871181576395802 0.213479 -4.25375 -0.054278837425575155 -0.3780466920795493 24.4198 29.7091 0.624058 0.579365 1754483208.548116 2 2 1
31.242461034425666 -11.906616347048892 0.149889 -4.21396 -0.01735433499793615 -0.37924747860492136 17.948 21.86 0.605766 0.539769 1754483208.548116 2 2 2
32.745100724028966 6.130542733079228 0.178406 -4.84169 -0.03380051208029222 0.23154794642301418 7.85135 10.7271 0.511012 0.549152 1754483208.548116 2 2 1
32.812404649558616 6.039499387668102 0.0745434 -4.78472 0.024689434997373638 0.22810615713808138 14.3671 17.0035 0.579485 0.554483 1754483208.548116 2 2 1
32.93697856760366 6.009535156252772 0.625076 -4.77032 0.039899938081580544 0.2262159655581715 17.0418 19.6081 0.56945 0.842468 1754483208.548116 2 2 1
33.0733719411773 5.877723298133686 0.161613 -4.75565 0.056720473681489025 0.22099219510695248 16.5795 19.2847 0.520784 0.454747 1754483208.548116 2 2 2
33.12780322213554 5.659872374721927 0.0661524 -4.64608 0.16910142063980427 0.21362166967578042 10.8401 13.564 0.459116 0.268716 1754483208.548116 2 2 1
31.397474003060882 -11.931604101876056 0.282785 -4.38029 -0.18097694823957688 -0.3781130145911251 15.2906 20.4077 0.619404 0.575296 1754483208.548116 2 2 1
31.378320568190777 -11.925457432553893 0.183412 -4.31967 -0.12046513996569441 -0.37815839315167693 20.2618 25.5052 0.628153 0.568708 1754483208.548116 2 2 1
31.396512476050265 -11.991794960733948 0.124672 -4.2853 -0.09044242132897473 -0.37997877156150706 14.2533 18.7468 0.598328 0.492832 1754483208.548116 2 2 1
26.809383885766675 -20.129486126335582 0.9825 -3.24891 0.017720742827274982 -0.6895827275727812 6.30864 10.1539 0.514226 0.217698 1754483208.548116 2 2 1
33.7829 1.8624 1.51495 1.35466 6.175140824268453 0.07921334038092151 11.7281 15.7012 0.554363 0.455472 1754483208.548116 1 2 1
33.8954 1.65397 1.39646 1.37816 6.1964825789421445 0.07206953321958351 7.23763 11.5885 0.526038 0.408412 1754483208.548116 1 2 1
33.27109869283269 5.710902224063175 0.191393 -4.81686 -0.0019112082703829358 0.21425871485275835 14.9926 13.517 0.504661 0.399282 1754483208.548116 2 2 1
30.75594050338774 -11.529197271834446 8.96764 -4.38244 -0.17206257021117466 -0.3734529854883002 14.8948 11.9383 0.573543 0.307204 1754483208.548116 2 2 1
31.923800154854018 -12.151932985099288 0.875373 -4.31794 -0.11944276050209712 -0.3784550991245159 5.30742 10.8624 0.606557 0.353894 1754483208.548116 2 2 2
31.956767422481402 -12.143286000310551 0.898316 -4.26066 -0.060594007025179586 -0.3777971099965141 9.72197 13.0966 0.618727 0.6036 1754483208.548116 2 2 1
27.31146540495847 -20.107736240204947 0.932447 -3.42106 -0.11576348571632478 -0.6786552211260446 9.9318 12.3117 0.606791 0.257686 1754483208.548116 2 2 2
26.83888729062106 -20.663896622864627 1.11236 -3.33332 -0.11246467605944943 -0.7023794816484036 13.4071 17.4709 0.61214 0.343186 1754483208.548116 2 2 1
26.844330066025137 -20.658338516152533 1.13164 -3.27389 -0.0521305475367666 -0.7021281542361164 13.2175 16.0922 0.567403 0.296369 1754483208.548116 2 2 2
32.216502614402046 -12.165776737069036 0.864687 -4.38096 -0.1751464309400772 -0.37537982898250194 4.84443 10.9506 0.612317 0.590675 1754483208.548116 2 2 1
32.929170824899415 -12.290037134221086 0.408111 -4.29644 -0.0797799306797744 -0.3707896130497568 14.54 18.4351 0.638256 0.380807 1754483208.548116 2 2 1
32.952142548419836 -12.293813148157536 0.451643 -4.25754 -0.040522646951215435 -0.3706377694048334 23.9799 27.3485 0.642638 0.378108 1754483208.548116 2 2 1
32.9556183498694 -12.28394008741689 0.396061 -4.22687 -0.009080917634791241 -0.3703096475054584 22.0042 24.7821 0.638234 0.392178 1754483208.548116 2 2 1
33.066892625966645 -12.339891586265738 0.429371 -4.36757 -0.15065530473419741 -0.3706814026361332 15.7676 18.7379 0.642661 0.361984 1754483208.548116 2 2 2
33.065815658713305 -12.336883417538175 0.42928 -4.31525 -0.09815873831877031 -0.37060635347829746 25.7005 28.7537 0.650635 0.386789 1754483208.548116 2 2 1
33.073106682090874 -12.325039666143692 0.363577 -4.28576 -0.06766317360679786 -0.37017874781155885 23.8138 26.7605 0.641364 0.392362 1754483208.548116 2 2 2
33.20505154434475 -12.124057198629739 0.256258 -4.24586 -0.010559994446863286 -0.36281171303889076 8.81009 11.5944 0.440822 0.340643 1754483208.548116 2 2 2
24.318462358026416 -25.339735017828946 -3.12588 -2.72449 -0.1251183408620209 -0.864136596723238 12.286 13.0525 0.548862 0.383608 1754483208.548116 2 2 1
24.49102420834836 -25.188862489231155 -3.33037 -2.65698 -0.028765954652708814 -0.8570331066676211 10.4247 11.8119 0.432959 0.381293 1754483208.548116 2 2 1
33.32056644076765 -12.422534082322002 0.00646701 -4.51783 -0.2998316438323849 -0.3702206357136067 6.46852 10.9682 0.486367 0.264079 1754483208.548116 2 2 1
33.26781936017857 -12.415429877617138 0.37393 -4.42203 -0.20494284424471587 -0.37060809880754947 14.994 19.8874 0.644444 0.388904 1754483208.548116 2 2 1
33.31401340225925 -12.416384020730085 0.335215 -4.40493 -0.1866813798425735 -0.3701141706292351 13.3183 18.2 0.628129 0.38487 1754483208.548116 2 2 1
24.471364216572294 -25.10531421105155 -2.94087 -2.74802 -0.11479509093345319 -0.8557956682279572 12.3865 12.7585 0.560427 0.209345 1754483208.548116 2 2 1
25.427930406315454 -25.009051063053988 -3.33477 -2.88813 -0.1586168952383593 -0.831818334964059 13.2638 15.5865 0.418253 0.402491 1754483208.548116 2 2 1
23.554776151149504 -25.66107036749656 7.3581 -2.50318 -0.004900016851667743 -0.888785881749154 15.439 10.0539 0.469829 0.233019 1754483208.548116 2 2 1
36.03632675660205 -2.2389052106639564 0.265522 -4.61061 0.13820546082179774 -0.044121049342958595 6.50432 10.9212 0.549825 0.420861 1754483208.548116 2 2 1
36.278050068312524 -2.315046272926859 -0.190335 -4.67329 0.07377744805525488 -0.04610636136710214 13.023 17.1858 0.642961 0.900948 1754483208.548116 2 2 1
36.28273996339251 -2.4076795078915567 0.408242 -4.6345 0.11006935444602206 -0.04890744028362784 9.79937 14.4724 0.643271 0.613786 1754483208.548116 2 2 1
28.04803981458304 -22.331118231119355 1.60408 -3.15649 0.010020985934043658 -0.7173840772277988 8.01854 11.8354 0.537015 0.316601 1754483208.548116 2 2 1
-1.2982950773787842 -33.130201570811955 6.74518 1.2685 -0.07265582721492514 -1.7139862787383329 23.7421 20.5282 0.44806 0.332409 1754483208.548116 2 2 1
-1.2482966574993528 -33.159684043724425 6.88129 1.29086 -0.04266718227965516 -1.7123421785829542 27.5969 24.0383 0.537704 0.293111 1754483208.548116 2 2 1
-1.1929832964094282 -33.104809745807366 7.19192 1.34905 0.022206917356224487 -1.710902281950059 23.1195 17.5356 0.551549 0.282359 1754483208.548116 2 2 1
25.94999994699889 -24.962855144204866 -2.98393 -2.84848 -0.06896756304533502 -0.819211821776904 10.6432 11.2974 0.4705 0.258083 1754483208.548116 2 2 1
24.105912526542816 -25.736693724551692 7.33319 -2.63076 -0.08421418370134681 -0.87706425049276 16.0005 11.4709 0.426122 0.238478 1754483208.548116 2 2 1
36.46063917053955 -2.2649976602400765 0.308006 -4.8057 -0.05707892686293281 -0.044342880690887064 9.84431 11.6002 0.594305 0.515482 1754483208.548116 2 2 2
36.46491997579091 -2.3718573405673187 -0.256333 -4.76061 -0.014833413481016855 -0.04755899890353702 17.7326 19.4494 0.62516 0.843903 1754483208.548116 2 2 1
36.47770091456427 -2.4787321912365936 0.301921 -4.72865 0.01424631416777089 -0.05076045635047022 15.0401 17.4151 0.625875 0.382522 1754483208.548116 2 2 2
0.7461562894240794 -33.358669728020566 6.19166 1.08693 0.04039966798443051 -1.6510060726801177 13.3278 11.077 0.476573 0.215642 1754483208.548116 2 2 2
-1.2240422858745135 -33.38536336974784 6.77684 1.15443 -0.17122180846529633 -1.7106457185500157 27.4243 21.7953 0.571606 0.249932 1754483208.548116 2 2 2
-1.1787592487846161 -33.38201065474115 6.85189 1.19721 -0.12218416240150587 -1.7092983243674762 31.448 26.5253 0.594323 0.242842 1754483208.548116 2 2 1
26.28926029337644 -25.008454923590648 -3.22204 -3.00258 -0.19746122730775095 -0.8127122156424771 11.3591 11.0299 0.488704 0.23029 1754483208.548116 2 2 2
36.6627593636863 -2.3935635433309725 0.211576 -4.85376 -0.10831210071602104 -0.04792708884278263 10.857 12.3587 0.620655 0.687715 1754483208.548116 2 2 1
34.920754770956 11.241901696645597 0.729234 -4.55785 0.14801488174458566 0.36446000495013836 15.2581 15.1573 0.630889 0.411588 1754483208.548116 2 2 1
-1.2458899239892087 -33.60538939638722 6.68546 1.05139 -0.27299750369676223 -1.7103734471867047 21.6051 12.5027 0.604933 0.239249 1754483208.548116 2 2 1
-1.1965424291605582 -33.573168692170654 6.79818 1.11191 -0.20625180441473612 -1.709033034321173 25.1117 16.5331 0.618105 0.208154 1754483208.548116 2 2 1
35.038224593211154 11.35489773077246 0.864435 -4.68565 0.01817260917883079 0.3663379792252842 17.1668 15.6101 0.562554 0.342288 1754483208.548116 2 2 2
35.05653336504196 11.382056558617851 0.733442 -4.63407 0.06914586170347103 0.3668929939274184 20.2717 18.4998 0.612495 0.414495 1754483208.548116 2 2 1
35.170905578635846 11.221484382718494 0.700071 -4.60062 0.1086708228613027 0.3612747790652487 13.6816 11.9589 0.428669 0.393784 1754483208.548116 2 2 2
35.205198327343886 11.559511524107767 0.885463 -4.78265 -0.08305660518217017 0.3701794489089238 11.6636 10.0363 0.602143 0.449267 1754483208.548116 2 2 1
35.16508241984748 11.596718000472517 0.788888 -4.71432 -0.016331661754338533 0.3716210908710711 14.5969 12.244 0.599211 0.417386 1754483208.548116 2 2 1
38.06920178583326 -5.927932901559167 1.0332 -4.46652 0.16751791259727877 -0.1468015617645882 5.06118 10.4243 0.471858 0.388994 1754483208.548116 2 2 1
38.275546389443306 -6.23592589974903 1.23778 -4.63538 -0.012031583579491745 -0.15457072039691575 19.4083 24.5939 0.554099 0.500408 1754483208.548116 2 2 1
38.29582295666322 -6.199932418713559 1.10162 -4.5955 0.029371465887229498 -0.15347604989006491 21.807 27.222 0.571266 0.529844 1754483208.548116 2 2 1
38.32255387961345 -6.130789397730528 1.05353 -4.55182 0.07588526343951507 -0.15142860414455037 13.2265 19.0966 0.547951 0.454347 1754483208.548116 2 2 1
38.40148942386867 -6.256880893014982 1.17336 -4.68203 -0.0587334043172838 -0.15460789590998322 21.3177 25.7728 0.581952 0.531077 1754483208.548116 2 2 2
38.416821152865815 -6.2397589450932 1.0974 -4.65121 -0.027156435890804076 -0.15406440038091218 24.0337 29.1711 0.570571 0.538476 1754483208.548116 2 2 1
38.47840139110437 -6.1904025333404515 1.10094 -4.62639 -6.189104296350223e-05 -0.15242536168036433 17.2119 23.2593 0.532983 0.443922 1754483208.548116 2 2 2
34.11035131240308 17.987516823084224 0.398175 -4.34975 0.07854745794142026 0.5484438880491206 16.629 13.9991 0.571875 0.231189 1754483208.548116 2 2 1
24.661444831202108 -28.030085602342155 10.3401 -2.51961 -0.09756311227019765 -0.9071327828461183 16.7986 10.4743 0.550383 0.326496 1754483208.548116 2 2 1
25.384035094726585 -29.22099072216051 -1.65529 -2.458 -0.05508129502994219 -0.9117055454863435 6.78975 10.2127 0.410891 0.282123 1754483208.548116 2 2 2
38.61625629890748 -6.275066982809216 1.16683 -4.78769 -0.16380380417438367 -0.1541846535663746 10.7929 14.0108 0.589038 0.525784 1754483208.548116 2 2 1
38.62313335854069 -6.252000387395265 1.09378 -4.74053 -0.1157145302816307 -0.15351636699578597 14.1828 18.6527 0.560665 0.531991 1754483208.548116 2 2 1
38.674093514614064 -6.205222475357138 1.12253 -4.70169 -0.07477873411959557 -0.1520036901330825 10.4601 15.6101 0.47497 0.334377 1754483208.548116 2 2 1
39.396605945833876 -2.606647767235995 1.3969 -4.67359 0.06981718340641141 -0.050196540469150855 5.65192 10.7624 0.561384 0.610847 1754483208.548116 2 2 1
33.46038870722954 17.60361139004069 8.13082 -4.41151 0.016175530837723606 0.5487615379729835 23.7112 11.6414 0.454964 0.232487 1754483208.548116 2 2 1
39.577488493708 -2.68787221206458 1.4729 -4.75095 -0.009349660482554256 -0.0521835978225464 6.84849 11.0476 0.535644 0.486026 1754483208.548116 2 2 1
40.02182680564844 -6.336471730809043 1.13789 -4.49953 0.130142180805211 -0.14999917948716698 10.3035 15.5395 0.400461 0.438891 1754483208.548116 2 2 1
40.19589789995701 -6.601758542188239 1.36862 -4.65934 -0.03846049085740155 -0.1563368190670088 18.3374 20.249 0.468933 0.318499 1754483208.548116 2 2 1
40.26244760871655 -6.45206318060768 1.1085 -4.62112 0.005661478459482616 -0.1520975888468398 24.8559 27.5866 0.5665 0.501529 1754483208.548116 2 2 1
40.25289561123594 -6.419680896901931 1.07071 -4.57729 0.050621764923318935 -0.15127885489472925 22.1507 24.5969 0.5269 0.518055 1754483208.548116 2 2 1
35.13573607058148 18.607636940167016 0.587748 -4.4691 -0.040523624746978903 0.5482990257212051 16.1285 10.0363 0.425242 0.431513 1754483208.548116 2 2 2
40.35801451517513 -6.548043074080716 1.20909 -4.72376 -0.09995812092079337 -0.1542452164914188 17.9821 19.2847 0.501506 0.395163 1754483208.548116 2 2 2
40.38794685552321 -6.465684986871705 1.09534 -4.6802 -0.053213968071778694 -0.15194958492627067 26.3373 27.7394 0.5743 0.516567 1754483208.548116 2 2 1
40.39293332450117 -6.441383932522729 1.06357 -4.64848 -0.020580506739411142 -0.15128775607391443 23.5859 25.2759 0.566174 0.530775 1754483208.548116 2 2 2
40.63029440948328 -6.421284378089831 1.18124 -4.84434 -0.2144101090724675 -0.14981138205965241 6.96868 10.4978 0.465115 0.424476 1754483208.548116 2 2 1
40.60512552165994 -6.469299996205529 1.08647 -4.78348 -0.15542076319388354 -0.151171866211582 15.3806 18.7556 0.561862 0.523162 1754483208.548116 2 2 1
40.615312834492634 -6.444908819536846 1.03752 -4.74881 -0.11981376519448439 -0.1504911878033042 12.8008 15.8482 0.590689 0.542489 1754483208.548116 2 2 1
36.9079075333307 18.088464905596194 1.10977 -4.38951 0.10462658239998479 0.5127850661016244 13.7633 11.2533 0.563313 0.302923 1754483208.548116 2 2 1
37.058680210102004 18.475597548484544 1.04692 -4.51834 -0.036291647585890985 0.5195691609041264 15.1965 12.3675 0.419335 0.295214 1754483208.548116 2 2 1
41.94511881024647 -6.710076689669688 1.16403 -4.5478 0.0789776179858821 -0.15210038137364298 8.86597 13.8727 0.430413 0.419648 1754483208.548116 2 2 1
41.95724483948498 -6.8501955420444105 0.909544 -4.49715 0.12476308487201404 -0.15559871932634042 9.09874 14.5753 0.554733 0.392148 1754483208.548116 2 2 1
23.130773284604427 -33.78528074363483 -5.15971 -1.92083 -0.03341935011881847 -1.0309865825553919 11.7251 11.4621 0.419465 0.27832 1754483208.548116 2 2 1
42.203368547503715 -6.7828345599871644 1.06733 -4.64604 -0.02041755583566296 -0.15293482328902147 20.8893 24.785 0.582049 0.498652 1754483208.548116 2 2 1
42.2215307847627 -6.761744430290029 1.07816 -4.61712 0.009334416747772245 -0.152334080960485 22.974 26.787 0.580858 0.441662 1754483208.548116 2 2 1
42.20642795386968 -6.957692877246192 1.0144 -4.56948 0.050022320294419664 -0.15731751957370443 14.5698 17.4209 0.502641 0.344008 1754483208.548116 2 2 1
42.35040207922314 -6.765982365951919 1.08113 -4.71256 -0.08556721567634806 -0.15194469800436508 20.9973 22.6302 0.565193 0.494429 1754483208.548116 2 2 2
42.35000053570409 -6.753139664768329 1.07921 -4.67314 -0.045704933546060644 -0.15162443008662413 23.3603 25.7022 0.554511 0.430719 1754483208.548116 2 2 1
42.40384815360463 -6.916687709246823 1.03117 -4.65027 -0.028232928340433006 -0.1555100566003391 16.0015 18.832 0.5408 0.304127 1754483208.548116 2 2 2
42.500373574918704 -6.66593514258377 1.59746 -4.59638 0.03483694673087534 -0.14887169679037865 9.53922 12.2911 0.522687 0.338378 1754483208.548116 2 2 2
-1.5091395557506717 -40.195477362349635 -0.0274955 1.10335 -0.14409919593496467 -1.6938434338410664 20.281 18.1 0.631418 0.573025 1754483208.548116 2 2 1
-1.3732736212990893 -40.21191856746439 -0.0233269 1.14981 -0.08155149997634026 -1.6903964085683776 13.0382 13.0378 0.598944 0.554642 1754483208.548116 2 2 2
-7.832208435564286 -37.190886505402396 11.6137 2.14172 0.09947460121182461 -1.8692176077399607 32.4741 20.7517 0.465295 0.379947 1754483208.548116 2 2 1
-8.354006932831558 -37.09608864633331 11.4804 2.17244 0.06998109022740362 -1.8830231621232358 34.9427 24.5057 0.44142 0.42357 1754483208.548116 2 2 1
42.69671864749598 -6.712979143675847 1.09496 -4.75102 -0.12040184786419061 -0.14930925083385366 10.0378 11.7119 0.542445 0.284343 1754483208.548116 2 2 1
-1.6148477631134506 -40.32526307967365 -0.00972393 0.984595 -0.273272747974738 -1.696077455283619 16.4226 12.4586 0.597556 0.547614 1754483208.548116 2 2 1
-1.525520552849869 -40.319448125079944 0.0233817 1.04259 -0.2049894663688583 -1.6938713591090981 19.8466 16.9741 0.649462 0.573341 1754483208.548116 2 2 1
-1.3908678215038417 -40.35077959088538 0.0354843 1.08411 -0.14735744171675869 -1.6904190978486533 12.8453 11.1122 0.633302 0.534595 1754483208.548116 2 2 1
-8.267882005147566 -37.20924564300507 11.6369 2.07483 -0.014341454743681759 -1.8799688359322457 32.6705 20.5753 0.455386 0.389874 1754483208.548116 2 2 2
-8.385383119001906 -37.210244728948666 11.5386 2.11052 0.008668089867464257 -1.882883535783076 36.8143 24.0824 0.450675 0.415663 1754483208.548116 2 2 1
-8.336352971866294 -37.24301968131383 11.4949 2.15624 0.06083998932828871 -1.881400005918881 30.4357 17.6502 0.400967 0.396091 1754483208.548116 2 2 2
41.923341726868415 11.748097767069222 0.691504 -4.68954 0.0645009303283004 0.31454707900160456 18.8725 15.3808 0.571222 0.410836 1754483208.548116 2 2 1
41.974109566676056 11.652411340807244 0.710153 -4.65728 0.09897209893250292 0.3119168678188491 25.1941 20.9104 0.596099 0.391152 1754483208.548116 2 2 1
42.03884238494668 11.43472143045635 0.917444 -4.61803 0.14281949324225618 0.3063178515784512 20.0433 14.834 0.555467 0.366365 1754483208.548116 2 2 1
-8.50250947922955 -37.39974114796757 11.5797 2.006 -0.10192006062999148 -1.8842797991846718 26.5111 13.761 0.463675 0.403294 1754483208.548116 2 2 1
42.047950660239394 11.827040066291131 0.662057 -4.75634 -0.003062252085156203 0.3154459235663816 20.7202 17.7149 0.582296 0.403323 1754483208.548116 2 2 2
42.090195639940085 11.702319838402245 0.724698 -4.71638 0.0396272276992482 0.3122100831331841 27.8845 23.6944 0.585266 0.388481 1754483208.548116 2 2 1
43.957876586052464 -6.853724344111726 1.15191 -4.45494 0.1772902676085133 -0.14812975732535585 7.61775 10.392 0.521584 0.432539 1754483208.548116 2 2 1
42.248869070410734 11.86779842065652 0.794605 -4.81411 -0.060342780557655296 0.3148699649132235 18.5586 13.2788 0.560209 0.362303 1754483208.548116 2 2 1
44.004436214333246 -6.872210774889566 1.6831 -4.73494 -0.10308916084695952 -0.14840778827519857 9.64887 11.2357 0.455819 0.518883 1754483208.548116 2 2 2
44.068305202550235 -7.059094967647163 1.62743 -4.65713 -0.031135838244446212 -0.15266656618298993 13.0543 15.466 0.607665 0.353306 1754483208.548116 2 2 2
44.23433290754585 -6.873523361403361 1.21787 -4.64258 -0.009649933918757903 -0.14761628145941913 20.9287 23.5944 0.644194 0.460354 1754483208.548116 2 2 1
44.251236868459266 -6.742646811222603 1.1861 -4.60116 0.03609485088078035 -0.14442285252704512 21.4013 24.0883 0.600116 0.48042 1754483208.548116 2 2 1
44.29687434402191 -6.477084520374128 1.18377 -4.54409 0.10184603905130096 -0.1379042223037715 10.7253 12.9584 0.439998 0.379782 1754483208.548116 2 2 1
38.687889717573036 20.270453595488405 1.6266 -4.13796 0.3106079314066337 0.5377869076364432 19.0788 12.2793 0.430843 0.297552 1754483208.548116 2 2 1
44.28947360902778 -7.051020910000489 1.54466 -4.74452 -0.11713576581534468 -0.15166125653384122 10.3479 11.4003 0.61464 0.329663 1754483208.548116 2 2 1
44.360513284363 -6.850481467504356 1.21938 -4.69483 -0.06054379056738313 -0.1466186512589792 21.7273 22.93 0.636237 0.478304 1754483208.548116 2 2 2
44.38372574552152 -6.731562933330005 1.13416 -4.65736 -0.01913010555288963 -0.1436980172886919 22.2309 23.712 0.578035 0.484572 1754483208.548116 2 2 1
-2.038397843327771 -42.1391623952743 -0.472227 1.08938 -0.19011866291903456 -1.7007200310939241 14.9991 13.1407 0.636093 0.338823 1754483208.548116 2 2 2
-1.980256288210806 -42.147007937794186 -0.507411 1.12302 -0.14992722379620727 -1.6993132957168167 17.6862 15.3131 0.651 0.391026 1754483208.548116 2 2 1
44.60864392138235 -6.834394365630661 1.20185 -4.81498 -0.17899896581376584 -0.14536707565237406 10.0278 10.2274 0.56218 0.473892 1754483208.548116 2 2 1
44.63696861997298 -6.648686990147188 1.07997 -4.75093 -0.10890625891984396 -0.1408602864578743 11.0713 11.9559 0.400218 0.439081 1754483208.548116 2 2 1
-2.015007544947796 -42.26963789458085 -0.505841 1.02762 -0.24740835151115914 -1.699760100005327 14.8197 14.149 0.648155 0.366092 1754483208.548116 2 2 1
-2.0226882502033403 -42.263179196204156 -0.543285 1.06547 -0.21050127873164293 -1.6999625581985585 17.3293 16.2245 0.640232 0.382421 1754483208.548116 2 2 1
-8.749842459693117 -40.37025753112667 11.2741 2.08532 0.049186329124315975 -1.867821344338365 24.8507 14.0902 0.519204 0.325771 1754483208.548116 2 2 2
-9.265532878042968 -40.20660852650978 11.4544 2.13112 0.03792228143068099 -1.8808938604358028 28.5168 17.7943 0.432055 0.467494 1754483208.548116 2 2 1
-9.59038257465792 -40.05142245490183 11.892 2.16525 0.0345354394837325 -1.8895332402331744 28.9152 17.6943 0.435892 0.461374 1754483208.548116 2 2 1
-10.051949830233319 -39.83279003028766 12.1351 2.23265 0.048927928854031855 -1.9018029048746947 25.525 14.0138 0.4454 0.40454 1754483208.548116 2 2 1
45.903179959282035 -7.578077755884038 1.44801 -4.51447 0.10393406474387934 -0.1580973326834955 14.2933 15.5895 0.588356 0.82213 1754483208.548116 2 2 1
45.990209985806864 -6.935413906496841 1.58895 -4.46466 0.17445150322831626 -0.1430410753582412 11.0578 12.7967 0.559267 0.526413 1754483208.548116 2 2 1
-2.189881571638162 -43.91414879575043 0.378787 1.21304 -0.05791528155301595 -1.698885690050078 20.0494 17.4033 0.624745 0.565011 1754483208.548116 2 2 1
-2.097286264643442 -43.928158315089846 0.233099 1.24718 -0.013738871443826906 -1.6967319537531171 20.0498 19.1407 0.643274 0.555448 1754483208.548116 2 2 1
-9.349531427743393 -40.34826034369435 11.4834 2.06707 -0.030000356971846998 -1.8817839783543198 26.7711 13.3435 0.401462 0.418249 1754483208.548116 2 2 1
-9.765934238588992 -40.1148746298993 12.0457 2.10616 -0.03989443093925793 -1.893076258614723 30.2131 16.3567 0.462692 0.434384 1754483208.548116 2 2 1
-10.161213595751901 -39.95154881113224 12.2834 2.15943 -0.031054668509805428 -1.9033737012014895 28.437 14.8663 0.495918 0.374787 1754483208.548116 2 2 2
-11.396522644649874 -39.63888684778551 12.2278 2.21187 -0.1090889335945926 -1.9339344164039105 26.1081 12.3322 0.456401 0.378693 1754483208.548116 2 2 2
46.22132072882179 -7.0131535548812565 1.38893 -4.6665 -0.028752979344515595 -0.1440572060487523 20.217 21.907 0.635756 0.51141 1754483208.548116 2 2 1
46.24383072439806 -7.011936175497283 1.45018 -4.62982 0.008064810959480084 -0.14395475522166024 28.9469 29.3975 0.594222 0.497564 1754483208.548116 2 2 1
46.248589828757595 -6.991203273064263 1.47617 -4.59948 0.039062106017187403 -0.14346553943232623 26.2969 25.9609 0.576243 0.495675 1754483208.548116 2 2 1
-2.295229548576689 -44.11433520580788 0.333556 1.05925 -0.22011050729410497 -1.7006903604966401 20.5414 12.3998 0.56981 0.511851 1754483208.548116 2 2 2
-2.242275978976181 -44.13494059685366 0.309698 1.10599 -0.16749378886455557 -1.6994284874474483 32.5853 27.6513 0.637676 0.574095 1754483208.548116 2 2 2
-2.1819782550280666 -44.14590257919093 0.272472 1.13682 -0.1301425675142951 -1.6980287333873487 32.6948 29.5356 0.64727 0.566188 1754483208.548116 2 2 1
-1.9921179425848763 -44.16745761057821 0.202465 1.18977 -0.05680798740769277 -1.6936566836111029 21.9525 19.7022 0.622657 0.534625 1754483208.548116 2 2 2
46.35281479394834 -7.014431686399707 1.42857 -4.72777 -0.08947797141361225 -0.143651766063514 21.0341 20.9398 0.633586 0.514973 1754483208.548116 2 2 2
46.36330812190051 -7.015342112312706 1.44464 -4.68556 -0.047249450325902664 -0.14363797796242325 30.223 30.0001 0.586074 0.493451 1754483208.548116 2 2 1
46.3748308938363 -6.986331310427038 1.47801 -4.6582 -0.018952124841842277 -0.14293932266284995 27.8211 25.7728 0.556199 0.478254 1754483208.548116 2 2 2
46.418532117608216 -6.9732967521699605 1.90894 -4.62072 0.019116552668142717 -0.14249967422427257 12.5865 10.5978 0.543169 0.321835 1754483208.548116 2 2 2
-2.2970602066254435 -44.238317526100246 0.326779 1.00023 -0.2776188486732869 -1.700365729255769 19.6428 16.6243 0.590185 0.536243 1754483208.548116 2 2 1
-2.269072365471755 -44.24653186831847 0.29308 1.05167 -0.223114482515679 -1.6997077401277672 32.0436 29.421 0.648094 0.566498 1754483208.548116 2 2 1
-2.221274274143803 -44.25739801840057 0.260343 1.08134 -0.18825737546578836 -1.6985942200649948 32.2738 28.8418 0.648689 0.557156 1754483208.548116 2 2 1
-2.1260024850146495 -44.28752758462336 0.170267 1.12624 -0.1329052173139591 -1.696351471976182 21.6972 18.4616 0.594421 0.535016 1754483208.548116 2 2 1
46.594731550031355 -6.9349188066706855 1.4676 -4.78831 -0.14654709635109597 -0.14105628693287325 18.7497 19.0643 0.567957 0.899409 1754483208.548116 2 2 1
46.60872083214402 -6.871157936943168 1.53427 -4.75531 -0.1115677717594723 -0.1395656012187449 17.0666 15.6336 0.515893 0.430573 1754483208.548116 2 2 1
-2.3676204546211475 -44.480669415460575 0.307594 0.934136 -0.3478005179181972 -1.7012436298695224 17.2962 17.7619 0.651119 0.553121 1754483208.548116 2 2 1
-2.3595744588993783 -44.483831011436585 0.255906 0.970651 -0.3103916785237558 -1.7010516436518028 18.1345 18.1647 0.633005 0.545216 1754483208.548116 2 2 1
47.99729471925462 -7.232033569508111 1.47168 -4.51269 0.12619871373665337 -0.14320723070303107 15.5066 17.6003 0.630246 0.436674 1754483208.548116 2 2 1
48.00200078030656 -7.270388523724385 1.45453 -4.46089 0.17688824487036214 -0.14403399316970078 9.73184 11.906 0.562666 0.396024 1754483208.548116 2 2 1
44.49476220290312 17.088325650378835 1.14922 -4.54701 0.10443133724137876 0.41018414069388576 12.9715 10.6948 0.564931 0.327481 1754483208.548116 2 2 1
48.04206036918477 -6.649773902477452 1.70395 -4.55955 0.096295672466435 -0.1302748645445287 12.2004 14.199 0.479479 0.416478 1754483208.548116 2 2 1
48.26319779121486 -7.232652238441997 1.55515 -4.62469 0.015301343318996352 -0.14238395889486535 33.9821 35.8855 0.593267 0.455092 1754483208.548116 2 2 1
48.290124918712245 -7.190089940524627 1.57348 -4.59753 0.04381328551989849 -0.14137131886285823 30.9053 32.8899 0.573415 0.449186 1754483208.548116 2 2 1
48.29048135943719 -7.104475189691364 1.76202 -4.53237 0.11145658487718713 -0.1395018967010471 16.079 18.0206 0.525025 0.367089 1754483208.548116 2 2 1
48.23858740827594 -7.194784662846495 1.58511 -4.65569 -0.014697407771663507 -0.14163433998113378 27.3033 28.9271 0.599734 0.456248 1754483208.548116 2 2 1
48.392655147294555 -7.212625380629168 1.54969 -4.6792 -0.038087293496845476 -0.14154428099173086 36.7164 39.3691 0.578735 0.457318 1754483208.548116 2 2 1
48.42571444943083 -7.165890220930978 1.57055 -4.65582 -0.01321808296671989 -0.1404253504082773 34.7636 37.4906 0.565278 0.451261 1754483208.548116 2 2 2
48.466642830246 -7.1101756576195045 1.65179 -4.61193 0.03244432825549559 -0.13908790460247406 21.4915 24.4205 0.533247 0.408227 1754483208.548116 2 2 2
48.52411223656564 -7.296980786907562 1.36095 -4.54773 0.0914790503059919 -0.14296829512843304 8.81092 11.9589 0.563367 0.462437 1754483208.548116 2 2 2
47.27844689231172 -14.108900021169058 0.453304 -4.306 0.07804717764728242 -0.2943546637879172 21.2023 21.419 0.605194 0.539952 1754483208.548116 2 2 1
47.28543299583667 -14.084654296454099 0.481458 -4.27138 0.11378303481953012 -0.293803139744287 22.5898 18.9026 0.623443 0.556843 1754483208.548116 2 2 1
-9.020941926761793 -43.299792900377525 11.7358 2.04195 0.06515050271154577 -1.8543124959279291 21.5129 12.4616 0.414218 0.3567 1754483208.548116 2 2 1
-9.561673832195064 -43.656636603969076 9.23316 2.06892 0.05091557634765609 -1.8636849140111384 26.9498 17.8913 0.429085 0.271652 1754483208.548116 2 2 1
-9.533016437895105 -43.64795657621877 9.38318 2.11481 0.09925605980461727 -1.8631264086505004 23.6749 14.4077 0.41274 0.402749 1754483208.548116 2 2 1
48.30078436467993 -7.521481926803162 1.71399 -4.78062 -0.1489762944117281 -0.14855945738719686 10.2243 12.0353 0.443216 0.444193 1754483208.548116 2 2 1
48.35425329681934 -7.264889416342609 1.55541 -4.71163 -0.07219811061719827 -0.14280196525071798 28.8027 31.0731 0.591133 0.460387 1754483208.548116 2 2 2
48.59231003491474 -7.18014709543552 1.52919 -4.76502 -0.12215017433149367 -0.14022359034674675 27.537 28.1187 0.561426 0.45822 1754483208.548116 2 2 1
48.60509885944758 -7.142526253474312 1.56785 -4.73424 -0.09023759792076369 -0.13936907714497035 26.8448 27.9129 0.545472 0.446442 1754483208.548116 2 2 1
48.66375871248464 -7.004520056565529 1.47621 -4.68919 -0.041019064542831885 -0.13620165361845102 15.2381 17.1828 0.488502 0.272418 1754483208.548116 2 2 1
48.82908741419423 -8.814314444739269 1.03845 -4.6077 -0.013143163762199706 -0.1745650377748376 20.0267 20.978 0.503069 0.4181 1754483208.548116 2 2 1
48.904551428185684 -8.48019284993168 -0.153029 -4.5269 0.07854017371140731 -0.16715628963304688 26.6443 27.6571 0.419157 0.298307 1754483208.548116 2 2 1
47.49883274792695 -14.202886963980129 0.429081 -4.42675 -0.04384477604915471 -0.2949184051363114 34.8347 35.521 0.555162 0.541662 1754483208.548116 2 2 1
47.50339405962416 -14.16882293688305 0.515369 -4.38458 -0.00018309072387800995 -0.2941818761919698 36.3095 34.4509 0.624397 0.559304 1754483208.548116 2 2 1
47.50128568785765 -14.169906740076854 0.427748 -4.33484 0.04948626697242631 -0.29421678277700963 26.0612 20.5018 0.609581 0.567994 1754483208.548116 2 2 1
-9.726032582994735 -43.78757261194515 9.18357 2.00231 -0.027325610795974065 -1.86633781447417 30.8427 21.0162 0.418294 0.300315 1754483208.548116 2 2 1
-9.858359810958186 -43.742359383848786 9.44715 2.03187 -0.01136817882650476 -1.8694445005427198 29.4271 19.3935 0.417046 0.408266 1754483208.548116 2 2 2
-10.798675262837246 -43.430359126130824 9.80898 2.08129 -0.057891257195456625 -1.8914880089954083 25.5719 13.9197 0.417076 0.415362 1754483208.548116 2 2 2
-11.247866989407385 -43.32321830820439 9.73405 2.16922 -0.014201386082191458 -1.9017330917046151 22.3757 10.3508 0.450941 0.324015 1754483208.548116 2 2 1
48.58313584675759 -7.228915323290553 1.52274 -4.81535 -0.17392345165909173 -0.14130883607563682 17.9736 17.5062 0.587511 0.467679 1754483208.548116 2 2 1
48.9974090387058 -8.74692695246875 1.06512 -4.67555 -0.07793602986833381 -0.1725011859343543 23.3934 22.5919 0.523847 0.439623 1754483208.548116 2 2 2
49.060710343411884 -8.48614995010172 0.0425657 -4.61161 -0.005540280208784054 -0.1667224007810011 30.621 30.5851 0.48366 0.313965 1754483208.548116 2 2 2
47.63031563050527 -14.257793433557698 0.443869 -4.50522 -0.122941143342012 -0.29522732841391436 35.5405 35.8237 0.442361 0.523206 1754483208.548116 2 2 2
47.62224368808409 -14.201933187526773 1.04431 -4.44844 -0.06391947954726351 -0.29412078966815 36.8753 36.4293 0.594921 0.819216 1754483208.548116 2 2 1
47.65501643792386 -14.25778281572798 0.446666 -4.41724 -0.03464613801729932 -0.29507199411048685 26.1994 25.3435 0.571254 0.530683 1754483208.548116 2 2 2
49.2065622013501 -8.67558263316629 1.10557 -4.77212 -0.1711469950915916 -0.1702181207398205 15.76 13.8286 0.529444 0.434524 1754483208.548116 2 2 1
49.24526470005623 -8.466725504999046 0.207762 -4.70572 -0.09810139344496882 -0.16565233941660334 23.5196 22.6066 0.503973 0.324093 1754483208.548116 2 2 1
49.5291101032481 -8.279297265278027 2.23717 -4.54166 0.07306053372662014 -0.16069839686774265 14.7089 14.0843 0.42232 0.376468 1754483208.548116 2 2 2
49.61947290221452 -8.714897276837075 2.5015 -4.68778 -0.08583365511901331 -0.16955349936066108 15.5616 14.8369 0.492932 0.552461 1754483208.548116 2 2 1
49.71048381960043 -8.361675442000976 3.26009 -4.6455 -0.032366186671406894 -0.16181209146344022 14.3453 13.126 0.411212 0.281422 1754483208.548116 2 2 1
50.31790442184376 -7.565725948589062 1.69273 -4.71876 -0.07984553723594523 -0.14318803208125913 9.55188 10.6977 0.419771 0.255004 1754483208.548116 2 2 1
50.40934150405877 -7.09171093143468 1.87152 -4.64509 0.007210514291560166 -0.13302829597247495 10.7975 11.8501 0.44723 0.35262 1754483208.548116 2 2 1
50.44068242379451 -8.260316876449902 1.7062 -4.6206 -0.0009958133095500088 -0.15724508840974666 15.4671 13.8844 0.500126 0.376917 1754483208.548116 2 2 1
50.46447910703709 -8.847752060905073 1.623 -4.59952 0.0027821485821659664 -0.16931020046293307 25.2365 24.0207 0.558042 0.444713 1754483208.548116 2 2 1
50.47893305245641 -8.892941551578195 1.60539 -4.56723 0.033782663207452934 -0.1701910681364146 27.5334 27.1486 0.567824 0.473647 1754483208.548116 2 2 1
50.482796673842735 -8.897701034196302 1.54718 -4.51966 0.08122881581171804 -0.1702755420722111 19.9776 19.8933 0.548744 0.488588 1754483208.548116 2 2 1
-2.7407737344463174 -48.083302551771716 0.758375 1.09828 -0.17401681925055912 -1.699173669376657 16.4929 14.1284 0.598962 0.471382 1754483208.548116 2 2 2
-2.8412783160836486 -48.08873182044749 0.529629 1.13433 -0.14763089469447843 -1.7012488658572782 22.1366 20.1049 0.641285 0.56032 1754483208.548116 2 2 1
-2.930537357493362 -48.08304763566802 0.46792 1.17262 -0.11804927423294864 -1.7031198588154164 17.825 15.6835 0.624418 0.532775 1754483208.548116 2 2 2
50.57479016917738 -8.598925132581794 1.70199 -4.69119 -0.08089641426926963 -0.16379565815833178 16.3241 14.8751 0.525002 0.373866 1754483208.548116 2 2 2
50.60761902923385 -8.869178889376245 1.61497 -4.66051 -0.05811626459214381 -0.16924754314278645 29.7488 28.0334 0.546787 0.444489 1754483208.548116 2 2 2
50.632340558942005 -8.879508126523694 1.5984 -4.63288 -0.03066971150395581 -0.16937303231600484 33.187 32.0521 0.545155 0.472533 1754483208.548116 2 2 1
50.67384793698926 -8.839577538491218 1.57314 -4.60408 -0.00045937069254708973 -0.168406992575026 27.0097 26.0256 0.526553 0.469944 1754483208.548116 2 2 2
-2.8530567978241077 -48.25673657659196 0.666315 1.00933 -0.2716395441195496 -1.7010359356885352 15.4235 14.8722 0.64114 0.536002 1754483208.548116 2 2 1
-2.882969270275467 -48.21520845729933 0.477365 1.07291 -0.21147214589057284 -1.7017689739743724 21.6488 21.225 0.655944 0.565428 1754483208.548116 2 2 1
-2.8705560425498162 -48.23570302754108 0.523572 1.11231 -0.1706178117997701 -1.7014565600382656 17.7688 17.4856 0.614332 0.52693 1754483208.548116 2 2 1
50.77717100100403 -8.902177879732102 1.5741 -4.73787 -0.13559693847932142 -0.1693300972164058 22.688 20.2196 0.516899 0.424643 1754483208.548116 2 2 1
50.7939209467782 -8.843558024997822 1.54445 -4.69915 -0.09503886302611164 -0.1680703185623163 27.2339 24.6615 0.50624 0.444739 1754483208.548116 2 2 1
50.8680440255191 -8.723449859075608 1.68578 -4.67653 -0.06848058557363057 -0.16535406264743752 22.574 20.0902 0.457394 0.371296 1754483208.548116 2 2 1
51.44573241389242 -9.366260120906915 -0.673302 -4.59196 -0.00012293243708594304 -0.17639012857364805 18.8341 15.6365 0.514059 0.574405 1754483208.548116 2 2 1
51.39368839056508 -9.593524418180492 -0.617084 -4.53534 0.049317379299274045 -0.18115958982057298 15.8276 13.3406 0.415315 0.514395 1754483208.548116 2 2 2
45.831218132134666 -24.880187491670664 -1.87913 -3.92233 -0.09030206204300528 -0.5159085043653294 13.2065 11.3533 0.615002 0.297782 1754483208.548116 2 2 2
45.872008499458275 -24.79030287450609 3.60026 -3.89083 -0.05289172536933329 -0.5138943944085279 20.5922 18.688 0.653639 0.245961 1754483208.548116 2 2 1
45.963482590742345 -24.754905249587573 -1.99532 -3.85037 -0.00789433505594106 -0.5123445420327569 19.1641 16.4273 0.649448 0.264477 1754483208.548116 2 2 1
51.60906604711532 -9.466839448797202 -0.678958 -4.67509 -0.08540240171381175 -0.17782531281756297 16.7815 13.7051 0.584239 0.585307 1754483208.548116 2 2 1
51.61958416088864 -9.660154409733904 -0.700788 -4.64505 -0.06116093360271879 -0.18166590983657652 14.1585 10.9946 0.536726 0.549528 1754483208.548116 2 2 1
46.04086815860747 -24.822296586425956 3.71691 -3.96357 -0.12233506896338175 -0.5127686570409916 21.6102 18.2911 0.641268 0.262181 1754483208.548116 2 2 2
46.13291134601833 -24.843101672917136 -1.99765 -3.93006 -0.0872168429174267 -0.5122188783266134 21.9378 18.0589 0.642732 0.350673 1754483208.548116 2 2 1
45.998947594795965 -25.359559389334436 -2.04834 -3.90572 -0.0937398469937527 -0.5227013258140913 15.6733 10.6889 0.548911 0.299839 1754483208.548116 2 2 1
46.11936201837059 -25.279884952193992 3.23283 -3.85509 -0.035352116201949446 -0.5200798412775959 17.9681 12.5027 0.575443 0.218087 1754483208.548116 2 2 1
47.029831501834984 22.669825148018596 -1.10631 -4.40865 0.11931431365490752 0.4931448760289323 20.4999 11.9236 0.581804 0.333707 1754483208.548116 2 2 1
46.249573963510244 -25.35708102233548 3.36147 -3.92188 -0.10228133788449201 -0.5201269651673996 20.9554 16.3744 0.586717 0.207891 1754483208.548116 2 2 1
46.36600055245732 -25.236677207430354 -2.58262 -3.86841 -0.039132532817345744 -0.5168440008443983 16.5303 13.4876 0.427432 0.219006 1754483208.548116 2 2 2
45.942213775468936 -26.237598602707493 3.19865 -3.74286 0.021471300262310145 -0.5386134926045236 15.4374 13.8756 0.443822 0.256549 1754483208.548116 2 2 1
47.23765858073099 22.816027434277085 -0.562203 -4.50256 0.024378426539612086 0.4937557412671303 16.5366 10.1068 0.570053 0.359103 1754483208.548116 2 2 1
47.439726792934785 22.680682148980804 0.117718 -4.47112 0.06301053413699709 0.4894517593317123 19.817 15.1338 0.593809 0.369108 1754483208.548116 2 2 2
47.536474113770254 22.58214328044553 1.3547 -4.43225 0.10626891482972489 0.48680060419793286 21.8401 16.8153 0.561587 0.257395 1754483208.548116 2 2 1
47.823339067300026 21.989561294656482 1.48707 -4.35431 0.20553581075557403 0.47363034966238365 17.8333 12.7056 0.494685 0.321385 1754483208.548116 2 2 1
46.519103172117056 -25.45864452607677 -2.60585 -4.05562 -0.23330031983441035 -0.5192054313223466 13.1423 11.6443 0.507961 0.215326 1754483208.548116 2 2 1
46.020497016965535 -26.487891446333432 2.96918 -3.89058 -0.13688236458229452 -0.5421216044010322 14.3827 13.9932 0.486334 0.305104 1754483208.548116 2 2 1
46.04696754235274 -26.478794664040127 3.21396 -3.84394 -0.08893844739388568 -0.5416922534050416 16.4872 16.733 0.541275 0.379185 1754483208.548116 2 2 1
46.554479351105684 -26.596582310925697 -2.38162 -3.8734 -0.10871504137225685 -0.53849655554464 13.0848 13.8197 0.581109 0.252427 1754483208.548116 2 2 2
46.35842498213728 -26.863771302966487 3.54218 -3.8196 -0.07483629361195865 -0.5450572482028867 13.8833 14.3401 0.611664 0.490062 1754483208.548116 2 2 1
-11.097938752113425 -49.51528582005 1.05016 1.82766 -0.17126005074088657 -1.8593390441736728 17.1925 16.6272 0.527949 0.364753 1754483208.548116 2 2 2
-11.312949957325417 -49.489838070397994 0.960299 1.85834 -0.15897528877052736 -1.8635278343784591 20.156 19.4141 0.53874 0.486602 1754483208.548116 2 2 1
-11.487522373011169 -49.43340127700894 0.526673 1.91838 -0.11477276350919041 -1.8671406659300875 15.5745 15.0074 0.525247 0.548776 1754483208.548116 2 2 1
53.575209035848204 -7.251549038358374 1.63074 -4.71283 -0.05390838706239087 -0.1278633431170481 10.2756 13.6522 0.467432 0.449686 1754483208.548116 2 2 1
-11.10319500493509 -49.718239555132094 1.34279 1.73215 -0.2622425047738295 -1.8583092999149962 14.9102 13.7492 0.522399 0.292548 1754483208.548116 2 2 1
-11.415503021938408 -49.61374815099186 0.963017 1.79376 -0.2289139134514746 -1.864749564854855 18.779 17.7561 0.513932 0.458887 1754483208.548116 2 2 1
-12.253258355593738 -49.396031453776246 0.478577 1.8344 -0.2622907599530562 -1.88169671189172 15.7485 15.0456 0.495423 0.455267 1754483208.548116 2 2 2
49.46865511265127 21.71145477929653 2.07078 -4.44824 0.14165663661267214 0.4541786551489069 18.9222 15.7864 0.462444 0.349045 1754483208.548116 2 2 1
48.37896329469627 -25.14491335239514 3.85196 -3.95039 -0.060191834749061535 -0.49584768994290657 15.2992 12.2529 0.605597 0.263909 1754483208.548116 2 2 1
48.30901606257383 -25.294272674935083 3.83908 -3.90568 -0.02470934416156334 -0.49906607708358414 15.824 12.0236 0.592258 0.288004 1754483208.548116 2 2 1
-13.479292857903417 -48.93934483173133 9.38554 2.14541 -0.06203243836415151 -1.9073181453109969 18.263 11.6238 0.467413 0.328129 1754483208.548116 2 2 1
-13.7656104011294 -48.823153041250364 9.51045 2.19594 -0.037472427276000086 -1.913374437815417 19.2345 12.491 0.517098 0.384016 1754483208.548116 2 2 1
48.45916334732378 -25.39302095649852 3.79053 -3.97906 -0.09891697694124613 -0.49935405641016317 16.4651 13.8286 0.600118 0.303664 1754483208.548116 2 2 1
50.135626418417395 22.005132458010536 1.90959 -4.49652 0.09420341781553354 0.45362713110527664 14.972 10.3979 0.523288 0.222058 1754483208.548116 2 2 2
-12.915585548596518 -49.00576484102541 11.9478 1.96627 -0.19426829080551378 -1.8964272907785522 25.0949 13.2965 0.461022 0.306063 1754483208.548116 2 2 1
-12.89673079062643 -48.97261037549202 12.1905 2.01101 -0.1489252799066425 -1.8962876644383926 26.5237 15.4131 0.424709 0.287693 1754483208.548116 2 2 1
-13.715728953511542 -49.15182582375542 13.0045 2.20218 -0.018070507085976573 -1.9103026583319072 22.145 11.6032 0.440937 0.395937 1754483208.548116 2 2 2
-14.185596414235413 -48.88493117969739 13.3526 2.27 0.005263827315664216 -1.9207048206737931 24.2839 13.2083 0.426709 0.402094 1754483208.548116 2 2 1
55.87929067002141 -7.6149238238220125 2.07887 -4.55828 0.0990403472257837 -0.12912137644188565 14.415 15.4778 0.543308 0.317848 1754483208.548116 2 2 1
-15.264761301007933 -48.615365111852554 13.6399 2.17732 -0.17881159684564096 -1.942259636935923 22.3541 10.8006 0.405516 0.414244 1754483208.548116 2 2 1
56.00846466108534 -7.81444834055127 2.17124 -4.69499 -0.042050259367150566 -0.13253384419538494 22.522 23.5915 0.581173 0.434562 1754483208.548116 2 2 1
56.033331520590465 -7.831908482360583 2.16379 -4.64655 0.006048720778315975 -0.13279773797828648 19.5337 20.9898 0.564312 0.387063 1754483208.548116 2 2 2
-3.8334736408814996 -53.98995118383473 -0.386783 1.12872 -0.1719680630961733 -1.7052735951123772 15.8787 12.0735 0.614693 0.492535 1754483208.548116 2 2 1
56.17986558176743 -7.8019428442896865 2.0289 -4.8244 -0.170611376415434 -0.13187585506738309 10.7662 10.9858 0.496195 0.212817 1754483208.548116 2 2 1
56.182643189194174 -7.987468687455558 2.09976 -4.7712 -0.12187647799353041 -0.1353195642144931 15.992 17.3092 0.602283 0.426056 1754483208.548116 2 2 1
56.1937702772855 -8.010063335100842 2.1335 -4.72761 -0.07879801343945392 -0.13571139063156581 13.6633 15.8276 0.540858 0.382675 1754483208.548116 2 2 1
52.211411630262866 21.225740255584913 -1.47093 -4.53761 0.0960521191217083 0.42357081605668234 12.5452 10.4978 0.487032 0.389634 1754483208.548116 2 2 2
52.00241393907725 21.77462651492541 -1.80363 -4.48546 0.13306590376373695 0.4345035584911748 14.7905 12.3646 0.58999 0.284925 1754483208.548116 2 2 1
-3.950943868372307 -54.11734679163315 -0.397955 1.06345 -0.2458231139222291 -1.7071201534609872 14.8992 11.6091 0.60893 0.477645 1754483208.548116 2 2 1
52.49064307271611 21.359195457021436 1.23822 -4.57753 0.05595890934630088 0.4236982250920779 14.4106 12.6438 0.559995 0.257285 1754483208.548116 2 2 1
53.623955547280744 20.026145495059957 2.51279 -4.60341 0.06988710951564503 0.39279018936851035 20.8523 17.6355 0.407019 0.427351 1754483208.548116 2 2 2
53.694586111060104 19.95160615913649 2.34074 -4.54659 0.12884116768973275 0.391029152153248 18.4348 15.1103 0.538818 0.398711 1754483208.548116 2 2 2
57.18703615526885 -8.18787350939592 1.6542 -4.69096 -0.0431544765831422 -0.1364807317658449 14.8955 17.0123 0.550725 0.462873 1754483208.548116 2 2 2
57.53832033180389 -7.565245115923109 1.51206 -4.74696 -0.08355041328143198 -0.12430601303563327 11.0982 13.4082 0.403781 0.390994 1754483208.548116 2 2 1
53.69243381923575 20.257813661003294 2.89704 -4.67058 -0.001497702360480524 0.39623372398269513 18.5869 16.054 0.479304 0.392883 1754483208.548116 2 2 1
53.781215109139595 20.163735737162025 2.28189 -4.61158 0.06022381360452744 0.3940154105034104 17.1872 14.7575 0.549254 0.445499 1754483208.548116 2 2 1
53.64674633362514 20.82044741186578 1.18088 -4.57731 0.07946553805001777 0.40604072904965127 12.9073 10.2803 0.457302 0.442646 1754483208.548116 2 2 2
-13.393176766948667 -51.98951543814778 11.4059 2.01397 -0.10622546639405472 -1.8871072325729024 24.0078 15.3308 0.489454 0.379585 1754483208.548116 2 2 1
-13.691161437136712 -51.88203393943538 11.5385 2.09356 -0.05211692442299354 -1.8929889921521235 22.7584 12.9584 0.480918 0.250768 1754483208.548116 2 2 1
57.54505908251057 -7.92540619654955 1.68759 -4.86487 -0.2097374369351268 -0.13083092644421407 9.44922 11.4092 0.584292 0.497657 1754483208.548116 2 2 1
-13.539312121262434 -52.123991061437394 11.3414 1.95985 -0.1681413916669634 -1.8889049217024567 28.3011 19.7933 0.495285 0.366441 1754483208.548116 2 2 2
-14.156798025428671 -51.715468784798595 12.7294 2.05483 -0.1304704930817957 -1.9021694240176135 25.9026 14.9457 0.471748 0.276339 1754483208.548116 2 2 2
-14.258483755233698 -51.76538768996858 12.6288 2.10577 -0.0859163426835381 -1.9036529538818088 20.9785 10.8094 0.455784 0.301229 1754483208.548116 2 2 1
-13.738807353022528 -52.29215658269988 11.2369 1.88891 -0.25004457707478434 -1.8914356491178483 20.8217 12.7203 0.494751 0.319594 1754483208.548116 2 2 1
-14.4834148221918 -51.794662276070355 12.7752 1.98294 -0.22495217780139964 -1.9074228650661165 24.8091 13.8844 0.469193 0.270414 1754483208.548116 2 2 1
-14.894204829335148 -52.196100937533274 12.7309 2.13151 -0.09644577236120533 -1.9121003474614613 22.9103 12.2029 0.538373 0.329292 1754483208.548116 2 2 1
55.780404543059156 20.402500872028718 1.1188 -4.52416 0.15924172556349436 0.38434279578885777 12.7314 10.9447 0.429972 0.29556 1754483208.548116 2 2 1
56.2249138226504 19.880308153463357 1.7976 -4.61313 0.08345325184539565 0.372875982603255 17.2503 15.757 0.506532 0.2712 1754483208.548116 2 2 2
54.9404893615272 19.12557805818998 13.3522 -4.58282 0.1184918822167127 0.3686261058746488 24.4869 16.198 0.537776 0.230815 1754483208.548116 2 2 1
56.29267163375692 20.25277770487357 2.20602 -4.71573 -0.025572160877763928 0.37853259470896866 12.7595 10.1186 0.425836 0.225699 1754483208.548116 2 2 1
56.79298507797379 20.1091460076616 4.6169 -4.55765 0.1388137038516568 0.3729824476876267 13.641 10.686 0.43013 0.267582 1754483208.548116 2 2 2
-12.199997485464044 -55.24436791659875 11.5372 1.90897 -0.045273655487056086 -1.8491986812195855 17.4487 10.2244 0.426217 0.351534 1754483208.548116 2 2 1
-12.515642096638652 -55.118551557454396 11.697 1.95424 -0.02632660506486073 -1.8551677072614061 18.3598 11.0152 0.492163 0.292825 1754483208.548116 2 2 1
-12.298442018013022 -55.40630837967513 11.8087 1.80053 -0.15764344782204298 -1.8500887991381028 21.2229 13.8491 0.515923 0.229781 1754483208.548116 2 2 1
-12.420340954444843 -55.366574944556085 11.741 1.86215 -0.10595657841295147 -1.8523402738731753 20.4912 12.9466 0.491279 0.236899 1754483208.548116 2 2 2
-14.22099668398856 -54.94958151706935 11.8093 1.99749 -0.11255294304050834 -1.88476849137523 20.347 12.5615 0.422338 0.278881 1754483208.548116 2 2 2
-14.583935195344138 -54.888000666160416 11.8766 2.03466 -0.10308551740881011 -1.8911563964375293 22.4384 14.8781 0.558701 0.48569 1754483208.548116 2 2 1
-15.128188969276865 -54.52773844411689 12.6301 2.1056 -0.0800011116015531 -1.9022392371876933 18.6934 10.2744 0.539846 0.292756 1754483208.548116 2 2 1
-15.2493823398792 -55.34808513976209 9.43626 2.05531 -0.1188601326399179 -1.899586336724662 21.8704 14.0667 0.471259 0.220114 1754483208.548116 2 2 1
-14.474076430665567 -55.089437036256875 11.6371 1.92004 -0.20500034408745482 -1.888224243294179 19.7497 12.5821 0.448333 0.412225 1754483208.548116 2 2 1
-14.559492430630574 -55.02598401409399 12.0407 1.96913 -0.16355077049947853 -1.8899870258386933 25.7443 17.8766 0.564244 0.500783 1754483208.548116 2 2 1
-15.411144070145763 -54.57296768921982 12.9394 2.02648 -0.17818851044107786 -1.906672373487759 21.1219 13.4523 0.533325 0.293977 1754483208.548116 2 2 2
-15.144033957393647 -55.58998573932377 9.39797 1.98128 -0.17963515122858276 -1.896514557241152 20.387 13.3317 0.432403 0.204893 1754483208.548116 2 2 1
-5.84484 -59.224 0.401257 -6.2406 -7.69270897010588 -1.7379897919410108 15.6903 15.4719 0.617824 0.39756 1754483208.548116 1 2 2
-5.77203 -59.2449 0.30728 -6.20858 -7.654836197225516 -1.7367191922455592 16.8791 16.1921 0.639233 0.441719 1754483208.548116 1 2 1
-6.00139 -59.3935 0.452207 -6.33416 -7.79616028465019 -1.740138292250216 11.6147 10.6742 0.627957 0.43258 1754483208.548116 1 2 1
-5.95258 -59.4027 0.228466 -6.29256 -7.750712229913317 -1.7393022795385107 13.0108 11.8648 0.65376 0.38536 1754483208.548116 1 2 1
61.98366331719054 -12.311098212200243 1.60515 -4.57891 -0.014052981774476336 -0.19397030653021136 17.4785 20.2196 0.526452 0.480102 1754483208.548116 2 2 1
61.7896304665659 -13.371079402130627 1.28156 -4.54127 -0.005550339883300559 -0.21200130303256476 22.7567 25.2083 0.519671 0.833291 1754483208.548116 2 2 1
61.729660816497756 -13.771207852683945 0.932488 -4.50284 0.021587551512556757 -0.21875398190853082 19.5644 21.857 0.527074 0.472055 1754483208.548116 2 2 1
62.13774783552557 -12.274580656288117 1.64824 -4.64684 -0.08025953803472063 -0.19287423975995888 19.5103 22.2598 0.532843 0.520217 1754483208.548116 2 2 2
62.043785865902024 -12.81704430326141 1.20125 -4.59993 -0.04797089015397216 -0.20206514360096103 25.2672 27.4484 0.508012 0.535312 1754483208.548116 2 2 1
61.810950541424354 -14.098921471618361 1.14595 -4.56493 -0.04906888666877407 -0.22379623811754243 23.6289 25.323 0.507056 0.472829 1754483208.548116 2 2 2
61.78729285811719 -14.588925685588347 1.2798 -4.53335 -0.031399153500151655 -0.2318439512984883 18.8681 19.4788 0.542892 0.291856 1754483208.548116 2 2 2
-4.993174710475758 -60.07648082896932 0.27487 1.05205 -0.2745013501011353 -1.710839450096987 13.2311 13.2112 0.617226 0.495082 1754483208.548116 2 2 1
-4.960293409648589 -60.07513297054 0.399438 1.09463 -0.22940899216884425 -1.7102983980288688 12.4453 12.1206 0.610029 0.502175 1754483208.548116 2 2 1
62.416958687111325 -12.117725984720472 1.6793 -4.77435 -0.2023825259400036 -0.1894254691580181 11.8368 12.0059 0.442794 0.528215 1754483208.548116 2 2 1
62.25919760696015 -12.803296275847108 1.20568 -4.69387 -0.14039102906680068 -0.2011209204756321 16.1019 17.7149 0.454406 0.544592 1754483208.548116 2 2 1
61.91981634525103 -14.455945655732627 1.23967 -4.63612 -0.12954234009932541 -0.22918581484770092 17.4595 18.0736 0.462814 0.450202 1754483208.548116 2 2 1
61.944272581690925 -14.670426858586703 1.26202 -4.5976 -0.09690626090366283 -0.23256302695030995 15.9854 16.5625 0.484448 0.326492 1754483208.548116 2 2 1
-13.274034043071909 -58.414340075482095 11.3673 1.88107 -0.0850353532266559 -1.851886488267657 21.8582 15.2396 0.495362 0.389399 1754483208.548116 2 2 1
-13.341942780930395 -58.50651670789171 10.9017 1.92174 -0.047290084141115685 -1.8525497133834146 23.2167 16.6301 0.53469 0.401677 1754483208.548116 2 2 1
-14.021391157554197 -57.98852258056532 12.7187 2.05474 0.027092923924318946 -1.8658840288686516 18.7332 10.5302 0.448094 0.24318 1754483208.548116 2 2 1
-13.326982103417217 -58.550830109444895 11.4368 1.81081 -0.15629601645345126 -1.8521133810704162 25.7491 19.2142 0.494746 0.413179 1754483208.548116 2 2 2
-13.405409261596713 -58.63232641070728 11.0405 1.85867 -0.1122837769532481 -1.8529860456964133 28.0078 21.7012 0.515723 0.390229 1754483208.548116 2 2 2
-13.92444833298543 -58.3354556474176 12.2027 1.90044 -0.1130458557182441 -1.8626551697524618 29.383 22.1686 0.499454 0.298386 1754483208.548116 2 2 1
-14.288371481401404 -58.18056998961071 12.658 1.94764 -0.09452902673754227 -1.8692001544474406 29.5767 21.3955 0.482001 0.331684 1754483208.548116 2 2 2
-15.190912315084175 -57.973756259500924 12.5252 1.99108 -0.11812901359169126 -1.8845765051575107 22.3816 15.1015 0.447417 0.261445 1754483208.548116 2 2 1
-13.298110224589252 -58.75024560996624 11.6175 1.70872 -0.2523035027202276 -1.8507345709613405 19.1002 11.7884 0.445137 0.367239 1754483208.548116 2 2 1
-13.48397770801791 -58.78441955377883 11.1315 1.78629 -0.18704863486382606 -1.8535270977645317 21.91 15.9981 0.506345 0.382493 1754483208.548116 2 2 1
-14.01299184221637 -58.45817317475864 12.1755 1.85175 -0.16533556608124655 -1.8634754745008992 26.4859 19.808 0.486162 0.384644 1754483208.548116 2 2 1
-15.004065780375148 -58.08578552500972 12.7072 1.89798 -0.19582530100957518 -1.8810334867759622 28.6311 20.6899 0.476686 0.360624 1754483208.548116 2 2 1
-15.254107828921432 -58.07726869517216 12.7508 1.92706 -0.18411999421823166 -1.8850302907630292 25.217 17.612 0.483065 0.27654 1754483208.548116 2 2 2
64.23085882619381 -14.641859026037777 1.21584 -3.74751 0.7685570507435449 -0.22367581039915482 7.6361 10.6095 0.400585 0.716266 1754483208.548116 2 2 1
-13.4758713726107 -61.60079892839158 11.8829 1.80389 -0.11391074344239227 -1.8409607271501724 21.0533 14.5753 0.503975 0.477048 1754483208.548116 2 2 1
-13.561122207416826 -61.89403668896683 9.7603 1.8428 -0.07523278572431114 -1.8410130870277324 25.236 19.076 0.429996 0.390766 1754483208.548116 2 2 1
-14.251272021753824 -61.70225092571302 9.87573 1.88946 -0.07856961570483567 -1.8523228205806554 25.6188 19.9109 0.442376 0.433098 1754483208.548116 2 2 1
-14.558473726617235 -61.60999831211331 9.77689 1.96989 -0.020356795460263477 -1.8573668221189192 18.2141 12.3705 0.463869 0.376076 1754483208.548116 2 2 1
61.91254471693342 -27.65120207884037 0.439851 -4.14332 -0.07347477756015586 -0.43006448510598827 14.4619 13.0731 0.516187 0.456233 1754483208.548116 2 2 2
62.07184430641737 -27.456229164242032 -0.466356 -4.11802 -0.03838334951606548 -0.42628584727542057 15.9264 13.6816 0.401978 0.43834 1754483208.548116 2 2 1
-13.304622298385917 -61.76460708583966 12.1502 1.73681 -0.16636150655271886 -1.837662054863903 23.9615 16.1069 0.487864 0.391035 1754483208.548116 2 2 2
-13.73157820509227 -62.005026535404234 9.80218 1.77631 -0.15115470970128997 -1.8431423887151654 29.6022 22.7448 0.43405 0.428108 1754483208.548116 2 2 2
-14.16810316267702 -61.87618347184546 9.98568 1.81667 -0.14242787948273694 -1.8502982386483422 30.9437 24.4616 0.451771 0.415871 1754483208.548116 2 2 1
-13.96712297984089 -61.99692084453159 9.76706 1.87998 -0.06339088710310659 -1.8467377669742735 24.0675 17.9413 0.502275 0.339749 1754483208.548116 2 2 2
-16.267305539581205 -60.96851549947282 12.5224 1.95203 -0.1639997858609059 -1.8861473014843058 22.9536 16.5567 0.517434 0.391878 1754483208.548116 2 2 2
-16.083341505065125 -61.03912388217462 12.5128 2.02331 -0.07914890977259637 -1.8830231621232358 17.7073 11.2622 0.552685 0.44326 1754483208.548116 2 2 2
-14.050146826532028 -62.143179999379 9.69574 1.68666 -0.2594880345444188 -1.8473660855049916 22.6649 14.8487 0.421271 0.421911 1754483208.548116 2 2 1
-14.305880164621058 -62.01612301829094 9.98621 1.74116 -0.22440649263909607 -1.8517643152200174 25.0519 17.4915 0.462367 0.408096 1754483208.548116 2 2 1
-13.601762195839852 -61.93822380219791 12.3807 1.80284 -0.1171262668533235 -1.8414494193407307 20.2723 12.5704 0.503852 0.302259 1754483208.548116 2 2 1
-16.62888242604977 -61.003242257583125 12.6398 1.88347 -0.25525789109004693 -1.8913832892402886 20.8328 13.5199 0.458784 0.405191 1754483208.548116 2 2 1
-16.711802223323343 -61.00550644237295 12.7667 1.93762 -0.2064712186524842 -1.8926224730092045 17.1034 10.2509 0.474918 0.456004 1754483208.548116 2 2 1
62.82025002066039 -27.432267918365568 -1.06469 -4.15534 -0.0626164828006166 -0.4211999578351091 14.8949 14.49 0.619855 0.28652 1754483208.548116 2 2 2
62.76024335084638 -27.798097093185962 -0.82481 -4.13514 -0.056558832639090895 -0.42669425432038727 15.5244 14.4106 0.612929 0.329026 1754483208.548116 2 2 1
60.57541895610549 -27.075567212701227 17.0406 -4.09543 -0.026996082549913147 -0.43060728250335856 22.9919 10.1186 0.602359 0.313563 1754483208.548116 2 2 1
61.018135297734425 -26.840368445438678 17.0912 -4.2866 -0.20186245347343146 -0.424308389232911 18.9956 10.7889 0.538654 0.317677 1754483208.548116 2 2 1
62.85733151607573 -28.021734898171573 -0.883902 -4.20829 -0.1361783122378295 -0.4291918204799911 13.3555 13.5434 0.606389 0.262741 1754483208.548116 2 2 1
60.71587506899879 -27.238339310008794 17.043 -4.17153 -0.10677745417555151 -0.43202099919747394 23.017 11.5238 0.598796 0.341826 1754483208.548116 2 2 1
63.684745751327384 -27.696988253540482 -0.986593 -4.15343 -0.05637365013359652 -0.4195069884606746 13.9933 13.2053 0.471017 0.394716 1754483208.548116 2 2 1
63.806538338299916 -27.88101663226603 -1.05962 -4.23595 -0.14347251041449027 -0.4212959509439688 12.116 11.9236 0.453425 0.357909 1754483208.548116 2 2 1
63.84619796128425 -27.912519777911267 -0.929404 -4.18813 -0.09614020383537714 -0.4214861918324362 11.0491 10.4831 0.475417 0.458795 1754483208.548116 2 2 1
-14.256894746208696 -64.41802799602466 12.1016 1.91517 -0.002630743442392225 -1.8409607271501724 18.0528 11.8413 0.497482 0.436686 1754483208.548116 2 2 1
-14.344086049922346 -64.4165595407488 12.0861 1.94882 0.02529708320702162 -1.8422522707966482 18.0552 11.7237 0.518543 0.440646 1754483208.548116 2 2 1
70.39856362611981 0.033992647922339914 7.1358 -4.67869 0.11200807294611437 0.01238922117811381 15.2605 12.685 0.629365 0.378328 1754483208.548116 2 2 1
70.38383987813957 0.043994241396395184 7.4102 -4.63755 0.15324016298357268 0.012541239355962516 16.4294 14.0461 0.591399 0.283321 1754483208.548116 2 2 1
65.29593475948631 -26.804667516166585 1.09763 -4.32839 -0.1763380538528212 -0.3976031063481457 10.2324 10.7389 0.407105 0.331091 1754483208.548116 2 2 1
-14.601190869988757 -64.53358487058138 12.0512 1.76939 -0.16857868291488476 -1.8455160364978775 16.4725 10.4038 0.430185 0.331021 1754483208.548116 2 2 2
-14.457471654813581 -64.60988452772874 12.1422 1.81004 -0.11727015833668575 -1.8431074821301254 29.1522 22.8771 0.545557 0.468918 1754483208.548116 2 2 2
-14.528963091370029 -64.62153605820956 12.1361 1.83161 -0.10010395123520022 -1.8441023198037623 31.0051 24.9202 0.5554 0.445458 1754483208.548116 2 2 1
-14.329587899749287 -64.66466340643386 12.1539 1.89386 -0.024250131983114986 -1.841030540320252 22.3611 16.6184 0.571558 0.355261 1754483208.548116 2 2 1
70.6011830465817 0.009663873581088556 7.33706 -4.77686 0.013595743533262983 0.011990064378182709 21.4126 18.3675 0.652247 0.346627 1754483208.548116 2 2 2
70.37249162781337 0.15512698245409162 8.79772 -4.74884 0.042948755372870906 0.014201571073384722 25.6935 21.1015 0.611099 0.31426 1754483208.548116 2 2 1
-14.590432149937124 -64.70856221521937 12.1719 1.75012 -0.1839881941504009 -1.8446433718718804 28.4669 21.7335 0.561381 0.443809 1754483208.548116 2 2 1
-14.606004200454407 -64.7309421660493 12.1695 1.77107 -0.16365597140850907 -1.84478299821204 31.5275 25.1172 0.560289 0.407671 1754483208.548116 2 2 1
-16.143183555329806 -64.72235681649207 10.0538 1.8671 -0.16521182438824877 -1.866948679712368 22.216 15.0838 0.495482 0.383453 1754483208.548116 2 2 2
70.76218345583467 0.06126996167175758 7.45628 -4.85791 -0.06700738598385847 0.012727116921299915 16.9193 13.2318 0.637478 0.288302 1754483208.548116 2 2 1
70.5670978882778 0.2986647114530866 8.5234 -4.81782 -0.024790429870442665 0.01629596617577792 21.225 16.9741 0.609251 0.330146 1754483208.548116 2 2 1
70.79636270836095 -5.9280630577303315 6.48916 -4.71946 -0.000926859999836438 -0.07595707662981156 15.7091 14.4871 0.535009 0.356065 1754483208.548116 2 2 1
70.80987293579757 -6.226757862050074 6.51199 -4.67917 0.034814913300657224 -0.08034378717177411 12.3716 11.4709 0.501352 0.305518 1754483208.548116 2 2 2
-14.77492847966332 -64.94214081095785 12.1426 1.65801 -0.28366336368837164 -1.8463537945388349 19.8994 12.9496 0.584673 0.348353 1754483208.548116 2 2 1
-16.018229944037525 -64.95060813112191 9.97714 1.81449 -0.20565808033910815 -1.8641736062016971 19.3531 12.1617 0.468959 0.377985 1754483208.548116 2 2 1
67.44275446657724 -28.088489516452366 1.61874 -4.18936 -0.04983583816336523 -0.4026628158496773 10.2983 10.9829 0.557237 0.482547 1754483208.548116 2 2 1
67.66984921593576 -28.20742716322789 1.44209 -4.30521 -0.16641508772092273 -0.40295603116401235 9.45957 10.9447 0.539952 0.481005 1754483208.548116 2 2 1
-15.460098810873287 -67.50501226273465 13.139 1.7933 -0.14598091304406458 -1.8458127424707167 19.4649 13.0613 0.486154 0.358204 1754483208.548116 2 2 2
-15.75233863338638 -67.53517076453616 12.7164 1.82945 -0.12718253752958253 -1.849739733287704 19.9516 13.7316 0.556205 0.474319 1754483208.548116 2 2 1
-15.71470534734709 -67.55705865679737 13.3502 1.72181 -0.232125370957303 -1.8491288680495057 19.5552 12.6615 0.482675 0.340525 1754483208.548116 2 2 1
-15.889102412135033 -67.62121966330892 12.9048 1.76494 -0.19854775562023375 -1.8512930763219788 20.7199 15.175 0.552969 0.509209 1754483208.548116 2 2 1
-15.769653677435636 -67.77183105381333 12.6097 1.81317 -0.14038000190322775 -1.8490416015869062 17.1259 11.6914 0.578721 0.510721 1754483208.548116 2 2 2
-15.595800298682967 -67.80466302809903 13.1381 1.87249 -0.06987783970036832 -1.8465108741715144 15.3298 9.80111 0.594825 0.512732 1754483208.548116 2 2 2
-16.865041195954117 -70.5440512046448 12.8398 1.85994 -0.11132153299026792 -1.8530558588664932 16.8473 11.9295 0.563673 0.456689 1754483208.548116 2 2 1
-16.915955471564644 -70.74135504430457 12.7522 1.76822 -0.20273377695324823 -1.8529860456964133 16.5722 11.8854 0.528744 0.46745 1754483208.548116 2 2 1
-17.136046702761007 -70.64807033974841 12.9215 1.81804 -0.16721424541155194 -1.8562323581051228 14.4322 9.86873 0.51988 0.407229 1754483208.548116 2 2 1
-14.875783121498365 -74.013400939602 6.76923 1.80706 0.005221881757879077 -1.814937868002937 13.9056 12.635 0.468911 0.277573 1754483208.548116 2 2 1
-15.308304582133253 -74.11888168390895 6.37272 1.68715 -0.1379651719337165 -1.82013894917388 16.9708 15.5424 0.489182 0.292999 1754483208.548116 2 2 2
-15.035287195679688 -74.18287303591075 6.75174 1.71558 -0.09298068851511632 -1.816438851159652 18.8644 17.4709 0.521137 0.394787 1754483208.548116 2 2 1
-15.111844748462156 -74.09878853812262 7.76113 1.75454 -0.05956764757774358 -1.8176780349285682 12.9973 10.8477 0.503464 0.219016 1754483208.548116 2 2 2
-17.53402613193816 -73.36973902584802 13.5176 1.93026 -0.0326117497840146 -1.8511534499818192 21.0596 15.4131 0.531889 0.518026 1754483208.548116 2 2 1
-14.938869547304405 -74.59830006309764 -4.40178 1.62976 -0.16730732175965413 -1.8138732171592205 12.9958 12.2764 0.488659 0.223786 1754483208.548116 2 2 1
-17.249136805238884 -73.463520524815 13.3476 1.89336 -0.051939543178718406 -1.8471740992872723 18.861 13.517 0.484641 0.520981 1754483208.548116 2 2 1
-17.692818835992135 -73.56381585308984 13.4562 1.83 -0.13864530058190505 -1.852462446920815 31.3614 25.5817 0.542385 0.528612 1754483208.548116 2 2 1
-17.788095553791024 -73.52128661352069 13.5557 1.87327 -0.10137621496000881 -1.8538238037373707 24.4974 18.9555 0.555163 0.490598 1754483208.548116 2 2 2
-17.58952767687743 -73.57840736075451 13.4098 1.8041 -0.15846373251495716 -1.8510836368117396 27.6489 21.9775 0.518008 0.54205 1754483208.548116 2 2 2
-17.78343654495002 -73.67011795994684 13.4295 1.77359 -0.19836394894316145 -1.8532129384991727 29.3437 24.7262 0.543031 0.532147 1754483208.548116 2 2 1
-17.879006025220338 -73.639686120201 13.5331 1.81292 -0.16487907506593324 -1.8545393887306882 22.7222 18.0677 0.557354 0.489963 1754483208.548116 2 2 1
-17.775978604223234 -73.68867459480748 13.3262 1.73856 -0.23270153299026775 -1.8530558588664932 25.122 20.6135 0.52395 0.550009 1754483208.548116 2 2 1
-14.592251475218397 -76.26670855801703 12.4041 1.63982 -0.11453323011979832 -1.8043611727358513 19.6612 16.833 0.516603 0.467218 1754483208.548116 2 2 1
-14.374113198710216 -76.30168000310853 12.7007 1.66799 -0.07355717798368433 -1.8015162860551006 24.668 21.8364 0.504269 0.43807 1754483208.548116 2 2 1
-14.702429507415399 -76.36776084956645 12.6542 1.56508 -0.19414052194871312 -1.8054432768720876 19.9377 16.7183 0.532689 0.448691 1754483208.548116 2 2 2
-14.292955562045245 -76.42489861968207 12.9216 1.6069 -0.1284354862486372 -1.800137475946025 25.6119 22.4861 0.512098 0.386316 1754483208.548116 2 2 1
-16.443073199571543 -76.77110342553433 6.62005 1.70251 -0.14793491471542386 -1.8258112692428616 21.9662 20.3666 0.584576 0.279957 1754483208.548116 2 2 1
-15.664412514619745 -76.94876821941715 7.06964 1.74516 -0.05980540099506215 -1.8156359997037346 15.7186 14.1902 0.559715 0.372935 1754483208.548116 2 2 2
-13.783086757816855 -76.73089880592325 13.2958 1.49964 -0.20293166963796616 -1.7928769062577286 14.3334 11.5356 0.537059 0.298976 1754483208.548116 2 2 1
-16.312940331976783 -76.97599513625121 6.74964 1.62846 -0.2119380358899785 -1.823559794507789 17.6848 15.9952 0.58016 0.314297 1754483208.548116 2 2 1
-15.476095376811863 -77.20810443055022 6.8977 1.66 -0.1309639922237198 -1.8125118603426646 11.9863 10.9329 0.483048 0.347132 1754483208.548116 2 2 1
82.93509047536526 2.858780682863469 2.18959 -4.77681 0.031510526435186925 0.04590774586388931 10.4666 11.2151 0.669434 0.546643 1754483208.548116 2 2 1
-15.041498400672612 -79.2708758716412 11.7631 1.66688 -0.07301629138004695 -1.8011497669121816 16.2635 13.5669 0.508885 0.315544 1754483208.548116 2 2 1
-14.989019548776584 -79.28687775831433 11.7893 1.6997 -0.037208378783042395 -1.800486541796424 16.9728 14.1284 0.527604 0.242505 1754483208.548116 2 2 1
-15.10551864379195 -79.42978035604581 11.9159 1.58094 -0.1604499607642187 -1.8014813794700608 22.1808 18.3176 0.545751 0.28082 1754483208.548116 2 2 2
-15.079774274105372 -79.99796103938735 6.65673 1.60912 -0.1236984184669685 -1.7995789705853869 22.379 20.199 0.565874 0.205212 1754483208.548116 2 2 1
-17.04477807645313 -78.58233690112402 14.8697 1.73677 -0.12060101710832405 -1.8273646122771365 18.6473 13.9138 0.543782 0.258427 1754483208.548116 2 2 1
-15.395957313996966 -80.0858342714889 6.71019 1.49287 -0.25582831362939973 -1.8031045356744153 15.626 13.367 0.527987 0.251162 1754483208.548116 2 2 1
-15.054695164452756 -80.14424902211375 6.97719 1.54207 -0.1875226355567663 -1.7988633855920693 17.881 15.907 0.571367 0.268462 1754483208.548116 2 2 1
-14.745123431415953 -79.14485189174462 15.1218 1.58105 -0.14429269229136144 -1.7979209077959921 20.4051 12.6056 0.497122 0.215192 1754483208.548116 2 2 1
-17.305591658732986 -79.62650654583027 7.81904 1.65574 -0.2009308281363027 -1.827207532644457 17.2891 14.6017 0.551354 0.313435 1754483208.548116 2 2 1
-17.709870901069333 -84.81315448224301 12.3463 1.7333 -0.07572955316734942 -1.8165435709147717 21.7376 17.8266 0.535988 0.366843 1754483208.548116 2 2 1
-18.181340505177754 -84.70304294645018 12.4684 1.77406 -0.05994679468376285 -1.8221286245211537 25.6207 21.8658 0.578795 0.379527 1754483208.548116 2 2 1
-18.36201230348786 -84.63345977529346 12.576 1.82175 -0.022153823229568603 -1.8243451926711862 21.0281 17.4415 0.62769 0.397981 1754483208.548116 2 2 1
-16.73870404490987 -85.09509216221326 12.8205 1.6144 -0.14230862819452805 -1.8048847715114495 16.6459 13.3817 0.451976 0.322406 1754483208.548116 2 2 2
-17.97740663036326 -84.88200125399842 12.7754 1.65249 -0.16903527623556114 -1.8193360977179627 29.2059 25.2554 0.557908 0.373701 1754483208.548116 2 2 2
-18.261293905427205 -84.84012591220558 12.7635 1.6873 -0.14896754170912763 -1.8226347700042318 34.6648 30.6763 0.574436 0.347204 1754483208.548116 2 2 1
-18.386346089802757 -84.82036771393935 12.7989 1.71825 -0.12448535372209624 -1.824083393283387 30.8478 26.787 0.597898 0.332247 1754483208.548116 2 2 2
-18.62957629057958 -84.49731235543116 14.5401 1.77726 -0.08174461312343118 -1.8277311314200553 15.3273 10.4802 0.56602 0.359791 1754483208.548116 2 2 2
-18.086234647452144 -85.0156629377248 12.6964 1.5884 -0.2368712276859406 -1.82017385575892 25.6513 21.4895 0.568169 0.340542 1754483208.548116 2 2 1
-18.301895559759235 -84.97061078294631 12.6982 1.63088 -0.20569933198040125 -1.8227045831743116 32.0521 27.9599 0.585336 0.321719 1754483208.548116 2 2 1
-18.519225644935776 -85.53452793219792 6.88031 1.66 -0.18016427634563636 -1.8235074346302291 27.4613 25.0966 0.607748 0.346216 1754483208.548116 2 2 1
-19.183004821313983 -85.49014002123772 6.42807 1.6842 -0.18918500087594636 -1.8309599905362448 12.6955 10.492 0.598046 0.234549 1754483208.548116 2 2 1
-16.406808320629573 -88.99662214620051 1.97759 1.56234 -0.1330525606737194 -1.7912886566384139 13.5704 12.541 0.456864 0.298628 1754483208.548116 2 2 2
-17.466640479532852 -87.64033624303646 14.7621 1.61363 -0.14896501491821246 -1.8061937684504454 20.5365 16.0216 0.587315 0.265074 1754483208.548116 2 2 2
-18.455919398516784 -88.3511305196836 7.15848 1.64717 -0.15505907664373497 -1.8150251344655366 21.3361 18.3293 0.61494 0.330571 1754483208.548116 2 2 1
-18.10527176358684 -88.42451678908495 7.33616 1.70272 -0.0816674641431907 -1.8110457837709895 17.8565 15.2249 0.56651 0.329706 1754483208.548116 2 2 1
-18.36273287110435 -88.53583955485603 6.96647 1.58519 -0.2103126825192878 -1.8135241513088216 21.471 18.5498 0.580095 0.363389 1754483208.548116 2 2 1
-18.07177658144313 -88.60786820875992 7.14595 1.62876 -0.1518677252066547 -1.8102080257300324 18.7796 16.151 0.576034 0.310425 1754483208.548116 2 2 2
-21.305585479777672 -87.14891737581527 16.0167 1.77745 -0.17610000190322772 -1.8490416015869062 21.085 11.8795 0.49756 0.204664 1754483208.548116 2 2 2
-25.376144263391346 -87.63659394167865 8.3989 1.97658 -0.1578397440342536 -1.8903884515666518 22.0389 17.1799 0.540185 0.209608 1754483208.548116 2 2 1
-19.27313349458428 -89.9410181850217 -4.74273 1.7574 -0.06467164050822749 -1.8194582707656024 14.9425 11.415 0.463699 0.22001 1754483208.548116 2 2 1
-18.696316384241154 -90.22793222697236 -5.97558 1.62971 -0.16172359709598494 -1.8126165800977845 16.3848 13.8697 0.572479 0.264631 1754483208.548116 2 2 2
-29.21423189555112 -87.25507841772851 6.37674 2.17841 -0.13064080535730271 -1.9311244363081994 24.3595 19.9197 0.429043 0.252277 1754483208.548116 2 2 1
-28.344824808688397 -87.5183364514029 6.9973 2.23146 -0.0358810148401445 -1.9213156859119913 19.8321 15.5189 0.520772 0.347981 1754483208.548116 2 2 1
-26.801010818452877 -87.71806705091765 11.5516 1.95567 -0.2409714410230963 -1.904804871188125 24.5815 18.4587 0.571739 0.279728 1754483208.548116 2 2 1
-29.344541208999185 -87.37317586114052 6.48902 2.10182 -0.2109309380989277 -1.9319971009341965 30.2837 25.4141 0.499318 0.307714 1754483208.548116 2 2 1
-28.295225828232756 -87.68821173548055 7.5254 2.14737 -0.1151327781685354 -1.9201812218981948 26.0553 21.613 0.512688 0.396774 1754483208.548116 2 2 2
-31.056311270946576 -86.46277842459094 11.388 2.26639 -0.13411740269585293 -1.952818878910489 23.3204 17.465 0.568669 0.290353 1754483208.548116 2 2 1
-31.71657817391848 -86.20812362234707 11.3362 2.32691 -0.10563008264674778 -1.9604808743267441 18.1553 12.588 0.480899 0.371551 1754483208.548116 2 2 1
-18.639160122734427 -91.02944688828732 7.76784 1.74802 -0.03151089916009231 -1.809963679634753 19.1068 15.1162 0.546596 0.32763 1754483208.548116 2 2 1
-18.220753033517457 -91.1605509751319 8.15364 1.77785 0.01949287967366664 -1.8052512906543683 22.8991 18.929 0.550568 0.470006 1754483208.548116 2 2 1
-30.35777572238154 -87.25641079250516 6.84461 1.94775 -0.4100734459948221 -1.942661062663882 24.5898 19.1789 0.431566 0.422254 1754483208.548116 2 2 1
-29.766158499538395 -87.3216448228312 7.74653 2.07781 -0.25378415882317107 -1.936447690526782 21.0808 15.4454 0.473282 0.434768 1754483208.548116 2 2 1
-31.196601561570695 -86.59139903425171 11.4193 2.1906 -0.21363600990248388 -1.953708996829006 27.3224 20.443 0.569047 0.355043 1754483208.548116 2 2 1
-30.744582973840984 -86.85155702844429 11.2178 2.24475 -0.13613274887021642 -1.9481413965151442 22.6417 15.7482 0.480327 0.325628 1754483208.548116 2 2 2
-30.046513348485107 -87.01470435485483 13.3206 2.26976 -0.07879040160566042 -1.9404619478063692 23.4769 16.8153 0.546797 0.394898 1754483208.548116 2 2 1
-30.75512548990836 -86.73967948686683 13.2854 2.33218 -0.05097543720656894 -1.9486824485832626 22.9387 16.1774 0.53569 0.491391 1754483208.548116 2 2 1
-18.475163956749956 -91.43489233544031 7.72362 1.58363 -0.18359351721153305 -1.807223512709122 23.7695 20.3048 0.562941 0.392285 1754483208.548116 2 2 2
-18.700334118601553 -91.37796762189933 7.79124 1.61771 -0.16072396686661405 -1.809719333539474 27.765 24.3617 0.600805 0.393546 1754483208.548116 2 2 1
-19.073399166996595 -91.22851171327403 7.58032 1.69986 -0.09767667084183329 -1.81397793691434 21.4788 18.0824 0.64347 0.386171 1754483208.548116 2 2 1
-31.31043315554024 -86.7907204255777 11.5578 2.08652 -0.31917768898617993 -1.9540580626794049 19.7898 14.0549 0.515696 0.375216 1754483208.548116 2 2 1
-28.737390049966464 -88.37310151888201 -5.46616 2.16507 -0.10569323479757431 -1.9221185373679086 17.2482 12.9731 0.516571 0.234937 1754483208.548116 2 2 1
-30.33121100491623 -87.07851969346157 13.2932 2.21346 -0.1461284487144261 -1.9430799416843607 26.4077 19.9932 0.577004 0.434054 1754483208.548116 2 2 1
-30.764865619751493 -86.87530082290787 13.5743 2.25451 -0.12681267844712663 -1.9482461162702638 26.194 19.2524 0.576384 0.463319 1754483208.548116 2 2 2
-30.857921811341726 -86.85618791994676 13.8852 2.29683 -0.08874398397728189 -1.9492584072364205 17.7714 10.8506 0.553802 0.444363 1754483208.548116 2 2 2
-33.2834280695153 -86.41730438741341 12.9826 2.33414 -0.15950957004057553 -1.9751939999210562 19.233 12.7644 0.474514 0.45848 1754483208.548116 2 2 1
-18.445847841220836 -91.68070987812418 7.30085 1.48625 -0.2768157955188446 -1.806298488205565 17.4613 14.2313 0.594628 0.367228 1754483208.548116 2 2 1
-18.834026246071378 -91.53293804542808 7.74825 1.53577 -0.24712938375022486 -1.8107141712131107 21.6315 18.3323 0.626066 0.401687 1754483208.548116 2 2 1
-19.231392223086896 -91.50089236999413 7.34981 1.57032 -0.23143992491508825 -1.814920414710417 17.3414 13.3024 0.66751 0.353219 1754483208.548116 2 2 1
-30.579397138496457 -87.33660925708634 12.7418 2.08792 -0.2779161681935016 -1.9445634715485558 17.7149 11.2533 0.599351 0.39831 1754483208.548116 2 2 1
-30.867600387598355 -87.11420613052381 13.4898 2.14567 -0.23601926647979976 -1.9483333827328635 18.0002 11.2504 0.592123 0.415923 1754483208.548116 2 2 1
-19.39895640908858 -94.27362615605762 7.64177 1.70687 -0.07125053813433069 -1.809649520369394 15.0913 12.344 0.584275 0.299429 1754483208.548116 2 2 1
-19.638619463545854 -94.45048345391284 7.01012 1.62061 -0.16636155835957833 -1.8116217424241476 16.5589 14.3019 0.597039 0.322076 1754483208.548116 2 2 2
-29.58187475635822 -91.55023344850879 7.12311 2.07232 -0.18519262511097478 -1.9190118512993588 15.7382 11.756 0.557 0.32023 1754483208.548116 2 2 1
-19.550635300555225 -97.33527324364472 7.82027 1.56158 -0.1904173510791809 -1.803837573960253 15.4292 12.3793 0.528419 0.208485 1754483208.548116 2 2 2
-19.405823346420927 -97.3994816342331 7.63731 1.60996 -0.13496683462143322 -1.802266777633458 15.7391 13.0613 0.549527 0.202262 1754483208.548116 2 2 1
100.01584230264295 23.88974390139513 8.73944 -4.68805 0.11067613613815652 0.25008159774994193 16.4013 12.2058 0.497743 0.292331 1754483208.548116 2 2 1
100.31283872194419 23.10558986788523 8.69374 -4.67369 0.12936682644090247 0.24173543326690508 20.5387 16.101 0.52735 0.301317 1754483208.548116 2 2 1
100.52791027603011 22.853248324228957 8.63463 -4.78352 0.020994097599246864 0.2387718641970187 18.6931 14.6752 0.574341 0.309627 1754483208.548116 2 2 2
100.52753591676922 22.934848796113105 8.64027 -4.74851 0.055618594415086875 0.23956424367742413 24.3627 20.0961 0.561437 0.29554 1754483208.548116 2 2 1
100.72196287938246 -31.91902965734903 1.90272 -4.29414 0.05890768029890747 -0.3094220912203843 10.7442 10.4449 0.573248 0.428821 1754483208.548116 2 2 1
100.82781529965398 -32.19953298680156 2.19818 -4.43177 -0.0835274824608696 -0.3117154538575048 12.3656 12.5027 0.628314 0.448137 1754483208.548116 2 2 2
100.87380376170816 -32.07078936570558 2.04933 -4.38977 -0.03873082859062116 -0.31038202230898115 16.7812 16.9594 0.617139 0.479608 1754483208.548116 2 2 1
100.97011254094367 -31.770036607609143 1.60885 -4.33817 0.019307702480928057 -0.3072980255207072 10.5808 11.0534 0.574617 0.460235 1754483208.548116 2 2 2
-20.740793308677457 -99.94677151000404 9.12264 1.61007 -0.1663265252368391 -1.8092655479339554 16.0249 13.3435 0.539061 0.287702 1754483208.548116 2 2 1
101.00822500271562 -32.27721391046279 2.04046 -4.48186 -0.13399877675910332 -0.31189696809971224 11.4559 11.8589 0.625069 0.45186 1754483208.548116 2 2 1
-19.09959378984816 -101.54430768413907 13.7229 1.54353 -0.14673200626166438 -1.7901541926246176 17.4292 14.7252 0.446255 0.239314 1754483208.548116 2 2 2
-19.174331242760108 -101.49673606795398 14.1291 1.57789 -0.11608200993495665 -1.7909744973730548 18.9916 16.1657 0.484178 0.274677 1754483208.548116 2 2 1
-19.14316293628435 -101.80096609462744 13.062 1.46039 -0.22931935514955493 -1.7900320195769779 16.2943 13.3288 0.47296 0.269279 1754483208.548116 2 2 1
-19.393317029515682 -102.10703915954926 9.17636 1.50433 -0.1931141718525391 -1.7917424422439323 16.9344 15.3866 0.486983 0.283449 1754483208.548116 2 2 1
-22.831517064155143 -113.29734947580195 -5.78515 1.49477 -0.23789108377568047 -1.799544064000347 14.4551 11.4856 0.465066 0.214395 1754483208.548116 2 2 2
-13.5688 -124.816 0.411893 -5.66937 -7.018377437247066 -1.7156792481127676 12.938 9.98926 0.562118 0.423154 1754483208.548116 1 2 1
-24.497267987608975 -125.76621163624215 10.7338 1.50385 -0.1863330576472486 -1.7901367393320975 13.1461 8.99856 0.470516 0.214648 1754483208.548116 2 2 2
-25.676846900067282 -125.52417488182044 9.92609 1.57121 -0.1614510837756804 -1.799544064000347 15.9873 12.3822 0.473177 0.30954 1754483208.548116 2 2 1
-20.820419428829105 -124.9914249203744 24.866 1.44537 -0.12191851255382136 -1.7631015892187052 16.1534 8.25775 0.40552 0.210354 1754483208.548116 2 2 1
-30.20829038060393 -132.80321822362288 13.4617 1.67091 -0.15280057011338521 -1.819824789908521 15.102 9.2308 0.550918 0.200319 1754483208.548116 2 2 1
-26.237261965259535 -137.05353929965509 9.28908 1.46567 -0.19993518028233592 -1.784708765358395 14.9923 11.0799 0.508836 0.261977 1754483208.548116 2 2 1
-26.18849680474487 -137.25390729459042 9.15714 1.38703 -0.27564784350731064 -1.7840629935351573 14.5211 11.2769 0.536564 0.300292 1754483208.548116 2 2 1
-24.803297977256342 -137.6115171464537 9.90214 1.40898 -0.20716409233064392 -1.7738179108259504 14.1853 10.9741 0.504664 0.266141 1754483208.548116 2 2 2
-23.286894353222003 -138.00813180317016 10.6755 1.4294 -0.13573596769152618 -1.762630350320667 17.0577 13.7521 0.43865 0.409094 1754483208.548116 2 2 1
-23.337599544176268 -138.0477418807054 10.4024 1.47421 -0.09228131427146402 -1.762927056293506 17.2799 13.9726 0.481839 0.44444 1754483208.548116 2 2 1
-24.286264323296603 -138.02646906359283 10.5897 1.34653 -0.25045969661000633 -1.7696116673286442 19.9131 15.7659 0.528252 0.35572 1754483208.548116 2 2 2
-24.831857597638596 -137.9582879869278 10.2443 1.38042 -0.23437388577060903 -1.7735212048531115 20.5315 16.9653 0.506152 0.345474 1754483208.548116 2 2 1
-24.962246212006672 -131.86546736898813 43.1735 1.45316 -0.20753952065671188 -1.7836266612221585 23.4705 8.89861 0.522258 0.328849 1754483208.548116 2 2 2
-34.141345098378515 -136.381958187213 6.27708 1.73344 -0.18296837936019572 -1.8406465678848134 14.9117 10.4773 0.526909 0.339965 1754483208.548116 2 2 1
-25.001938906408235 -139.71593230888192 9.40095 1.38266 -0.22617539670191578 -1.7722122079141158 15.0973 11.4062 0.531311 0.220778 1754483208.548116 2 2 1
-26.359722657107756 -140.595496287178 2.45371 1.43758 -0.20791549067814863 -1.7802756290583295 12.8961 9.82169 0.462707 0.256115 1754483208.548116 2 2 1
-46.86813358469877 -134.11444814927933 10.8803 2.12185 -0.18712678475696487 -1.9311069830156795 15.5804 9.76878 0.552238 0.289844 1754483208.548116 2 2 1
-46.54909980797588 -132.78093338482842 22.5968 2.17667 -0.13748652689090557 -1.9323287134920757 17.5575 9.19847 0.529445 0.221424 1754483208.548116 2 2 2
-27.077176926156387 -140.6519938824628 2.40093 1.34031 -0.327035429698874 -1.785092737793834 13.6788 10.198 0.415427 0.296006 1754483208.548116 2 2 1
-30.71392184464042 -141.00910035033212 -5.93336 1.59412 -0.18196304020062848 -1.8091957347638756 12.0186 9.01032 0.566367 0.249616 1754483208.548116 2 2 2
-30.025554330296547 -160.9187929146909 6.90779 1.43258 -0.19515411364355528 -1.7763660915338622 12.1771 8.19013 0.473601 0.234449 1754483208.548116 2 2 1
-33.89457851144851 -161.5201113125397 11.881 1.598 -0.1303335531043841 -1.79858413291175 17.8583 12.9466 0.487193 0.2837 1754483208.548116 2 2 1
-34.752701921082114 -161.41553512731136 9.65823 1.67561 -0.0761517367468596 -1.803785214082693 13.0533 8.53702 0.413473 0.218425 1754483208.548116 2 2 1
-28.828381519830444 -162.76591738653974 12.1812 1.34424 -0.24073397563899435 -1.7669762201581327 13.1248 8.04608 0.424155 0.324706 1754483208.548116 2 2 2
-26.601387496859342 -166.96186849468006 11.7061 1.29539 -0.20826218527350204 -1.7492017870558225 15.6223 10.1598 0.446544 0.336448 1754483208.548116 2 2 1
-29.116993078414485 -166.5355937972445 11.0265 1.3512 -0.22158787818318038 -1.7643058664025815 15.1907 10.0481 0.477696 0.312487 1754483208.548116 2 2 2
-56.5582 -170.733 0.6 -4.61493 -6.86998365343793 -1.9184358926462006 21.0393 14.3136 0.563186 0.341477 1754483208.548116 1 2 1
-7.122084201995714 9.364593728893828 1.34722 2.57767 -0.06123415460507475 2.1379801019508524 -18.4706 32.5841 0.617875 0.215862 1754483208.548116 2 4 1
-6.843710994001112 8.92708497132029 -2.98139 2.62906 -0.009977465513356876 2.1380150085358927 12.7152 42.1854 0.663663 0.207944 1754483208.548116 2 4 1
-7.240385169885049 9.259376656435364 -0.607894 2.83211 0.13947977546938528 2.1521172688920065 -24.3916 18.1 0.559629 0.426313 1754483208.548116 2 4 1
-7.838713094862341 8.904837688509051 -0.234762 2.95294 0.02938037443740571 2.2146175094059233 -25.6212 16.636 0.659756 0.498332 1754483208.548116 2 4 1
-7.827475656627324 8.895972798876567 -0.247631 3.0367 0.11433628742661428 2.2142858968480446 -26.0987 15.9452 0.674779 0.526952 1754483208.548116 2 4 1
-6.70713647713622 9.822436172592964 1.3586 2.41292 -0.020351619599591864 2.0850791723229043 -30.3284 20.2372 0.568219 0.205461 1754483208.548116 2 4 1
-6.975824873015782 9.135423545917714 3.72335 2.49603 -0.14280749794514058 2.1379626486583327 -6.30339 35.9531 0.595777 0.208386 1754483208.548116 2 4 3
-7.1159104519790155 9.35642624814351 2.97677 2.72909 0.09045247685759827 2.137910288780773 -21.8418 26.2108 0.525517 0.25139 1754483208.548116 2 4 3
-7.993506758228866 9.079150233317698 -0.24527 2.84781 -0.08185006295221076 2.216310478780358 -14.498 27.9805 0.62678 0.544003 1754483208.548116 2 4 1
-7.994699563426834 9.052172592077266 -0.260739 2.9403 0.00523832377866551 2.2178114619370732 -15.7508 26.7429 0.63973 0.530559 1754483208.548116 2 4 2
-8.148153610367697 9.097288256283832 -0.34848 2.96091 -0.003929058325355506 2.2261192291765663 -16.1011 25.9286 0.665753 0.451328 1754483208.548116 2 4 1
-8.190030374898557 9.089290932388382 -0.358173 3.02014 0.0434720388164922 2.2294353547553554 -18.9229 23.2064 0.620738 0.314737 1754483208.548116 2 4 1
-8.56933240493844 9.081244800838837 -0.307799 2.99558 -0.0728279633375779 2.255475667195111 -24.3235 19.9756 0.447594 0.415103 1754483208.548116 2 4 1
-8.689288348887043 9.172964590745769 -0.585814 3.03994 -0.03872938963656569 2.2584252736309813 -22.715 20.1226 0.566152 0.33728 1754483208.548116 2 4 1
-8.754932929597954 9.104472591908284 -0.515417 3.11411 0.007947075261511838 2.266366521727555 -23.6858 19.3994 0.664901 0.462428 1754483208.548116 2 4 1
-6.96090682456658 9.841732789527478 -0.789495 2.40637 -0.09975570828924507 2.103614568979084 -9.87593 29.6032 0.620109 0.47917 1754483208.548116 2 4 1
-6.839155714492318 9.82847273836199 2.60469 2.43766 -0.03454533193469311 2.094957735889192 -4.47062 39.1839 0.68556 0.314624 1754483208.548116 2 4 1
-8.07277904220615 9.23724596290743 -0.259407 2.75881 -0.16084598621451596 2.213535405269687 -14.3326 26.1696 0.410268 0.535962 1754483208.548116 2 4 1
-8.333460218912176 9.087844727530616 -0.319683 2.85101 -0.16076279201524857 2.2393313716141634 -18.7351 24.8085 0.597067 0.499191 1754483208.548116 2 4 1
-8.146852682579045 9.337535525439451 -0.641571 2.88267 -0.03673402106777823 2.2134655920996074 -7.70036 32.3842 0.688125 0.415663 1754483208.548116 2 4 1
-8.250072226592403 9.28683476929997 -0.440803 2.92277 -0.03145766315159504 2.2231521694481757 -11.6893 30.2353 0.645295 0.355338 1754483208.548116 2 4 2
-7.745143446393315 10.000532991737547 -0.99256 2.87972 0.18240595086715894 2.1533564526609226 -20.4814 20.4195 0.605799 0.246668 1754483208.548116 2 4 2
-8.75389209713924 9.356451782939606 -0.612333 2.96409 -0.09530969651654653 2.2528925799021593 -15.0997 27.4984 0.56298 0.318446 1754483208.548116 2 4 1
-8.85671924717138 9.251569728325881 -0.502989 3.03305 -0.06847389514647828 2.2650226182035196 -18.0605 24.4763 0.669296 0.491644 1754483208.548116 2 4 2
-9.021851267853927 9.260666379036724 -0.276064 3.07751 -0.05834094445912852 2.2750059015249273 -25.8264 20.1608 0.725947 0.569889 1754483208.548116 2 4 2
-8.994836187489799 9.301641488373605 -0.214446 3.1478 0.025234868179299763 2.2711312705855002 -28.0534 17.8913 0.692324 0.536962 1754483208.548116 2 4 2
-6.981420301117391 10.269466200678794 0.209999 2.3164 -0.12321632939379734 2.0866848752347393 -10.6356 33.3308 0.753536 0.283632 1754483208.548116 2 4 1
-6.991537108367227 10.27946054204325 0.171761 2.34309 -0.09783586678240752 2.087016487792618 -9.33426 33.7953 0.725354 0.272816 1754483208.548116 2 4 1
-7.045356235985071 10.31716309544608 0.00467631 2.36694 -0.08335155193629928 2.0893901355753304 -17.2195 24.4734 0.66367 0.331296 1754483208.548116 2 4 1
-8.15544441807019 9.544456937117427 -0.730602 2.79464 -0.0889045868575673 2.2035695752407993 -10.1878 29.4857 0.723721 0.413573 1754483208.548116 2 4 1
-8.863094028902784 9.513657949388529 -0.678295 2.85799 -0.1973249138288402 2.251723209303323 -19.4871 21.322 0.508139 0.260913 1754483208.548116 2 4 1
-8.989645297809817 9.45327620284846 -0.476901 2.92801 -0.1659710788398212 2.262840956638527 -24.0296 18.4704 0.670961 0.509407 1754483208.548116 2 4 1
-9.102586652341113 9.415235970518422 -0.296803 3.00728 -0.11786217679300659 2.2718817621638574 -26.7369 18.2088 0.738498 0.545095 1754483208.548116 2 4 1
-9.252622704672376 9.374733370298395 -0.223047 3.06163 -0.10231155792474889 2.2832438555943404 -29.1715 16.0892 0.613696 0.538661 1754483208.548116 2 4 1
-6.219535541936359 11.028495125281292 -0.395722 2.21051 0.1176617993637823 2.0010415688393777 -18.4788 21.2308 0.425234 0.393175 1754483208.548116 2 4 1
-6.272998947468227 11.145790853209482 -0.442101 2.2081 0.11539643988231774 2.001006662254338 -18.1499 20.9222 0.538454 0.297036 1754483208.548116 2 4 1
-7.797367719589015 10.0985179582092 2.5777 2.70284 0.008758007100762022 2.152501241327445 -27.1299 16.4714 0.729966 0.291532 1754483208.548116 2 4 1
-9.219749366174362 10.015347281599858 0.00921613 2.9546 -0.0901483313919913 2.2487037896973727 -25.0741 19.1818 0.516025 0.330766 1754483208.548116 2 4 1
-9.181570563896045 9.999030317100475 -0.0961455 3.03393 -0.005494005046682737 2.247185353248138 -28.0239 16.4685 0.517512 0.375758 1754483208.548116 2 4 2
-6.418445307352055 11.621832586113312 -0.00362384 1.99768 -0.07344372499553264 1.9958055810833946 -22.7457 20.2901 0.534929 0.234649 1754483208.548116 2 4 1
-6.510241121233212 11.695289357493623 -0.0643755 2.0131 -0.07526315965234476 1.999959464703141 -24.4809 17.6796 0.513882 0.220161 1754483208.548116 2 4 2
-9.728338815334531 10.537589116339502 0.479644 3.15334 0.09089468382954546 2.2537652445281564 -24.2737 20.9986 0.535735 0.408714 1754483208.548116 2 4 1
-9.698969678685879 10.568312621431096 0.353025 3.18681 0.13521770103002106 2.2506585584596066 -25.9914 18.4469 0.566454 0.419293 1754483208.548116 2 4 1
-6.971270304002048 12.62826759606255 0.0210814 2.15435 0.05673009389698436 2.0021934861456936 -13.7863 23.8325 0.745511 0.295953 1754483208.548116 2 4 1
-9.882259669012416 10.701523939590972 0.440596 3.00209 -0.06437196269286316 2.2549171618344728 -19.2277 25.42 0.574546 0.488555 1754483208.548116 2 4 1
-9.857639164078286 10.746291316241097 0.414541 3.043 -0.011460849253634997 2.251478863208044 -9.69082 34.8301 0.580418 0.513604 1754483208.548116 2 4 1
-9.847994089775323 10.766000090844436 0.397332 3.06839 0.018935189533595853 2.2500476932214086 -10.6157 32.7723 0.564904 0.481053 1754483208.548116 2 4 1
-9.75051214270965 10.866082432965129 0.324334 3.11809 0.10385177427516146 2.240029503314961 -26.188 17.468 0.510469 0.41589 1754483208.548116 2 4 1
-6.48139217209954 12.389888602450348 -0.633332 1.80529 -0.18547649412077472 1.9765545994338969 -21.4091 18.4851 0.516521 0.245013 1754483208.548116 2 4 1
-6.945630159753147 12.819219005011568 0.0426364 2.03927 -0.027864727698643676 1.9948456499947977 -11.2043 29.0947 0.7541 0.427038 1754483208.548116 2 4 2
-7.020332255520936 12.780920537069903 0.0172317 2.0789 -0.013007991691070142 2.0008146760366183 -7.89313 31.5435 0.762531 0.336828 1754483208.548116 2 4 1
-9.954434250705914 10.837994122918605 0.396699 2.9312 -0.1276512374797245 2.25273550026948 -18.7448 24.9967 0.572584 0.521151 1754483208.548116 2 4 2
-9.930197229227202 10.843966794726146 0.40235 2.98577 -0.06740941046933635 2.251112344065125 -8.85328 34.8007 0.576772 0.511639 1754483208.548116 2 4 1
-9.922395190034063 10.862292896599168 0.392404 3.0124 -0.036382793311606765 2.2498557070036886 -9.37547 33.0839 0.559204 0.461348 1754483208.548116 2 4 2
-9.890939978243178 10.954494160270244 0.35516 3.04479 0.016649707703743744 2.243973947424468 -23.3302 19.1789 0.514251 0.343535 1754483208.548116 2 4 2
-7.029414685048038 13.026194862765827 0.0635207 1.92038 -0.1442152828871126 1.9942347847565998 -16.1362 25.5552 0.713499 0.366046 1754483208.548116 2 4 1
-7.095617699339002 12.926919446549594 -0.0180358 1.99756 -0.09651754206682606 2.0013382748122166 -13.5124 27.3485 0.760699 0.29389 1754483208.548116 2 4 1
-10.062443536503878 11.027497698646862 0.384367 2.87387 -0.17619563761694268 2.250222226146608 -19.2515 23.7767 0.562023 0.495354 1754483208.548116 2 4 1
-10.069963553105882 11.032867914737135 0.410827 2.9097 -0.14097637185716794 2.250396759071807 -20.3486 22.4949 0.543298 0.411656 1754483208.548116 2 4 1
-4.317030236205935 15.616170056835756 -0.158306 1.61542 0.5260327391434694 1.7702217752631273 -25.3155 17.077 0.4334 0.409635 1754483208.548116 2 4 1
-14.883 -7.39882 0.6 2.26408 -1.7744661857356627 3.6197820901865585 -3.46841 17.3092 0.672426 0.409624 1754483208.548116 1 4 1
-16.995 9.4371 0.329815 7.14786 3.080762175709843 2.601103218967548 -21.1226 17.6502 0.607617 0.543569 1754483208.548116 1 4 1
-17.2136 9.50822 0.226426 7.04927 2.976327294734036 2.603721212845539 -16.1025 21.075 0.707158 0.614136 1754483208.548116 1 4 2
-16.9943 8.95948 0.6 7.08708 2.970968433432178 2.6234608866855953 -12.7832 21.0456 0.677425 0.374896 1754483208.548116 1 4 1
-17.399 9.59242 0.0605147 6.95805 2.8826995621211466 2.604803316981776 -20.9261 17.562 0.702833 0.48004 1754483208.548116 1 4 1
-17.5447 9.75796 0.150269 7.07866 3.011366897016952 2.601190485430148 -18.9765 17.4827 0.744536 0.337583 1754483208.548116 1 4 1
-17.9543 9.42952 0.0272369 7.09113 2.96870524229959 2.626410493121466 -12.7277 23.6003 0.740131 0.62314 1754483208.548116 1 4 1
-17.9715 9.41886 0.0329285 7.12723 3.002869935014896 2.6273180643325027 -15.9569 20.2901 0.783653 0.568668 1754483208.548116 1 4 1
-18.1266 9.35469 0.0456979 6.97262 2.83411041353403 2.634002675367641 -18.8792 20.3519 0.606346 0.555916 1754483208.548116 1 4 2
-18.103 9.47361 0.0754427 7.02738 2.901347891794895 2.6281034624959005 -9.00275 30.3588 0.768649 0.577806 1754483208.548116 1 4 1
-18.14 9.45735 0.0539584 7.05069 2.9211733915709255 2.629744071992775 -11.4704 28.0364 0.790689 0.528714 1754483208.548116 1 4 2
-18.2146 9.4358 0.119391 7.09718 2.9617947026401064 2.632519145503446 -22.6659 17.1152 0.849857 0.617606 1754483208.548116 1 4 2
-18.6595 9.58854 0.20069 5.56878 1.4251443842436649 2.636446136320433 -21.4611 16.93 0.763082 0.645042 1754483208.548116 1 4 1
-18.3224 9.51416 0.137943 6.9677 2.834119899489316 2.6316639341699686 -16.6017 22.1657 0.786849 0.502501 1754483208.548116 1 4 1
-18.7823 9.70055 0.20238 5.47956 1.3400598980825889 2.6344739142656795 -22.3318 16.8918 0.776149 0.644683 1754483208.548116 1 4 1
-22.959850454168212 14.221987694024305 -0.899552 3.93025 -0.05048650613245931 2.5637706262673894 -18.4815 17.1975 0.744229 0.791089 1754483208.548116 2 4 2
-22.893246012771808 14.339558546567464 -0.872156 3.97632 0.008016185697913958 2.558586998388966 -14.4457 20.8987 0.692213 0.74749 1754483208.548116 2 4 1
-22.87935947437128 14.636915400425353 -0.698654 3.99065 0.04607809422795217 2.548813154577798 -17.8436 18.3675 0.543172 0.682237 1754483208.548116 2 4 1
-23.10740794615235 14.451360030052351 -0.271814 4.04969 0.0791597313556558 2.559512022892523 -16.4711 19.7816 0.839176 0.742556 1754483208.548116 2 4 1
-23.321209132901906 14.153376116895217 -0.441875 4.09551 0.09182763779521075 2.5734572036159578 -17.57 18.4116 0.855378 0.732822 1754483208.548116 2 4 1
-23.00960189517197 14.49424184597455 -0.870605 3.91667 -0.04560965350003876 2.5560911775586144 -19.4858 15.9599 0.688595 0.728938 1754483208.548116 2 4 1
-23.171342501650532 14.576053532975228 -0.601682 3.93063 -0.033590190012779075 2.5568940290145314 -15.1098 21.5307 0.761568 0.766193 1754483208.548116 2 4 2
-23.39212033504502 14.387330186184572 -0.352094 3.95935 -0.0301541906987568 2.567453270989097 -9.24317 27.6248 0.801464 0.727402 1754483208.548116 2 4 1
-23.47180762021724 14.218284160039191 -0.489294 4.00921 0.003192272156382181 2.5744520412895944 -11.3809 25.2848 0.820588 0.700226 1754483208.548116 2 4 2
-23.544092286472853 14.465750503741925 -0.0850481 3.88169 -0.10930469914248997 2.568081589519815 -14.761 22.88 0.638496 0.339737 1754483208.548116 2 4 1
-23.63762743684275 14.302333965163658 -0.592359 3.93314 -0.07447332532990103 2.575132719697872 -17.2251 19.7962 0.684563 0.626953 1754483208.548116 2 4 1
-23.233377959051705 15.896076788185631 -0.70235 3.79469 -0.07177775215400128 2.5176764807222187 -18.1749 17.2592 0.712973 0.735507 1754483208.548116 2 4 1
-23.24737893702612 15.949405616960131 -0.552773 3.82573 -0.037416508381622915 2.516384937075743 -19.4597 15.9128 0.662526 0.522099 1754483208.548116 2 4 2
-23.25544338662198 17.618307931108188 -0.182477 3.74739 0.01151588005862969 2.4686327287411785 -11.1497 20.3048 0.87127 0.468341 1754483208.548116 2 4 1
-23.24585223922783 17.617318119266677 -0.167687 3.78325 0.047904966032747076 2.468440742523459 -11.5227 20.343 0.894471 0.386703 1754483208.548116 2 4 1
-15.90925396060276 -24.001288879117045 1.11288 1.40524 -0.8742160282092009 4.161654463053238 -18.9559 16.395 0.676749 0.329331 1754483208.548116 2 4 2
-15.568052384249976 -23.03142800933746 7.24615 1.44942 -0.8622184066989345 4.1536783083716236 -5.16432 16.6919 0.758858 0.236716 1754483208.548116 2 4 1
-23.353340645205318 17.71512083930237 -0.0903549 3.68183 -0.0526008339173325 2.46810912996558 -8.48609 22.6008 0.847549 0.415517 1754483208.548116 2 4 1
-22.728217902389865 17.24498496832008 7.1208 3.71373 -0.018485807006840105 2.467306278509662 -7.72131 22.7654 0.885467 0.347436 1754483208.548116 2 4 2
-24.306452252081215 18.743005018712335 -1.59695 3.52615 -0.1888421817095174 2.4610929063725626 -7.59138 22.2421 0.604241 0.529491 1754483208.548116 2 4 1
-24.40239402310094 18.65360777844838 -1.83923 3.56467 -0.1624324580776384 2.4654562295025486 -6.12855 23.7561 0.680866 0.607471 1754483208.548116 2 4 1
-23.960536707029625 17.9958970728906 7.64436 3.6178 -0.13168643073102437 2.4735894638168423 -10.8915 21.0427 0.660473 0.685502 1754483208.548116 2 4 1
-24.449168435989222 18.784640237297566 -1.71894 3.46502 -0.2553094306785617 2.4630127685497567 -5.10913 23.6591 0.639292 0.58049 1754483208.548116 2 4 2
-24.547589449684995 18.740164252651493 -1.88531 3.49453 -0.23469652988159506 2.4662241743734263 -1.43433 26.8193 0.679762 0.579846 1754483208.548116 2 4 1
-24.116923004854335 18.05145974962027 7.79174 3.53678 -0.2177158432975097 2.4754220595314362 -4.47542 25.2465 0.697871 0.656089 1754483208.548116 2 4 2
-24.30394118045751 17.879619382420856 7.9524 3.56768 -0.21007319655151768 2.4839916261587285 -9.68308 18.541 0.666946 0.516947 1754483208.548116 2 4 1
-24.240056667902504 18.10181112560489 8.14905 3.45181 -0.3060660156527679 2.476661243300352 -7.33114 18.0941 0.683524 0.508237 1754483208.548116 2 4 1
-29.1271 12.7526 0.299826 3.26718 -1.0145422504730885 2.7074810368766022 -5.70051 23.6767 0.793318 0.737081 1754483208.548116 1 4 1
-29.27667458291826 13.032219477145432 0.414174 3.28486 -0.9973941811878859 2.7077777428494416 -3.38143 25.3465 0.820373 0.661305 1754483208.548116 2 4 1
-29.156601005557576 13.21028674583815 0.30406 3.35723 -0.9126627035550361 2.7009360521816235 -11.5447 16.733 0.621835 0.317744 1754483208.548116 2 4 1
-32.4016 -0.66061 0.360235 6.50132 1.86476614469494 3.153220674543434 6.25348 27.8717 0.785466 0.700735 1754483208.548116 1 4 1
-32.3467 -0.58269 0.366353 6.58262 1.9455234438996953 3.150777213590642 -1.71117 19.614 0.64158 0.69106 1754483208.548116 1 4 1
-29.2295 13.0743 0.221548 3.15447 -1.1126839922593037 2.6994350690249083 -4.51871 23.1182 0.823994 0.703779 1754483208.548116 1 4 2
-29.245 12.9795 0.350797 3.20457 -1.0679884370565946 2.7024021287532984 -2.86691 23.6091 0.814438 0.671869 1754483208.548116 1 4 1
-32.3545 -0.799921 0.350792 6.48814 1.852645763742558 3.1576712641360194 2.9812 24.9408 0.74571 0.685507 1754483208.548116 1 4 1
-32.575 -0.583369 0.465884 6.42286 1.7857370355853721 3.1506550405430027 11.457 39.9453 0.803343 0.681833 1754483208.548116 1 4 1
-32.5943 -0.586278 0.498523 6.46233 1.8252258916043127 3.1507423070056024 4.58038 32.299 0.821148 0.686562 1754483208.548116 1 4 2
-32.482 -2.22446 0.0285158 6.57269 1.953036317958846 3.2026134923748732 -7.3824 21.1456 0.532983 0.347859 1754483208.548116 1 4 2
-32.3466 -2.15622 1.03179 6.72673 2.1062320278890194 3.2007459900752395 -9.6764 18.2735 0.834342 0.342725 1754483208.548116 1 4 1
-32.5849 -2.87534 0.333943 6.93801 2.3285140426050823 3.222806951820448 -8.58828 19.4582 0.796856 0.794684 1754483208.548116 1 4 2
-32.5825 -2.84675 0.276371 6.97466 2.364676662487878 3.2219168339019313 -7.68753 21.6395 0.82156 0.810762 1754483208.548116 1 4 1
-29.287 13.656 0.0553747 2.98685 -1.250505167576677 2.6834303997841205 -12.6365 16.7948 0.815137 0.521343 1754483208.548116 1 4 1
-29.2695 13.5861 0.229429 3.06894 -1.171750592580279 2.685193182328635 -12.4596 16.2303 0.850509 0.68789 1754483208.548116 1 4 1
-32.5411 -0.560541 0.559838 6.33957 1.702297458739439 3.1499569088422046 -8.77196 20.6723 0.681009 0.563752 1754483208.548116 1 4 2
-32.5592 -0.599334 0.483127 6.39494 1.7579307013996432 3.151178639318601 7.37827 36.4205 0.778103 0.67187 1754483208.548116 1 4 2
-32.7251 -0.577619 0.488915 6.35318 1.716000679411387 3.150393241155203 4.61611 34.7213 0.802074 0.664343 1754483208.548116 1 4 1
-32.7357 -0.595731 0.514577 6.39462 1.7575612901288498 3.1509517465158416 -1.50143 30.2294 0.811904 0.682505 1754483208.548116 1 4 1
-32.7467 -0.572472 0.157014 6.46788 1.8306632851991917 3.150218708230004 -12.8573 18.8908 0.667986 0.539173 1754483208.548116 1 4 1
-32.7044 -2.86773 0.362097 6.88175 2.2719382619481587 3.22223099316729 -9.14378 22.5802 0.812614 0.789192 1754483208.548116 1 4 1
-32.7143 -2.84001 0.280981 6.91089 2.3005932451921964 3.2213408752487727 -8.18106 24.0618 0.825881 0.806297 1754483208.548116 1 4 1
-33.40560766719245 1.456579636867325 -0.158668 4.67753 0.03551191328851733 3.096741819948898 -10.9766 17.5826 0.638199 0.428116 1754483208.548116 2 4 1
-32.7242 -0.58135 0.478265 6.31647 1.6793169394076441 3.150515414202843 0.153366 28.0775 0.785718 0.663857 1754483208.548116 1 4 1
-33.56645665134515 1.4307576940449247 -0.121476 4.60214 -0.039910969549595166 3.0977715642075743 -7.05061 21.904 0.517036 0.347835 1754483208.548116 2 4 1
-33.620630927655114 1.401736502788032 0.0997284 4.62863 -0.01344718999831418 3.098731495296171 -10.105 17.2886 0.533757 0.266107 1754483208.548116 2 4 2
-33.03420063958849 5.009874153455367 6.04793 4.56144 -0.04833092438650777 2.9859657723248176 10.1978 17.4327 0.449072 0.359761 1754483208.548116 2 4 2
-34.138911286881005 0.9046048616584095 0.0730406 4.61159 -0.030307720765154755 3.11445691185664 -11.2158 19.5787 0.637024 0.593069 1754483208.548116 2 4 2
-34.13525118968327 0.7508993170226711 0.0402099 4.67521 0.033585950124252584 3.119116940959465 -10.5592 19.9021 0.721579 0.540485 1754483208.548116 2 4 1
-24.0271969464511 25.237103810255817 -0.939913 3.19756 -0.04640313192817658 2.3070675998840633 -11.186 23.7296 0.641807 0.703837 1754483208.548116 2 4 2
-22.386801146060034 24.545865991474596 9.96595 3.2231 0.05690622341134688 2.2839070807100987 7.70534 24.0089 0.630502 0.223091 1754483208.548116 2 4 1
-29.91639414461829 19.56532603175414 2.00466 3.93252 -0.000991345339173666 2.5443102051076525 -14.6439 18.1941 0.658632 0.408318 1754483208.548116 2 4 1
-30.02013733394135 19.603896263848267 1.69976 3.93698 0.0016196831008503665 2.54506069668601 -10.2996 20.7046 0.770593 0.453629 1754483208.548116 2 4 1
-29.992556628505458 19.01466373014349 6.47164 3.86809 -0.10059213085219199 2.5587440780216455 -2.21492 18.8379 0.748302 0.347609 1754483208.548116 2 4 1
-36.13215485449196 4.506269636065669 0.171241 4.50411 -0.11906436264217479 3.0136990541390074 -2.59553 16.0275 0.434542 0.427666 1754483208.548116 2 4 2
-36.13407189573258 4.579174396634349 0.00625819 4.57509 -0.047218605152393955 3.0116570189141743 -1.79127 17.4503 0.787029 0.654247 1754483208.548116 2 4 1
-28.181466303284505 24.320563570190195 -1.33674 3.51974 -0.044894595137823234 2.4088726551528925 -17.8738 14.2666 0.769272 0.49124 1754483208.548116 2 4 1
-28.104697946148935 24.391541246134498 -1.32855 3.57546 0.019403814655385432 2.4059928618871016 -19.3929 13.9079 0.640444 0.358014 1754483208.548116 2 4 2
-29.482056149780032 19.72744979379589 11.3058 3.73873 -0.16752584459311004 2.5333495374051282 1.27246 14.7222 0.680313 0.325303 1754483208.548116 2 4 1
-30.832620054122277 20.81565488337727 4.70813 3.80233 -0.0954991308316262 2.529998505241299 -20.6029 13.3758 0.475372 0.377571 1754483208.548116 2 4 2
-27.833954620435502 25.910538110244254 -0.916689 3.4049 -0.04398392035744214 2.370807024166896 -21.4526 13.1201 0.693797 0.592271 1754483208.548116 2 4 2
-27.832401737353564 25.937522377781182 -0.948882 3.4269 -0.020302257090413 2.3702659720987778 -20.6868 14.0902 0.680284 0.590494 1754483208.548116 2 4 1
-37.43839610655781 -10.584380520540222 -0.502951 4.44472 0.04060027315556436 3.425753837242349 -17.2333 13.6257 0.471404 0.27914 1754483208.548116 2 4 1
-37.22810320017925 -10.820940281901528 5.98571 4.34329 -0.049536002854530636 3.4333634727810436 -15.1204 17.174 0.744541 0.308584 1754483208.548116 2 4 2
-37.57258776642508 -11.255293894998253 2.07658 4.37042 -0.009785732600296804 3.4416712400205367 -14.1896 20.5606 0.79616 0.325055 1754483208.548116 2 4 1
-37.56525499939185 -11.44395431331566 1.80928 4.41397 0.04116603068386482 3.446453442171001 -14.8392 18.6321 0.72927 0.310073 1754483208.548116 2 4 1
-37.294115614614505 -11.451694160346307 5.33953 4.48001 0.11086229407229808 3.448792183368674 -19.6403 13.1083 0.434791 0.278431 1754483208.548116 2 4 1
-28.066868523534414 27.767338695159815 0.345358 3.33129 -0.02199254456558153 2.3405430149373143 -15.1999 20.1137 0.613563 0.385188 1754483208.548116 2 4 1
-27.816316337493536 27.707693998412797 4.92405 3.36259 0.02087077573793028 2.336947636678206 -15.0083 22.1363 0.611331 0.207808 1754483208.548116 2 4 1
-37.702975918526995 -11.477562591200197 1.93053 4.29743 -0.0757545873420371 3.4462090960757226 -14.6033 18.6791 0.79235 0.347379 1754483208.548116 2 4 1
-37.57631282533036 -11.706239207246409 4.63825 4.36101 -0.0016402212151485074 3.45291116040338 -17.8272 16.7683 0.728637 0.429744 1754483208.548116 2 4 2
-28.06003886137418 28.015963800360257 -0.261073 3.25875 -0.07981832345523587 2.335970252297089 -12.6473 23.8943 0.584584 0.390051 1754483208.548116 2 4 2
-28.12846548125616 28.152198880984944 -1.09363 3.3514 0.01660569452739402 2.334800881698253 -16.8127 19.1701 0.564435 0.282018 1754483208.548116 2 4 1
-27.640318509975728 28.68860210529341 -0.599502 3.1619 -0.11246774122266245 2.316265485042073 -18.9376 18.2676 0.598592 0.459849 1754483208.548116 2 4 1
-28.078792599538556 28.28782756547853 -1.60712 3.25742 -0.0666470819747853 2.331484756119464 -11.207 23.8502 0.515929 0.300007 1754483208.548116 2 4 1
-14.19403755755715 -36.90119189403772 -3.45773 0.835389 -0.5448854921000638 4.373031288762271 -15.7838 17.1299 0.778402 0.319633 1754483208.548116 2 4 2
-14.099038260402844 -36.955079536228496 -3.20332 0.893207 -0.4749173713113143 4.375771455687902 -13.2569 21.0839 0.782235 0.314694 1754483208.548116 2 4 1
-13.846125259524618 -36.18638270138763 9.3297 0.946599 -0.4233059697110413 4.375370029959943 -16.5426 20.2137 0.759777 0.324576 1754483208.548116 2 4 2
-13.766683327063443 -36.203626201503944 9.52705 0.995759 -0.3647760063407667 4.377481878354857 -20.9122 15.8687 0.700685 0.31203 1754483208.548116 2 4 1
-38.09579588866471 -14.626544242144279 -0.881115 4.23241 -0.01609712789774509 3.518919512713806 -7.87451 18.3087 0.782668 0.767251 1754483208.548116 2 4 1
-38.046510549640324 -14.724401680619422 -0.936724 4.27712 0.03378783121540341 3.521677132931957 -10.8982 15.6277 0.78667 0.708553 1754483208.548116 2 4 2
-14.081142943882815 -37.126439669673324 -3.08453 0.825763 -0.5340748239523123 4.377638957987536 -16.0414 16.783 0.800788 0.342484 1754483208.548116 2 4 1
-13.51044571944512 -35.25086859078335 12.4907 0.934271 -0.43470498937375124 4.375579469470183 -3.23782 14.5547 0.669892 0.312479 1754483208.548116 2 4 1
-26.62103004563607 30.998751457383403 -0.734154 3.08049 0.0015780605008930415 2.258495086801061 -21.1124 13.5346 0.48864 0.223845 1754483208.548116 2 4 1
-38.212457567203344 -14.685948682833029 -0.856275 4.17439 -0.07352920551063669 3.519233671979165 -10.2863 19.6551 0.784266 0.757976 1754483208.548116 2 4 1
-38.21121737448662 -14.72435861607512 -0.817738 4.20511 -0.04110840820227146 3.520141243190202 -12.8912 17.2886 0.734227 0.68509 1754483208.548116 2 4 1
-26.86037470370316 31.123188312345814 -0.481142 2.96923 -0.11876671633615565 2.2611130806790523 -21.347 14.393 0.591946 0.394511 1754483208.548116 2 4 2
-26.786733378176518 31.1912954100585 -0.468065 3.01457 -0.06482699420427807 2.2586347131412206 -17.045 18.6615 0.619685 0.478212 1754483208.548116 2 4 1
-25.18820424931794 29.29770258605689 13.4112 3.07788 0.0015155822679249198 2.257762048515223 -0.430226 14.8428 0.487369 0.411973 1754483208.548116 2 4 1
-40.72348238133487 -8.47551652490019 -1.61652 4.49731 -0.00193332309022054 3.3529037942641056 -11.7198 16.6154 0.508579 0.212873 1754483208.548116 2 4 1
-40.669308349697594 -8.670665493860342 3.90438 4.52043 0.0269478694293106 3.357895435924809 -16.377 15.1103 0.578894 0.229607 1754483208.548116 2 4 1
-40.770852517425624 -8.888374616869132 4.57805 4.44142 -0.0465412071665714 3.362590371612674 -14.4037 18.5116 0.622244 0.376872 1754483208.548116 2 4 1
-41.062509631503225 9.177175002301224 4.59996 4.46098 -0.09902122589504359 2.915733723224566 6.86308 17.4974 0.471813 0.266401 1754483208.548116 2 4 1
-39.42126130289687 -8.959675219613834 12.0126 4.50704 0.0303100967945511 3.3718929765258037 0.91243 18.9643 0.415704 0.22318 1754483208.548116 2 4 2
-41.230657148365935 9.973405361279431 -2.71106 4.57298 0.029261289977442928 2.897844098391624 20.1563 20.0961 0.45603 0.300431 1754483208.548116 2 4 1
-41.38990571574331 9.915599828418925 1.82399 4.62891 0.08302914492735436 2.9001304797117364 10.1503 12.8144 0.497629 0.354627 1754483208.548116 2 4 1
-41.223889953609856 -8.975636477239542 6.57134 4.40216 -0.08619440918507149 3.362258759054795 -21.0454 13.0877 0.470038 0.260596 1754483208.548116 2 4 1
-40.36654985901932 9.393765353754803 10.5926 4.58477 0.03287890527150239 2.9066231045291553 29.282 17.1828 0.428251 0.264185 1754483208.548116 2 4 1
-40.61332853658397 9.397197164994187 10.6948 4.46977 -0.08334118880663777 2.907967008053191 30.8173 14.7869 0.403511 0.251688 1754483208.548116 2 4 2
-42.134357795314585 9.689384202644936 -2.67717 4.62454 0.06998181883921717 2.909572710965026 15.6173 13.5346 0.712796 0.29408 1754483208.548116 2 4 1
-15.23471949961024 -39.25323898132041 9.35732 1.09035 -0.31102704010874715 4.368266539904327 -23.5806 12.8202 0.596136 0.430175 1754483208.548116 2 4 1
-26.792817171531976 33.86143522996196 0.622789 2.90803 -0.0306081722163678 2.21880629961071 -19.2047 13.223 0.453259 0.265337 1754483208.548116 2 4 2
-15.381783423134129 -39.38745531358295 9.42646 1.01613 -0.39505316261206813 4.366049971754294 -21.135 13.1642 0.48316 0.345626 1754483208.548116 2 4 1
-14.989533308331728 -38.1991822801109 13.2205 1.04692 -0.3680447762329151 4.365194760420817 -4.73495 13.2112 0.575562 0.385923 1754483208.548116 2 4 2
-22.485628426393255 -38.07815994399795 -1.42168 2.04185 -0.07239655993049698 4.202058835236906 -15.3576 18.0824 0.595004 0.510213 1754483208.548116 2 4 1
-22.61359955736108 -37.99976447857315 -1.76394 2.08154 -0.046903600540645574 4.198620536610478 -17.7893 14.9075 0.597817 0.526907 1754483208.548116 2 4 2
-40.61915613185881 -18.86921779451797 -0.66723 4.19541 0.08597621969196823 3.587912378045142 -14.0664 19.8286 0.439139 0.462912 1754483208.548116 2 4 1
-41.281478698764715 -17.395577452425297 -1.8773 4.24358 0.05719038141338295 3.550963757780422 -16.3671 18.4028 0.471789 0.511625 1754483208.548116 2 4 1
-42.341652415116 -14.580668676634371 -2.57941 4.3365 0.02205580900521298 3.4821279720817655 -14.2613 16.9476 0.426496 0.223125 1754483208.548116 2 4 1
-21.847175221727632 -38.66251568983682 -1.17957 1.948 -0.08644622556974335 4.221274910301364 -20.425 14.7957 0.549321 0.497045 1754483208.548116 2 4 1
-22.402343587332194 -38.37902700008528 -1.30737 1.98807 -0.10544887663637859 4.207067930190131 -22.7902 13.0084 0.501497 0.497571 1754483208.548116 2 4 1
-30.00535903078755 29.72001387632929 14.77 3.25463 -0.10122873006675714 2.341345866393232 7.04408 16.4861 0.635568 0.212504 1754483208.548116 2 4 1
-40.81471414215705 -18.959881718079004 -0.519022 4.10444 -0.00514450958656365 3.587842564875062 -13.6834 19.9638 0.543659 0.629091 1754483208.548116 2 4 1
-41.47025317694565 -17.498704381014374 -1.58868 4.15005 -0.035463979248643085 3.5514000900934204 -14.6137 20.8163 0.558282 0.611185 1754483208.548116 2 4 2
-42.42614454793253 -14.643474350512086 4.72809 4.23936 -0.07385714060366588 3.4828435570750833 -16.174 19.5787 0.422565 0.242596 1754483208.548116 2 4 2
-41.81483006869093 17.824073703696925 -0.134356 4.32022 0.0016701208097025244 2.728547160948174 -9.31053 18.4792 0.52197 0.389475 1754483208.548116 2 4 1
-41.84143422086044 18.165307971663996 -0.714442 4.42526 0.11834042295201908 2.721775283450436 -13.8511 15.6189 0.493008 0.49389 1754483208.548116 2 4 1
-42.35402223780256 18.20100861863148 -0.81808 4.39005 0.07639188925492135 2.725684820974903 -8.95303 13.9168 0.718223 0.699778 1754483208.548116 2 4 1
-42.389213123265506 18.287534509590028 -0.434994 4.41472 0.10352102914404337 2.7242536509882678 -9.52399 13.6551 0.662403 0.514479 1754483208.548116 2 4 1
-42.518180669032176 18.39833788780075 -0.671614 4.295 -0.014333758491360094 2.723171546852031 -3.96198 18.1294 0.765501 0.716822 1754483208.548116 2 4 2
-42.52606688796051 18.495907488600118 -0.357611 4.32027 0.014227637529497628 2.7212691379673575 -4.46624 20.5194 0.773928 0.437043 1754483208.548116 2 4 1
-15.583252168260021 -42.38243640889555 7.85258 0.784461 -0.5448230826741968 4.384515555240394 -18.0292 16.1951 0.727963 0.454383 1754483208.548116 2 4 1
-15.20608199902334 -41.24531985303539 12.1443 0.819925 -0.5102905888893368 4.384306115730155 -3.80459 13.9697 0.743324 0.408068 1754483208.548116 2 4 2
-42.67117502246263 18.51706601492748 -0.53477 4.20797 -0.09961431417669786 2.7221592558858747 -9.10352 13.7727 0.748265 0.571857 1754483208.548116 2 4 1
-41.38731487684769 18.079857275435185 11.5812 4.2518 -0.050904970825234486 2.7193492757901634 -6.95151 17.0505 0.766978 0.402787 1754483208.548116 2 4 1
-46.08834949951778 -8.820450286726043 -5.80086 4.4297 -0.08854499908299296 3.335694847839441 -11.1843 13.9609 0.653707 0.216982 1754483208.548116 2 4 1
-25.6297334002872 -38.94986594126967 -0.748104 2.19566 -0.12405373739121384 4.15167117973183 -19.2666 13.1436 0.738601 0.460484 1754483208.548116 2 4 2
-26.23212491330462 -38.58323848690236 3.65612 2.20918 -0.17187672989059877 4.13634718889932 -19.0413 16.2039 0.733935 0.283217 1754483208.548116 2 4 1
-26.36863756680749 -38.744052502200056 -1.22867 2.32732 -0.05610104624286061 4.135753776953642 -19.6694 14.2666 0.639903 0.661839 1754483208.548116 2 4 1
-42.600256480953284 21.026991464379307 0.0808415 4.25137 0.03562541668689079 2.672173026108757 -10.9781 15.5542 0.634292 0.482032 1754483208.548116 2 4 2
-42.608641253876506 21.146064792243426 -0.270117 4.28467 0.07320948238771052 2.669973911251244 -9.52946 17.027 0.564452 0.610128 1754483208.548116 2 4 1
-26.439242618761675 -38.690893367087476 3.54357 2.12357 -0.2674251038612039 4.133851368068968 -22.5133 13.1759 0.667215 0.270292 1754483208.548116 2 4 1
-26.35030906742087 -38.97591403890072 -1.21327 2.25312 -0.11812283169798077 4.138808103144632 -14.8668 17.3151 0.635949 0.657452 1754483208.548116 2 4 1
-26.107055455965472 -39.11008708787976 -1.62138 2.29297 -0.054339467979889644 4.144794582478973 -18.0068 14.6517 0.646067 0.552253 1754483208.548116 2 4 2
-42.652468689482426 21.58095630758638 -0.243929 4.18637 -0.009589508912538847 2.6621024763247494 -10.3951 16.7713 0.780083 0.60604 1754483208.548116 2 4 1
-42.7552469038423 21.51972187908181 -0.712395 4.22179 0.02150811896758409 2.6642841378897426 -10.3816 17.5091 0.793376 0.59115 1754483208.548116 2 4 1
-42.90008986440392 21.36638557864687 -0.689898 4.27089 0.0620917310050455 2.668612554434689 -12.0259 16.0216 0.724851 0.659078 1754483208.548116 2 4 2
-42.891364575342664 21.795984982663207 -0.633534 4.12322 -0.06933680165678524 2.6603920536577954 -15.1396 12.8731 0.761561 0.605605 1754483208.548116 2 4 1
-43.05391550951753 21.545818829797287 -0.619053 4.17855 -0.026480560330689684 2.6666926922574947 -14.223 14.7281 0.727871 0.686779 1754483208.548116 2 4 1
-43.043870491335085 22.105600156939037 0.30786 4.26593 0.0820038021401368 2.6560810904053693 -12.8688 16.3244 0.422221 0.519403 1754483208.548116 2 4 1
-43.10265243477374 22.129149825885285 0.458067 4.30308 0.11887304912810936 2.656220716745529 -12.1048 16.9976 0.551448 0.532075 1754483208.548116 2 4 1
-43.23648159971552 22.233399038109763 0.0625394 4.1757 -0.007278054276534718 2.655609851507331 -12.0739 16.8359 0.734393 0.668746 1754483208.548116 2 4 2
-43.3535011040132 22.178497752117956 0.398314 4.1986 0.011275174848619507 2.6577740597798036 -8.43531 21.0309 0.814073 0.768535 1754483208.548116 2 4 1
-43.515205438471305 21.96532204453846 1.03175 4.23743 0.039082070950391845 2.663306753508626 -9.24236 19.5052 0.743883 0.494903 1754483208.548116 2 4 2
-29.789987850971517 -37.86883777095849 5.02179 2.4994 -0.158752372349642 4.065242475173071 -19.6923 14.3901 0.689807 0.497658 1754483208.548116 2 4 2
-43.57472439176838 22.209068955065728 0.775323 4.11199 -0.07847745728869349 2.659344856106599 -12.6257 14.5488 0.839907 0.616112 1754483208.548116 2 4 1
-43.78106973201032 21.874316804871743 1.24251 4.15178 -0.054930818451556895 2.667547903590972 -12.1933 16.101 0.780767 0.46526 1754483208.548116 2 4 1
-45.939722902476525 -18.050907634821076 0.669169 4.28417 0.04713671399076791 3.525010711803266 -13.5379 19.8874 0.683154 0.569866 1754483208.548116 2 4 1
-45.93253453557574 -18.137571176350907 0.407421 4.32029 0.08650688313848409 3.526721134470221 -10.8022 22.1892 0.766548 0.671755 1754483208.548116 2 4 1
-45.90348379606704 -18.110944508549583 0.550461 4.40131 0.1669953969927951 3.5264418817899013 -17.4792 15.3984 0.531489 0.433711 1754483208.548116 2 4 1
-30.110441070964715 -37.4140555421279 9.33288 2.44258 -0.2579821993848461 4.054054914667788 -18.9639 15.3984 0.836228 0.342376 1754483208.548116 2 4 2
-46.07616255975121 -18.28931892870707 0.524609 4.19033 -0.04002377277049529 3.5285188235997746 -7.14341 24.8703 0.789462 0.722671 1754483208.548116 2 4 2
-46.07620121280255 -18.30411791714418 0.41674 4.22487 -0.004949832060256121 3.528798076280094 -4.14385 26.9222 0.818492 0.740302 1754483208.548116 2 4 1
-46.0832299845841 -18.34985006073482 0.275976 4.27009 0.041840526210330964 3.529618381028531 -11.2802 18.7115 0.811025 0.657651 1754483208.548116 2 4 2
-29.961256014451227 -37.907331544941215 8.97692 2.4033 -0.26387838653555784 4.062868827390359 -16.9633 14.8104 0.816892 0.377047 1754483208.548116 2 4 1
-46.19486728171131 -18.396002154228956 0.316218 4.11949 -0.10872603099586087 3.529635834321051 -11.8407 20.49 0.793022 0.689829 1754483208.548116 2 4 1
-46.196716853933964 -18.40128459457838 0.320798 4.15925 -0.06883224694084955 3.529705647491131 -8.54456 23.0946 0.822349 0.692434 1754483208.548116 2 4 1
-46.24848561493131 -18.483096005411756 0.0655871 4.18606 -0.03981183536117516 3.530857564797447 -13.5454 17.0564 0.800464 0.510345 1754483208.548116 2 4 1
-17.799201781999226 -45.56873631536966 9.24691 1.05272 -0.3744314882849322 4.362437140202665 -15.9818 14.3254 0.564644 0.322752 1754483208.548116 2 4 2
-17.71669712166455 -45.73940177607376 8.58037 1.09289 -0.32192044489585103 4.365229667005856 -17.8389 13.5493 0.590663 0.289253 1754483208.548116 2 4 2
-43.69628164627278 -28.805253513799148 -1.00884 3.73694 -0.006004547927705328 3.7370682159205773 -14.673 14.5459 0.695985 0.422029 1754483208.548116 2 4 1
-43.832038083893366 -28.917376750501482 -0.791417 3.66292 -0.07911377269902964 3.7373998284784564 -15.4587 14.196 0.656533 0.428989 1754483208.548116 2 4 1
-46.467663580620616 -27.498846975093475 -0.992812 3.82773 -0.04711410223554724 3.687326332238739 -11.3852 15.2573 0.749926 0.719344 1754483208.548116 2 4 1
-46.54053619267727 -27.420867685407377 -0.825956 3.8678 -0.012078317654548698 3.6853541101839853 -1.47246 27.0251 0.818691 0.801447 1754483208.548116 2 4 1
-46.545721425012154 -27.39792011425823 -0.813012 3.90193 0.020939955926467135 3.6849177778709867 -3.65208 25.9139 0.828592 0.803742 1754483208.548116 2 4 1
-52.00707423613605 -14.046740984362987 3.17198 4.33253 -0.09228588047076158 3.4113374176208753 -15.3183 15.3925 0.620654 0.402906 1754483208.548116 2 4 2
-51.53314789361125 16.010499973397604 4.2792 4.49309 0.019315495959026485 2.8339825010611515 7.64424 15.9628 0.647428 0.497304 1754483208.548116 2 4 1
-46.66999727184266 -27.437454093119836 -0.816765 3.76049 -0.121921975678978 3.6843592725103482 -10.6691 17.2592 0.788004 0.775246 1754483208.548116 2 4 2
-46.659812015293916 -27.449748974798943 -0.818957 3.81119 -0.07046672527331799 3.684655978483187 -0.683123 26.64 0.825662 0.798866 1754483208.548116 2 4 1
-46.658623553360336 -27.461659586294992 -0.830697 3.838 -0.04316785173747251 3.684847964700907 -2.81944 24.4175 0.822991 0.780443 1754483208.548116 2 4 2
-51.75485425906786 16.085573749137374 4.6517 4.37998 -0.09370800220901288 2.8339126878910714 7.72085 15.8276 0.514786 0.258756 1754483208.548116 2 4 1
-51.972328791470304 15.555634429092926 5.65402 4.49109 0.004358633431961856 2.8446464627908368 9.49358 13.3964 0.681808 0.398772 1754483208.548116 2 4 1
-52.06000897684652 16.134530462230813 -5.16941 4.42955 -0.045196147075762916 2.8347678992245484 13.3199 13.1848 0.643277 0.393337 1754483208.548116 2 4 2
-46.89574018597856 -27.57973296240466 -0.7891 3.68236 -0.19982987868325752 3.684446538972948 -12.6806 17.3739 0.792121 0.74035 1754483208.548116 2 4 1
-46.84737163245325 -27.636683607071244 -0.894442 3.7239 -0.15477682344967914 3.6858253490820236 -14.1696 15.2132 0.745552 0.614746 1754483208.548116 2 4 1
-52.20446070528753 15.884194753237956 5.62722 4.35783 -0.12336550050796191 2.8400387935655713 6.52854 13.4699 0.676244 0.450949 1754483208.548116 2 4 1
-38.98010634808169 -38.86309592535089 -1.44154 3.15485 0.044879187205732585 3.940800499505875 -18.0287 15.513 0.797094 0.64646 1754483208.548116 2 4 1
-39.03943158917631 -39.10032972225553 -1.52104 3.00445 -0.09775348098713588 3.943051974240948 -15.1781 16.4773 0.771662 0.682499 1754483208.548116 2 4 2
-39.16351059174881 -38.99077208800645 -1.40859 3.06035 -0.05232664027508882 3.940015101342478 -12.2231 20.0549 0.784209 0.634442 1754483208.548116 2 4 1
-39.60502842663417 -38.69174882224843 2.26402 3.08235 -0.06330180003696251 3.930398337163989 -14.4465 19.123 0.73503 0.464973 1754483208.548116 2 4 2
-39.83321215386768 -38.496819622669506 2.49739 3.1409 -0.023472796946153895 3.9249005500202068 -18.8941 14.8369 0.671055 0.411673 1754483208.548116 2 4 1
-48.554247933315594 -26.996420724479062 0.728487 3.92912 -0.015121856375710951 3.659593050424549 -5.44294 13.6963 0.881421 0.523442 1754483208.548116 2 4 1
-39.756186961233915 -38.76132963035242 2.68626 3.02064 -0.12864457687913022 3.9293336863202724 -15.2807 14.9721 0.650785 0.407158 1754483208.548116 2 4 1
-42.85370972190969 -36.50780918361173 -1.53634 3.35648 -0.01836816320640766 3.8609865928121745 -11.9473 17.1211 0.738034 0.715039 1754483208.548116 2 4 1
-42.87194261092356 -36.468540090909784 -1.52049 3.40234 0.025100624538382466 3.860236101233817 -6.65779 21.1162 0.793683 0.777085 1754483208.548116 2 4 1
-42.95738772851583 -36.64373190473153 -1.65198 3.2749 -0.0980004243169712 3.8615974580503725 -8.77201 22.148 0.775666 0.758188 1754483208.548116 2 4 2
-43.01997928523962 -36.55714931131825 -1.53958 3.3185 -0.06051764781160962 3.859677595873179 -3.515 26.4812 0.803005 0.770587 1754483208.548116 2 4 1
-43.09547259908132 -36.44934677818389 -1.50109 3.36656 -0.01994812487266362 3.857321401382986 -10.3347 18.6938 0.798216 0.740219 1754483208.548116 2 4 2
-42.99818783190795 -36.93173702752429 -2.02482 3.14148 -0.22060158326493928 3.864983396799242 -16.0287 14.5253 0.564594 0.62422 1754483208.548116 2 4 1
-43.19813129543738 -36.679274923439884 -1.62173 3.20652 -0.17394171802355762 3.85922381026766 -12.2445 17.6267 0.694361 0.728336 1754483208.548116 2 4 1
-43.26732899753097 -38.31175500052769 -1.46579 3.26538 -0.04816584296679549 3.880028134951433 -18.4865 14.931 0.696129 0.715093 1754483208.548116 2 4 1
-43.25466221279135 -38.43276835955728 -1.63511 3.29296 -0.014963329371052492 3.881756010910907 -6.942 25.8639 0.79404 0.764934 1754483208.548116 2 4 1
-43.2820961221539 -38.41491212682443 -1.66228 3.32095 0.011208211484884156 3.881197505550269 -7.2963 24.785 0.81201 0.749264 1754483208.548116 2 4 1
-43.63995945014007 -38.27056579582267 -1.79392 3.14806 -0.18144720716494112 3.8751063064608084 -17.5121 16.0922 0.549631 0.590508 1754483208.548116 2 4 2
-43.376980791322964 -38.49821953786102 -1.68679 3.22941 -0.08050221613789299 3.881145145672709 -5.40436 28.0511 0.803124 0.76561 1754483208.548116 2 4 2
-43.36196275093101 -38.53905844315811 -1.66627 3.255 -0.052582253392212674 3.881860730666027 -5.255 28.1128 0.832845 0.759556 1754483208.548116 2 4 1
-43.38873399536285 -38.59990496484982 -1.75603 3.28393 -0.02211696267918395 3.8823319695640652 -15.4432 17.8296 0.811012 0.690531 1754483208.548116 2 4 2
-43.6593838753093 -38.51857293329837 -1.80255 3.11197 -0.207868108424611 3.878090819481719 -15.9001 17.8707 0.697274 0.664425 1754483208.548116 2 4 1
-43.46123446827593 -38.759718726255 -1.72153 3.16034 -0.1418370524854331 3.8835187934554214 -14.7458 19.1113 0.806218 0.712881 1754483208.548116 2 4 1
-43.41469710733865 -38.95874598038197 -1.95103 3.18334 -0.10868498419876138 3.886625479523971 -20.1266 13.6845 0.791179 0.675499 1754483208.548116 2 4 1
-18.682594762089124 -54.465569762742184 7.94532 0.707561 -0.5470951607534768 4.401253262767019 -18.5159 16.4155 0.775041 0.378826 1754483208.548116 2 4 2
-18.255469973356522 -53.17342801306391 14.2033 0.727027 -0.5267710784823151 4.401445248984738 -2.25228 18.9761 0.767086 0.327725 1754483208.548116 2 4 1
-18.709761380256204 -54.61130885492137 7.4024 0.777296 -0.47595600206442823 4.401567422032379 -22.0716 12.782 0.731465 0.450752 1754483208.548116 2 4 2
-18.359589820260506 -53.50593796773394 14.0843 0.585573 -0.6679910480228904 4.401497608862298 -4.45376 16.7477 0.752152 0.423524 1754483208.548116 2 4 1
-43.51628105832408 -40.4188302102485 -1.93979 3.18673 -0.0486609146476491 3.9037820660710754 -16.1594 18.5175 0.695031 0.718787 1754483208.548116 2 4 1
-43.53311897415601 -40.43347182062305 -2.01252 3.22015 -0.015299014893277008 3.9037646127785552 -10.8259 23.7972 0.761307 0.773784 1754483208.548116 2 4 1
-43.53410903718994 -40.36836540228634 -1.98997 3.28912 0.05094138559592887 3.902944308030118 -16.8531 17.2299 0.689349 0.734524 1754483208.548116 2 4 1
-55.968597706434466 20.87174043811745 1.26003 4.41905 0.021823277140742725 2.7778527123170136 7.14227 21.5895 0.832325 0.702446 1754483208.548116 2 4 1
-56.010873479701154 20.746442000006866 1.38225 4.45045 0.04988440983744358 2.780104187052086 6.85077 20.9516 0.880486 0.709015 1754483208.548116 2 4 1
-57.01028284166822 7.952566477459299 15.324 4.73973 0.12258204263722128 3.000312378776211 20.0496 17.3386 0.647723 0.294208 1754483208.548116 2 4 1
-59.464810544982925 7.01116318997523 1.75176 4.72787 0.10135227231213673 3.02205918125606 4.52861 22.6831 0.468524 0.487374 1754483208.548116 2 4 1
-59.83282040506132 2.646362458971254 2.23837 4.76317 0.12115371680322085 3.096689460071338 -2.5169 21.9834 0.509932 0.64521 1754483208.548116 2 4 1
-43.641581050210206 -40.53565120267572 -1.90116 3.11057 -0.12493711415332687 3.903747159486036 -15.5963 18.7909 0.69593 0.756773 1754483208.548116 2 4 2
-43.64451253104761 -40.52832406045436 -1.94666 3.15158 -0.08433378137613445 3.903624986438396 -10.2226 24.591 0.775777 0.783961 1754483208.548116 2 4 1
-43.701588928194084 -40.50419039565584 -1.92349 3.18136 -0.05780537984635403 3.902647602057279 -15.9104 19.2259 0.756073 0.763897 1754483208.548116 2 4 2
-56.110238333492646 20.868067568581107 1.28547 4.3563 -0.04227530543388003 2.7787602835280505 8.33173 22.151 0.82249 0.691076 1754483208.548116 2 4 1
-56.1411647077923 20.758662105451798 1.43786 4.39712 -0.004321887895810228 2.7806975989977647 7.81322 22.2686 0.852111 0.693035 1754483208.548116 2 4 2
-56.0120181873812 21.777007498903636 0.64697 4.3997 0.023865813734892605 2.7637679052534194 -5.2666 13.6434 0.486284 0.52502 1754483208.548116 2 4 1
-57.331762478370145 7.401222475217326 15.6243 4.59542 -0.026497636921504863 3.010749447703137 23.1631 23.0976 0.517647 0.354436 1754483208.548116 2 4 2
-59.721209224900996 6.79903458648296 1.50527 4.62989 0.0018502196745648902 3.026160704998247 13.3987 31.5405 0.440728 0.525745 1754483208.548116 2 4 2
-60.04090424629387 2.809164761339071 2.25426 4.66068 0.01877011852376942 3.094071466193346 7.29547 31.6493 0.434556 0.630237 1754483208.548116 2 4 1
-60.273244970816634 0.40436299269299325 1.98147 4.75179 0.11184335109591625 3.1349121706900136 -11.6471 15.0868 0.515277 0.506629 1754483208.548116 2 4 1
-56.33380616584328 21.523633309264085 0.693977 4.3209 -0.06413299679689466 2.76975438458776 -2.44933 16.4626 0.750724 0.683915 1754483208.548116 2 4 2
-60.172095622778336 2.7146379843655755 2.10257 4.56883 -0.07315300020387117 3.0957818888603006 4.30315 28.8389 0.419874 0.56855 1754483208.548116 2 4 1
-60.43610537245003 0.1425142517718539 2.13869 4.60072 -0.03854779988923962 3.1393453069900787 -2.5331 24.0795 0.629984 0.620971 1754483208.548116 2 4 2
-38.913684022061965 -46.08700119306744 -1.07501 2.7647 -0.03984774185410345 4.026234366390998 -15.4901 14.3607 0.759192 0.670992 1754483208.548116 2 4 1
-39.045352461526775 -46.06166876055137 -1.05532 2.79087 -0.020967910938658907 4.0242621443362445 -16.5803 13.3406 0.743027 0.619403 1754483208.548116 2 4 2
-60.6640712616045 0.4460816430387884 2.2227 4.53183 -0.10820792758057785 3.1342663988667754 -5.78585 21.8746 0.484737 0.35725 1754483208.548116 2 4 1
-58.13763300019729 18.19907847132857 1.05936 4.54224 0.07024314111087282 2.8325513310745163 23.0815 26.0079 0.487685 0.593397 1754483208.548116 2 4 1
-58.03245586303129 18.75116888463097 1.30946 4.57275 0.11255339940002784 2.823231272868866 13.3827 20.1902 0.449425 0.444454 1754483208.548116 2 4 1
-39.6229648691399 -46.11365508035885 -0.955093 2.80639 -0.030780997290800638 4.017385547083387 -17.9884 12.4175 0.61466 0.259874 1754483208.548116 2 4 1
-38.49074400356493 46.817659435092125 5.37693 2.87727 -0.15080888234071388 2.243956494131948 -21.3632 11.6737 0.466881 0.334479 1754483208.548116 2 4 2
-58.27719942530501 18.256683480377994 1.05628 4.43024 -0.04149594730120576 2.8323418915642766 19.999 23.4004 0.627597 0.649448 1754483208.548116 2 4 1
-58.2396168504031 18.42542398060506 1.19772 4.4778 0.009671473153505694 2.8294620982984857 24.1259 27.3426 0.643724 0.628248 1754483208.548116 2 4 1
-58.24337585551101 18.782043547180244 1.48947 4.49409 0.03310809854865049 2.823842138107064 18.0877 25.0672 0.686481 0.480388 1754483208.548116 2 4 2
-55.58163688926405 17.471564384364434 18.2868 4.55444 0.08429549056846053 2.8310678012103208 39.2904 24.0383 0.530865 0.413861 1754483208.548116 2 4 2
-61.098447087602494 -5.964092574926591 1.38981 4.61072 0.011947749461309165 3.240940922748669 -6.77826 21.125 0.447537 0.495999 1754483208.548116 2 4 1
-61.209055722285015 -5.537555049037586 1.28059 4.6571 0.05387334038170444 3.2337152596454124 -5.87482 21.7806 0.735587 0.729249 1754483208.548116 2 4 1
-61.26263571908394 -5.225636769639127 1.25651 4.70031 0.09401572146703074 3.2284967251819494 -13.1059 14.5753 0.788693 0.715325 1754483208.548116 2 4 1
-39.82142706205453 -46.311487092931145 5.72795 2.7643 -0.0744739127105496 4.016949214770388 -15.5891 17.1622 0.724639 0.385786 1754483208.548116 2 4 2
-39.89328667794374 -46.31751360705103 5.56199 2.79014 -0.05170999502977969 4.016111456729431 -14.8666 17.5121 0.690653 0.551367 1754483208.548116 2 4 1
-58.296489880646064 19.090327620576954 0.862162 4.37113 -0.08391020457468201 2.8192519221743195 9.97657 13.9079 0.626775 0.338728 1754483208.548116 2 4 1
-58.54872125419411 18.50111652330876 1.5697 4.42114 -0.047471657857881766 2.829846070733925 18.0696 18.588 0.645539 0.414955 1754483208.548116 2 4 1
-58.67739962549391 18.301230826659605 1.47748 4.47521 0.0018465738511626029 2.8336508885032723 18.5516 19.173 0.592312 0.441885 1754483208.548116 2 4 1
-61.32900964975393 -5.734872593898221 1.3018 4.53637 -0.06499235260534064 3.236787039128923 -4.75548 21.8247 0.605106 0.669335 1754483208.548116 2 4 2
-61.3916509129012 -5.450798201543758 1.35254 4.58815 -0.016085581995045395 3.232022290270978 -1.20781 26.4871 0.750884 0.791844 1754483208.548116 2 4 1
-61.464129350765496 -5.373442577334866 1.49956 4.60317 -0.0018775314048955494 3.230643480161903 -5.5607 22.8154 0.75663 0.618304 1754483208.548116 2 4 2
-39.81704247027409 -46.56931685565014 5.56088 2.68543 -0.14307592784496803 4.019741741573579 -16.451 15.222 0.776585 0.580153 1754483208.548116 2 4 1
-39.885442766432604 -46.59037511897464 5.69854 2.69651 -0.13437236286621834 4.019095969750341 -13.9597 17.321 0.748158 0.700651 1754483208.548116 2 4 1
-39.812563558986646 -46.6249563749308 6.5175 2.74445 -0.08167831327669184 4.020387513396817 -18.5267 11.4679 0.604271 0.519687 1754483208.548116 2 4 2
-39.78771415475322 -46.99337301055756 5.37055 2.77344 -0.03730185807519648 4.0245588503090834 -20.7103 10.148 0.522944 0.31568 1754483208.548116 2 4 1
-61.59970455204739 -5.4555488292278 1.37074 4.4956 -0.10878010995947118 3.231777944175699 -6.18145 18.6968 0.628631 0.674716 1754483208.548116 2 4 1
-61.647771545516626 -5.526515396222758 1.80169 4.51925 -0.08447756937072715 3.232877501604455 -7.8835 18.5998 0.596251 0.253833 1754483208.548116 2 4 1
-19.288585622834397 -56.45770507563199 13.4372 0.666681 -0.5854787931177473 4.401811768127657 -5.93861 13.6287 0.775771 0.37237 1754483208.548116 2 4 1
-19.00209864462466 -56.43908986414061 14.0077 0.700514 -0.53150462676801 4.406314717597803 -8.3576 11.0123 0.733831 0.479607 1754483208.548116 2 4 2
-39.773256068750385 -47.32879374244749 5.6655 2.66704 -0.13007734334600718 4.028241495030791 -14.1011 13.0172 0.725688 0.711401 1754483208.548116 2 4 1
-39.84721193812131 -47.17430766162245 6.25621 2.71213 -0.0944187867771471 4.025693314322879 -14.9307 10.4067 0.702551 0.554807 1754483208.548116 2 4 2
-58.08076755421916 -16.00285335753609 17.3417 4.48285 0.06442482222065937 3.415857820383541 -3.94193 17.6326 0.749509 0.388548 1754483208.548116 2 4 1
-58.056282026051534 -16.057880336968662 17.5521 4.51572 0.0987383226037597 3.4168701113496973 -4.96089 16.0892 0.806673 0.542649 1754483208.548116 2 4 1
-57.84142225817419 -15.9350986526162 18.146 4.62773 0.20927997398368614 3.415840367091021 -9.10268 10.9476 0.674443 0.377963 1754483208.548116 2 4 1
-26.28896213483446 -56.251630643447974 -3.36511 1.62131 -0.11147912832837403 4.292397077320134 -16.9362 11.8825 0.683012 0.511254 1754483208.548116 2 4 1
-51.75211576940561 29.8478441494925 18.3228 4.11104 0.027146001087621663 2.6086604946286833 1.88468 10.6625 0.475472 0.273268 1754483208.548116 2 4 1
-60.533118791463394 -16.594552381815333 0.871815 4.34515 -0.07545666955701424 3.414321930641786 -10.5252 14.2666 0.75201 0.375553 1754483208.548116 2 4 2
-58.302643352665925 -16.063272048496614 17.2866 4.39976 -0.01871487290734919 3.415822913798501 0.987694 23.4915 0.875477 0.42911 1754483208.548116 2 4 2
-58.308770945819425 -16.05551498215918 17.467 4.42191 0.003211565641742631 3.4156658341658215 2.66494 24.4205 0.869425 0.571218 1754483208.548116 2 4 1
-58.41022255436214 -15.889771799748265 17.3087 4.47298 0.04983323961321062 3.412524241512232 -2.62845 18.444 0.809138 0.363518 1754483208.548116 2 4 2
-54.40426757652323 31.679910605040178 4.38826 4.0029 -0.0727607655159348 2.604942943321935 -19.6809 11.2886 0.516551 0.258691 1754483208.548116 2 4 2
-60.94309416672781 -16.504615448058313 0.768958 4.15138 -0.2737052995997784 3.411145431403156 -14.5166 12.2764 0.648774 0.405804 1754483208.548116 2 4 1
-58.526209427053544 -16.069277291880294 17.2854 4.30252 -0.11726983189815599 3.4148978892949438 -3.80125 21.2985 0.868732 0.479405 1754483208.548116 2 4 1
-58.539262179693225 -15.989458509101572 17.3174 4.35446 -0.0672335052588986 3.4135539857709083 -0.373489 24.3411 0.881937 0.567442 1754483208.548116 2 4 1
-58.686011594434355 -15.855289565688084 17.0883 4.39083 -0.03484255699803995 3.4107265523826773 -4.72462 19.0701 0.805415 0.367794 1754483208.548116 2 4 1
-62.1426301429078 -14.474866592029457 1.31553 4.42616 -0.04694948406951838 3.374825129669154 -15.3191 11.0299 0.567086 0.355331 1754483208.548116 2 4 1
-52.19438977119355 36.25680637068548 -1.02327 3.10023 -0.7823030435999727 2.5239596660293984 -13.2209 13.4111 0.439951 0.415028 1754483208.548116 2 4 1
-47.845961642953036 -41.54921771451517 -1.48239 3.21495 -0.13414298916379597 3.8690325606638685 -20.1679 10.0128 0.470291 0.430964 1754483208.548116 2 4 2
-58.3265305912852 26.397488391213184 2.05143 4.29791 0.013313566643402552 2.709086739788437 -7.54415 17.7972 0.704367 0.480139 1754483208.548116 2 4 1
-55.872414967128265 24.936060985188803 18.3912 4.34632 0.05288999724642007 2.714060928156621 8.68767 17.1152 0.771427 0.435873 1754483208.548116 2 4 1
-58.60599475774558 26.039722269370053 2.69454 4.37726 0.08023432893151128 2.716102963381454 -11.184 11.5591 0.80181 0.512369 1754483208.548116 2 4 1
-58.21952194516298 26.654074613822345 1.83195 4.22074 -0.0559258711416204 2.704671056780891 -11.4986 14.5929 0.515978 0.524685 1754483208.548116 2 4 1
-58.57349857985495 26.508797241945274 1.50048 4.16715 -0.11750879293471161 2.709121646373477 -6.61014 16.9271 0.46849 0.544603 1754483208.548116 2 4 2
-58.72126998733522 26.08560021942964 2.28775 4.26884 -0.028338932984645737 2.716190229844054 -5.51564 18.8967 0.825988 0.561366 1754483208.548116 2 4 2
-58.8080962870352 26.20060861014553 2.49086 4.29287 -0.00240617259782816 2.7151081257078173 -4.19219 20.5429 0.846308 0.735873 1754483208.548116 2 4 2
-58.84616313760896 26.311060394802645 2.40236 4.3213 0.02839393478042851 2.713764222183782 -3.86406 19.8727 0.833459 0.737641 1754483208.548116 2 4 1
-58.77397222562629 26.501875695876635 2.20764 4.38465 0.09743896027990129 2.7105528163601122 -10.6978 11.8795 0.825964 0.733224 1754483208.548116 2 4 1
-44.34566994766306 -46.24150450490478 -0.994187 3.04329 0.004706645353496519 3.9613255715093283 -22.572 10.392 0.563351 0.506528 1754483208.548116 2 4 1
-45.97770659560754 40.463280379279055 18.6719 3.58203 0.022174876470536287 2.4072669522410575 0.571154 10.8947 0.694282 0.330837 1754483208.548116 2 4 1
-55.478263311929 32.47523750069957 1.07616 4.07079 -0.00012963910313512628 2.6028136416345022 -11.1076 13.5846 0.609761 0.640835 1754483208.548116 2 4 2
-59.05716731288734 26.215541392687616 2.39015 4.20541 -0.09232040491235782 2.716504389109413 -6.2509 17.6943 0.726573 0.539851 1754483208.548116 2 4 1
-59.010791681855025 26.383499548937742 2.47713 4.24465 -0.04831772454575667 2.713799128768822 -3.3835 20.8222 0.800345 0.619051 1754483208.548116 2 4 1
-58.99543852274391 26.613245629699 2.50311 4.26037 -0.02659242651351157 2.7104131900199526 -8.8196 15.3102 0.810091 0.657015 1754483208.548116 2 4 2
-64.77044248537254 3.5103429726191364 1.70614 4.58632 -0.05511280392539675 3.0866189102873305 -4.26136 14.5958 0.578682 0.364284 1754483208.548116 2 4 2
-62.32083600414738 3.8838072883400483 17.312 4.60048 -0.040119215673154685 3.0783285963403575 11.1729 15.3073 0.568579 0.209343 1754483208.548116 2 4 1
-48.1319619999486 42.804959896622385 -1.72481 3.47234 -0.07364462797408766 2.4026243764307527 -16.2881 12.6262 0.625103 0.481216 1754483208.548116 2 4 1
-47.780551711603266 43.27404710139811 -1.15838 3.52245 0.004118200911686021 2.3934439445652624 -15.8017 13.0495 0.746549 0.499336 1754483208.548116 2 4 1
-44.849197712407914 41.08868042647615 21.0418 3.55402 0.05558386401396653 2.3868989598702837 4.31981 11.612 0.626726 0.331676 1754483208.548116 2 4 2
-55.17573104865691 34.18502817531059 -0.652018 4.10199 0.08903070135859092 2.5774191010179845 -13.182 12.5792 0.583723 0.535132 1754483208.548116 2 4 1
-55.23388427598821 34.403763388560854 -0.0730869 4.09519 0.08782203036685665 2.5750279999427526 -13.5914 12.7144 0.71571 0.515724 1754483208.548116 2 4 1
-62.866747675516855 -17.002971707114174 1.33709 4.46077 0.034975195447162655 3.4106392859200776 -10.3456 12.2088 0.658215 0.493841 1754483208.548116 2 4 1
-62.85852154336682 -17.235038590129147 1.53784 4.49548 0.07465081103085591 3.4141648510091063 -4.24378 17.3445 0.813781 0.3587 1754483208.548116 2 4 1
-62.88137991888934 -17.37991808207811 1.44267 4.51151 0.09365670313216956 3.4162592461114993 -5.65266 14.5517 0.831679 0.318353 1754483208.548116 2 4 2
-27.14184145036577 -58.49754182933296 -2.37893 1.58142 -0.14211989065177177 4.294543832300086 -16.5928 13.7992 0.634857 0.462579 1754483208.548116 2 4 1
-27.219110647011032 -58.4832185564799 -2.30395 1.62124 -0.10748946824159433 4.2933395551162095 -18.5016 11.0211 0.616364 0.504281 1754483208.548116 2 4 2
-47.890132473072214 43.703554867244996 1.3837 3.43863 -0.06831333167233788 2.3896914866734744 -17.0157 12.1794 0.522537 0.0905688 1754483208.548116 2 4 1
-55.43529158746463 34.68143810036757 -0.0702348 3.95753 -0.04520889952960605 2.573055777887999 -12.0137 13.6581 0.735259 0.588397 1754483208.548116 2 4 1
-55.840468692943276 34.37624742102011 0.468155 4.05711 0.03716341897642472 2.580421067331415 -16.1497 10.3979 0.682123 0.671774 1754483208.548116 2 4 1
-63.144026477996015 -17.383657296880997 1.60308 4.34759 -0.07177846452685355 3.4151945952677827 -7.21134 17.0711 0.823243 0.71045 1754483208.548116 2 4 1
-63.13794527604058 -17.417712774519163 1.20821 4.4025 -0.01609908717320696 3.415735647335901 -6.52081 17.0094 0.878932 0.514545 1754483208.548116 2 4 1
-55.871467161717355 34.83551767752843 0.338432 3.94997 -0.05657979994006768 2.5746789340923537 -13.4028 12.1147 0.703526 0.709818 1754483208.548116 2 4 2
-55.61248511995172 35.32336997876196 0.471654 3.98838 0.0018615505788757147 2.566196633927661 -10.795 16.5684 0.736412 0.767858 1754483208.548116 2 4 1
-55.43891139882684 35.40514025383285 0.713508 4.11027 0.12974191417963832 2.5636833598047897 -12.8755 15.4395 0.619708 0.701847 1754483208.548116 2 4 1
-60.7212389771206 25.746051957708296 1.45817 4.2559 -0.07133067497329204 2.733678428949037 -9.7845 14.1784 0.41294 0.272944 1754483208.548116 2 4 1
-44.692799131187265 -48.27096334208483 -0.757014 2.95199 -0.02506801609680176 3.9787265041517124 -15.3697 14.7164 0.786635 0.710336 1754483208.548116 2 4 1
-44.683106114550746 -48.2717541170294 -0.893052 2.99572 0.01909716579131482 3.978848677199352 -15.7435 14.2254 0.73576 0.642083 1754483208.548116 2 4 1
-61.21805445112648 -25.507544380198386 -0.29811 4.08637 -0.11505909898767186 3.5434064821192863 -18.698 13.2935 0.471134 0.407121 1754483208.548116 2 4 1
-61.48955654633491 25.224772865876943 2.35064 4.32676 -0.020282393786383857 2.7456513876177184 -2.67295 19.0995 0.808015 0.322607 1754483208.548116 2 4 1
-61.38334917612428 25.587961917128727 1.75978 4.37373 0.036111553725049816 2.7399092543786567 3.14151 25.0349 0.734402 0.219927 1754483208.548116 2 4 1
-44.75319732462796 -48.430590492659356 -0.775915 2.88165 -0.09198753328959919 3.979686435240309 -14.0873 14.8222 0.780301 0.708926 1754483208.548116 2 4 2
-44.884722843237434 -48.32596287889883 -0.945272 2.91585 -0.06698549888488703 3.977103347947357 -16.1654 14.9075 0.676654 0.624123 1754483208.548116 2 4 1
-54.4582042798258 38.624711148641836 -0.269597 3.92314 0.06476217401645856 2.514534888068629 -11.9028 14.0049 0.696026 0.650537 1754483208.548116 2 4 1
-54.22576493724316 39.03341559017939 -0.537419 3.97815 0.13815914331429457 2.5074488513055324 -10.095 17.0799 0.753374 0.692 1754483208.548116 2 4 1
-61.63819669795849 25.14646884695047 -4.61081 4.1782 -0.17207441331532802 2.7476410629649917 0.612567 19.4758 0.506475 0.277582 1754483208.548116 2 4 2
-47.25179638380917 -47.394127691565075 -1.44169 2.93067 -0.1782781119572805 3.941097205478714 -20.2847 13.6022 0.735627 0.353135 1754483208.548116 2 4 1
-54.48069028749036 39.031903940982374 -0.382211 3.82 -0.025990084323689544 2.5097526859181647 -7.5549 14.6194 0.763484 0.722122 1754483208.548116 2 4 2
-53.778833583308476 39.46160969429045 7.25242 3.84849 0.03283797722565085 2.498181152977442 -6.04358 19.4023 0.805045 0.264209 1754483208.548116 2 4 1
-54.51020596869026 38.902286148682954 -0.518822 3.96472 0.11392713057384363 2.5116027349252787 -9.11669 15.2926 0.77594 0.601941 1754483208.548116 2 4 1
-62.162976255601556 24.87359725254203 3.2224 4.27446 -0.08685202873874687 2.7545176602178496 -2.38122 20.2372 0.724668 0.44357 1754483208.548116 2 4 1
-62.429669743720275 24.566009285761385 2.92531 4.29884 -0.07169460045901221 2.7603645132120302 -4.42729 13.2818 0.577832 0.39221 1754483208.548116 2 4 2
-44.518595694878925 -50.57689418458619 -1.29539 2.88894 0.002267856448149974 4.00384179208791 -16.4214 12.2176 0.771599 0.686418 1754483208.548116 2 4 1
-44.70582390289799 -50.450945652261375 -1.07332 2.931 0.03216151393179301 4.000490759924081 -14.2345 15.0985 0.75653 0.741798 1754483208.548116 2 4 1
-51.79936645703497 37.997229192702235 19.2448 3.75722 -0.05773971554965396 2.4979193535896433 8.64426 13.2171 0.760279 0.260686 1754483208.548116 2 4 1
-62.139621887664156 26.074725745288244 5.40447 4.295 -0.038797189797634246 2.737605419766024 -12.9417 13.6522 0.443406 0.258946 1754483208.548116 2 4 1
-67.02626737131571 9.217916341156961 2.64644 4.56454 -0.05372869901577371 3.002668573266403 -0.372661 13.3905 0.58241 0.676504 1754483208.548116 2 4 2
-67.13237214114872 8.940392569349017 2.68464 4.58899 -0.031286439494985885 3.007031896396389 -0.363723 12.3558 0.65253 0.673971 1754483208.548116 2 4 1
-44.76100077777395 -50.60832181787547 -1.31563 2.81532 -0.0802266435126393 4.0013983311351184 -13.5609 13.8521 0.766954 0.664423 1754483208.548116 2 4 2
-44.83277579898028 -50.55195186273478 -1.23297 2.85067 -0.04981351211622398 4.000036974318563 -10.8472 17.7443 0.744004 0.713925 1754483208.548116 2 4 1
-44.943658434866855 -50.453517371363546 -1.17665 2.90739 -0.0011202413469844075 3.99782040616853 -19.8844 10.4214 0.702449 0.697241 1754483208.548116 2 4 2
-57.726431955260395 -24.390104906857527 25.2641 4.16832 -0.022261589823518335 3.5488693626780288 -0.347476 9.89225 0.588378 0.331568 1754483208.548116 2 4 1
-61.15249762060746 22.50773434235899 19.2304 4.47271 0.06821327762863572 2.7827745408076376 18.7903 12.6644 0.883637 0.370358 1754483208.548116 2 4 1
-63.97361895055859 23.671413131246293 -3.39638 4.33395 -0.06836663571532142 2.7812910109434426 4.6083 14.0049 0.780221 0.32017 1754483208.548116 2 4 2
-61.55995875451035 22.407056086248126 18.8178 4.38701 -0.022856558521866965 2.7864571855293456 19.752 15.5924 0.857331 0.476996 1754483208.548116 2 4 1
-64.12126229302986 23.742193231237053 -3.97986 4.39507 -0.006938078189881125 2.7810815714332033 5.44561 13.1995 0.44778 0.477651 1754483208.548116 2 4 1
-64.16909094210989 23.664644720139677 -4.1839 4.45619 0.052230985845103994 2.7824080216647187 8.60399 16.7213 0.753492 0.56149 1754483208.548116 2 4 1
-59.72670904242356 -28.082003167510702 18.1005 4.26635 0.1590285322895717 3.5888897624262586 -2.95087 10.8888 0.64388 0.343884 1754483208.548116 2 4 1
-64.17526378108329 24.14788134440483 -4.23182 4.31655 -0.07752465727128488 2.7757408639221004 8.62714 17.7002 0.717662 0.55331 1754483208.548116 2 4 2
-64.45181123227805 23.503700466162623 -4.17918 4.35839 -0.0509701339216484 2.7861081196789472 11.2147 20.5929 0.697677 0.249506 1754483208.548116 2 4 1
-62.41026184824685 -29.47330107546788 3.43533 4.26698 0.1626450731954776 3.5902685725353343 -16.0256 15.857 0.611262 0.243605 1754483208.548116 2 4 1
-64.65513869349216 24.2061745251065 -3.89494 4.34251 -0.054145078298643234 2.777468739881575 2.07239 14.2607 0.712621 0.471289 1754483208.548116 2 4 2
-64.58600887937679 24.539912232260264 -3.93974 4.41308 0.023862498302766433 2.7725120048059106 1.52496 15.4719 0.71924 0.500584 1754483208.548116 2 4 2
-64.59929750352778 24.562535734775906 -4.40555 4.47482 0.08594553328954202 2.7722851120031518 1.7433 15.5954 0.478845 0.279218 1754483208.548116 2 4 1
-68.47850061734307 10.747484557681386 3.28414 4.56389 -0.04446161839320606 2.983400138324386 1.71574 15.7335 0.604087 0.338586 1754483208.548116 2 4 1
-68.39342863092267 11.363160536984733 3.4845 4.63028 0.027213413274663978 2.974289519628975 4.75558 18.491 0.843197 0.376161 1754483208.548116 2 4 1
-68.37746060199149 11.754593761814741 2.87114 4.6853 0.0857388172187239 2.9685822929749537 2.88929 15.319 0.659257 0.324628 1754483208.548116 2 4 1
-69.39670182750982 0.8466242741878436 3.68498 4.74714 0.10646791693847746 3.1293271170836316 -14.9204 11.9177 0.722788 0.403974 1754483208.548116 2 4 1
-60.270252477560106 -28.69248415566966 18.3132 4.05317 -0.04372159886803395 3.593689417869243 -0.143107 11.512 0.766349 0.381303 1754483208.548116 2 4 1
-64.87639849689218 24.521033594455307 -4.31114 4.28765 -0.10427740541675767 2.7743096939354652 -0.369741 13.8962 0.459957 0.428063 1754483208.548116 2 4 1
-65.00088342179252 24.533899274846608 3.75813 4.35722 -0.03541542094352046 2.7747809328335036 2.14955 17.0711 0.60583 0.27549 1754483208.548116 2 4 2
-66.64198827737702 10.206522813822286 16.6945 4.44952 -0.16086883416937425 2.987100236338614 20.872 17.4239 0.496464 0.205236 1754483208.548116 2 4 2
-68.60692703792176 11.310963001118616 2.83989 4.55293 -0.0508986709280288 2.9755636099829315 7.28565 19.3876 0.796309 0.293423 1754483208.548116 2 4 1
-68.61878598642203 11.859750019449274 2.19758 4.59492 -0.004080960213678431 2.967692175056437 7.12893 18.4528 0.469023 0.216177 1754483208.548116 2 4 2
-69.678487222491 0.8601766039715262 3.52659 4.64273 0.0020416356769903388 3.129187490743472 -6.51028 18.6468 0.619462 0.352049 1754483208.548116 2 4 1
-66.86252941372778 0.7677681781990467 19.4543 4.6754 0.03481487786486426 3.1300601553694696 9.51728 17.0829 0.818788 0.431939 1754483208.548116 2 4 1
-66.89766782811385 0.8705678634192229 19.3258 4.74204 0.10127356012908706 3.1285068123351945 2.99662 10.7889 0.858331 0.471228 1754483208.548116 2 4 1
-23.462238015712536 -65.12132375143726 -2.82426 1.38429 0.04623655011516381 4.38254333318564 -20.5515 10.4508 0.53929 0.524655 1754483208.548116 2 4 1
-62.698982854861406 -30.74434039590011 -1.15853 4.18073 0.10898228196327775 3.605086417884766 -15.1342 14.0138 0.601772 0.302919 1754483208.548116 2 4 1
-64.77214942207029 25.6038094137533 -4.05486 4.41665 0.04822200171902136 2.759020609687995 0.0186673 12.6527 0.496553 0.359694 1754483208.548116 2 4 1
-64.84059097578388 25.53565360378315 -4.63817 4.47633 0.1058773271963176 2.7603121533344708 3.56517 14.5929 0.62966 0.597603 1754483208.548116 2 4 1
-69.94940957220393 0.752324890319147 3.25608 4.59838 -0.042115667613051855 3.130793193655307 -6.01612 17.124 0.758798 0.493233 1754483208.548116 2 4 1
-70.1727684778561 0.6723691513078977 2.83309 4.56667 -0.07367329334706518 3.131997470839183 -10.3703 11.5267 0.719524 0.440798 1754483208.548116 2 4 1
-23.890265025073067 -64.99411933523787 -2.67074 1.32407 -0.04273813512937985 4.376068161660741 -21.1509 10.7124 0.620968 0.482399 1754483208.548116 2 4 2
-65.28107648052115 25.368487656352922 -4.46642 4.3201 -0.05754337333869408 2.7649372758522555 -0.190927 12.6262 0.775757 0.500557 1754483208.548116 2 4 1
-62.56008982290664 24.254944785388382 20.0454 4.38835 0.009871565551275552 2.765478327920374 15.9539 14.5753 0.674711 0.317009 1754483208.548116 2 4 1
-64.40962004664647 21.18640688752669 18.7809 4.46327 0.009233012715601063 2.818483977303442 32.6378 20.249 0.53101 0.344431 1754483208.548116 2 4 1
-64.35219069360801 21.47745608454317 18.9654 4.47655 0.028332468660909882 2.814068294295896 38.7929 26.1079 0.790247 0.411873 1754483208.548116 2 4 1
-66.70728124923832 22.300683774650278 6.00455 4.50421 0.0564098072994339 2.813754135030537 24.7918 22.6302 0.793433 0.423431 1754483208.548116 2 4 1
-62.86329609021527 25.69662212610078 18.7518 4.32967 -0.019670599238834185 2.7470651043118335 7.39527 12.0324 0.481335 0.386477 1754483208.548116 2 4 1
-64.51998846383337 21.499827126965442 18.793 4.3795 -0.06936585213872792 2.8145569864864544 35.4232 25.9638 0.651589 0.424524 1754483208.548116 2 4 2
-64.50921464365723 21.561023506197383 18.8882 4.41251 -0.03512777578709869 2.8136319619828973 43.2473 33.2221 0.803215 0.392523 1754483208.548116 2 4 1
-66.85998640805039 22.396910179905014 -5.77864 4.43667 -0.010317444291796818 2.813143269792339 30.2672 30.541 0.8055 0.486651 1754483208.548116 2 4 2
-67.11591081528246 22.352809759404384 -4.66004 4.43929 -0.010061395495480241 2.814923505629373 16.4861 17.9325 0.609252 0.429412 1754483208.548116 2 4 1
-71.04704789130497 0.1556589692964172 2.85247 4.70935 0.07010792642165331 3.1395023866227585 -15.0414 10.736 0.639275 0.571904 1754483208.548116 2 4 1
-64.68136097726696 21.53553738857934 19.001 4.27772 -0.1714927298100175 2.8148187858742535 27.1541 15.222 0.643628 0.378179 1754483208.548116 2 4 1
-66.98721430797242 22.405201758763447 6.02036 4.33576 -0.11185456795152149 2.8136145086903777 25.6934 24.3058 0.792793 0.432807 1754483208.548116 2 4 1
-67.07727378071591 22.452643404769265 -5.31609 4.36672 -0.08059274280288342 2.8133876158876183 24.6486 22.933 0.781973 0.531226 1754483208.548116 2 4 1
-67.34704644749917 22.23268044013259 -5.14293 4.37122 -0.08169667663891467 2.8176287659699644 18.0888 17.6414 0.67586 0.379745 1754483208.548116 2 4 2
-67.13831139925418 23.761757790387584 3.07365 4.42807 0.004561252158382878 2.7960041365377544 9.81257 17.2975 0.761275 0.29608 1754483208.548116 2 4 2
-67.37287418311348 23.222478972575836 3.61578 4.48253 0.047406051748849265 2.8043642636548074 10.2768 19.855 0.800948 0.454927 1754483208.548116 2 4 1
-71.31615549323305 0.19880222779487522 2.80873 4.63358 -0.005761477333881437 3.1388915213845605 -14.4056 10.4243 0.558779 0.382275 1754483208.548116 2 4 1
-63.09412037283173 -33.724407747389634 0.425558 4.18105 0.19054061315036908 3.6403944286526113 -11.9997 12.5027 0.528715 0.47128 1754483208.548116 2 4 1
-67.57255012935383 23.567534507034228 3.65989 4.27119 -0.1588555912146914 2.8006816189330994 6.70151 15.2896 0.806325 0.330768 1754483208.548116 2 4 1
-67.56013203270219 23.195834478996982 3.83249 4.40126 -0.0355592576872894 2.8056034474237235 11.1102 19.7962 0.870887 0.491407 1754483208.548116 2 4 1
-67.58040515469163 23.18812474737247 3.42839 4.45921 0.022128698213682796 2.805795433641443 7.83805 16.8918 0.756063 0.361755 1754483208.548116 2 4 2
-67.58691393615267 23.528770776386725 2.2787 4.51052 0.07965203296997192 2.8012750308787777 3.43747 11.7972 0.462886 0.214241 1754483208.548116 2 4 2
-63.413664585775585 -33.898406441206994 0.458978 3.93921 -0.05129938684963076 3.6403944286526113 -11.955 13.3935 0.785647 0.733804 1754483208.548116 2 4 2
-63.388404743397714 -34.09493446521531 0.676881 3.96881 -0.015517987685941481 3.6429949692380825 -4.82021 20.393 0.805711 0.754035 1754483208.548116 2 4 1
-63.30086234261314 -34.240248234847805 0.817176 4.02142 0.04279935916535926 3.645386070313315 -5.10319 20.7546 0.807662 0.708064 1754483208.548116 2 4 1
-67.8390461177059 23.355740486139688 3.53732 4.32861 -0.10706387888482816 2.804765689382766 0.922946 11.9177 0.733158 0.403144 1754483208.548116 2 4 1
-67.85618070252703 23.650988055940534 2.4756 4.40646 -0.02390021324472702 2.8009085117358588 1.81926 11.3357 0.552562 0.231575 1754483208.548116 2 4 1
-68.87313934754 21.013131257913404 -0.724009 4.44886 -0.0332436648166885 2.840789285143929 13.0034 15.2661 0.633075 0.281024 1754483208.548116 2 4 2
-69.02131180486028 20.707232845122807 1.40231 4.48797 0.00020089927053046353 2.845519127416834 19.1058 17.1034 0.785024 0.295826 1754483208.548116 2 4 1
-66.29289433097512 19.853108973728315 19.6097 4.53257 0.044428151567387886 2.845833286682193 28.8121 11.8883 0.654275 0.237409 1754483208.548116 2 4 1
-69.52116878854041 20.98100377310598 1.71785 4.51785 0.03201381762988298 2.8438959712124787 18.6131 19.4141 0.633394 0.412633 1754483208.548116 2 4 1
-69.49363990416222 21.112040116586876 1.80803 4.55431 0.07071233378881292 2.842028468912845 18.6148 19.1201 0.762442 0.446916 1754483208.548116 2 4 1
-63.695592573831604 -33.98546136047912 0.699221 3.80144 -0.19101362719156567 3.6395741239041737 -15.3444 10.342 0.63384 0.607534 1754483208.548116 2 4 1
-63.540832306046106 -34.16120352968144 0.793897 3.89894 -0.08588681670703302 3.6427855297278433 -6.47558 19.2612 0.818907 0.71179 1754483208.548116 2 4 1
-63.55127477491574 -34.24040222318516 0.649777 3.92093 -0.06173396216173854 3.6436931009388807 -4.65898 20.8369 0.833441 0.663281 1754483208.548116 2 4 1
-63.551637603740176 -34.332494782607164 0.394248 3.95785 -0.02210578103897687 3.644827564952677 -11.9941 13.1671 0.681162 0.563801 1754483208.548116 2 4 1
-66.1998154473344 19.925133797507673 20.373 4.4075 -0.07896099597550066 2.844419569988077 32.8238 15.369 0.768837 0.376654 1754483208.548116 2 4 1
-66.46680963038942 20.4073139895948 19.342 4.44447 -0.03524169495000695 2.8388170630891754 26.4987 13.2112 0.62234 0.292815 1754483208.548116 2 4 2
-69.66225319093986 21.026023555713348 1.95565 4.45564 -0.030175334068798243 2.8438785179199595 23.0794 24.6645 0.713491 0.455063 1754483208.548116 2 4 2
-69.65743451453909 21.198770830787836 1.86517 4.47253 -0.010500335986046494 2.8415572300148066 24.7487 26.0403 0.798977 0.429314 1754483208.548116 2 4 1
-69.83381056656873 21.25552073070951 3.25063 4.54714 0.06415172807928737 2.841522323429767 17.1927 18.1441 0.826979 0.515056 1754483208.548116 2 4 1
-66.72866605985196 20.66935570887246 20.812 4.59174 0.11508028757487221 2.8363212422588235 26.374 11.4092 0.800869 0.371582 1754483208.548116 2 4 1
-69.87231770279868 21.073489475546367 2.31899 4.35445 -0.13163625539996282 2.8441054107227184 16.505 19.3759 0.705541 0.427687 1754483208.548116 2 4 1
-66.70235301361369 20.307725063225256 20.9359 4.41384 -0.06879050682674315 2.841225617456928 36.2348 23.0888 0.753353 0.379919 1754483208.548116 2 4 1
-69.97070186170917 21.129008757428295 3.84941 4.42825 -0.05744021556549139 2.8437737981648397 15.9262 20.4165 0.631248 0.568431 1754483208.548116 2 4 2
-69.99852265563555 21.393757780062597 2.98337 4.48183 0.00023290632640105002 2.8403704061234505 23.5564 25.8609 0.852894 0.515126 1754483208.548116 2 4 1
-70.01399874087122 21.71658860163956 2.96444 4.48879 0.01232330333947651 2.8361641626261442 21.0533 22.7889 0.80041 0.533586 1754483208.548116 2 4 1
-70.03745731353736 21.84920255514443 3.07956 4.52753 0.05310742727114626 2.8345060998367497 17.4512 18.9555 0.760338 0.622393 1754483208.548116 2 4 1
-70.21623961463561 21.33959985200092 3.04932 4.3325 -0.15103467868535336 2.8419761090352855 13.4259 16.4802 0.779313 0.628509 1754483208.548116 2 4 1
-70.12882452521463 21.554271477482096 2.98847 4.41682 -0.06284920224387136 2.838782156504136 19.776 22.636 0.83994 0.471948 1754483208.548116 2 4 1
-70.13809619844288 21.877544153237583 3.0311 4.43261 -0.04187731213271206 2.834558459714309 22.467 24.4352 0.803894 0.606843 1754483208.548116 2 4 1
-70.17701037960659 21.91890690807085 3.43805 4.46637 -0.00764227164744824 2.8341744872788706 19.5477 23.1211 0.784476 0.503012 1754483208.548116 2 4 2
-70.34459071578904 21.80438192099825 3.74341 4.47879 0.0020659735324679573 2.8363736021363835 14.1698 17.6179 0.650016 0.38564 1754483208.548116 2 4 2
-70.79362424817609 20.660838903675963 3.26451 4.53792 0.04110594568750692 2.8532509360031684 15.6036 13.6463 0.644547 0.580796 1754483208.548116 2 4 1
-63.912709963997386 -36.355823261268114 0.568841 3.91001 -0.016354529015829566 3.666853620112845 -13.6773 10.2362 0.789615 0.737064 1754483208.548116 2 4 1
-70.32782800633557 22.0458142834557 3.30827 4.33835 -0.13438504307224086 2.833144743020194 13.5474 14.1696 0.769619 0.52171 1754483208.548116 2 4 1
-70.28929874320981 22.09145131685014 4.27386 4.39797 -0.07380944618785534 2.8323767981493164 13.6537 16.6066 0.708573 0.354251 1754483208.548116 2 4 1
-70.54378420477505 21.667254095675464 3.99725 4.43272 -0.047225307263585314 2.839009049306895 13.9303 17.1769 0.592705 0.459778 1754483208.548116 2 4 1
-71.00432871792576 20.51191943717824 3.50648 4.47924 -0.02077480330648207 2.8560434628063596 17.218 16.9565 0.672712 0.596942 1754483208.548116 2 4 2
-71.36191288019658 19.618708684987457 3.31914 4.52654 0.011933276955026884 2.869185792073877 19.5756 16.3567 0.707139 0.652731 1754483208.548116 2 4 2
-71.776608664393 18.63913677655916 2.83266 4.56246 0.03270819178091244 2.88363711828039 18.7771 16.5243 0.675196 0.74024 1754483208.548116 2 4 1
-71.90576501743352 18.420256391476084 2.42233 4.60658 0.07346874424496086 2.8869706971516993 19.9716 17.8766 0.874948 0.646917 1754483208.548116 2 4 1
-71.88402561125318 18.509748797169703 2.08384 4.67168 0.13982921922616942 2.885714060090263 13.4815 11.4209 0.794228 0.472741 1754483208.548116 2 4 1
-71.5802082284334 19.609554200669756 3.24782 4.46315 -0.05245443269382388 2.870110816577434 16.6191 11.2357 0.495369 0.690791 1754483208.548116 2 4 1
-72.01061790084114 18.564532381015344 2.62276 4.49263 -0.0389397032938712 2.8854348074099443 22.214 18.2764 0.752398 0.718816 1754483208.548116 2 4 2
-72.06607921089449 18.515554123213047 2.19419 4.53092 -0.0014918755026958053 2.886272565450901 25.8834 22.783 0.893451 0.574701 1754483208.548116 2 4 1
-69.52523532841275 18.092068648869617 20.0247 4.57542 0.04632479614631979 2.882991346457152 21.4097 17.6973 0.690795 0.402653 1754483208.548116 2 4 2
-72.13662271172535 19.05559131550723 3.22109 4.59821 0.07280500869323436 2.879395968198044 20.1467 18.3705 0.754756 0.564872 1754483208.548116 2 4 1
-72.03532378130289 19.69541421198263 2.35011 4.64449 0.1283225384778417 2.8706344153530323 19.1309 17.0623 0.81646 0.658392 1754483208.548116 2 4 1
-49.50190601801207 55.113254167275514 1.04587 3.08852 -0.10117893408737721 2.290853491133036 -19.0868 11.3474 0.745841 0.641395 1754483208.548116 2 4 1
-72.21854735543783 18.637077197864553 2.45876 4.39394 -0.13738347061519374 2.885190461314665 16.7862 11.3092 0.785265 0.642035 1754483208.548116 2 4 1
-72.21555591842177 18.636149213119054 1.88408 4.4624 -0.06892347061519377 2.885190461314665 20.1725 15.6394 0.869136 0.522734 1754483208.548116 2 4 1
-72.22987333402257 18.623683893772288 4.96567 4.50885 -0.02268454376131679 2.8853999008249045 15.9043 14.7663 0.63384 0.329449 1754483208.548116 2 4 1
-72.21496408954052 19.755994525203594 2.04137 4.52439 0.008372558443211275 2.8704947890128727 27.891 23.8766 0.782749 0.603993 1754483208.548116 2 4 2
-72.26396686701811 19.74525408219582 2.16885 4.54278 0.026406404787046256 2.8708264015707514 30.1408 26.9986 0.81408 0.656729 1754483208.548116 2 4 1
-72.33448942401361 19.60442095761183 2.20214 4.59153 0.07291848876197093 2.872920796673145 20.7961 18.1647 0.674777 0.525568 1754483208.548116 2 4 1
-69.15153425894393 19.307214280982503 21.3056 4.63767 0.12761035744327476 2.8650144551616106 32.695 14.1696 0.579512 0.388811 1754483208.548116 2 4 1
-41.81922012939251 -61.617898933585245 -2.68813 2.36732 -0.041914441668911895 4.129261152136223 -18.4174 13.8638 0.677644 0.428514 1754483208.548116 2 4 1
-41.92327124963979 -61.55882671633034 -2.62272 2.40179 -0.013881964353005927 4.127637995931868 -18.4167 13.8638 0.714592 0.472127 1754483208.548116 2 4 1
-72.5290400993392 18.852776603255677 4.10926 4.39812 -0.13141906241488943 2.8834276787701505 11.3301 10.2685 0.511341 0.328994 1754483208.548116 2 4 1
-72.3327360423078 19.940989760946565 1.97604 4.45556 -0.05832900623296844 2.8685225669581187 26.2255 23.1064 0.799814 0.629561 1754483208.548116 2 4 1
-72.38169209206762 19.807154282073796 2.21806 4.48871 -0.02725116137126804 2.870442429135313 29.3419 26.7634 0.782076 0.624363 1754483208.548116 2 4 1
-41.8463919565671 -61.82823514218152 -2.67394 2.27883 -0.12541619292791095 4.130517789197659 -12.9124 19.758 0.696965 0.55931 1754483208.548116 2 4 2
-41.857577412858134 -61.826630420939736 -2.67585 2.30927 -0.09553063042019261 4.130378162857499 -12.4797 20.3607 0.724752 0.512397 1754483208.548116 2 4 1
-41.070043411620794 -61.36772862211496 11.2325 2.35727 -0.02552527944106897 4.135910856586322 -16.7665 9.85403 0.744546 0.362736 1754483208.548116 2 4 2
-47.41011416063153 -57.097518657406525 10.0177 2.62341 -0.16082291995109932 4.03171470024226 -16.29 14.9898 0.819583 0.662031 1754483208.548116 2 4 1
-47.65714161813115 -56.97120990779201 9.67969 2.66322 -0.13467321635971086 4.028032055520552 -15.9292 14.2254 0.742536 0.599366 1754483208.548116 2 4 2
-72.59432681058107 20.049935709820215 2.33642 4.30848 -0.20489784296166036 2.868051328060081 12.0412 9.98044 0.557313 0.361675 1754483208.548116 2 4 1
-72.48969692427433 20.372841307631347 2.77164 4.40433 -0.10403563265534999 2.8634785654198556 15.7775 13.8256 0.485319 0.385012 1754483208.548116 2 4 1
-69.77352776262093 19.09735067660702 20.9428 4.41753 -0.09820591682308866 2.8702329896250736 38.9638 20.9339 0.600898 0.244168 1754483208.548116 2 4 2
-42.10021857320658 -61.883254736790235 -2.85626 2.18107 -0.2329412767842891 4.128056874952347 -18.5841 14.196 0.638079 0.49039 1754483208.548116 2 4 1
-42.04040506555453 -61.91411374924839 -2.86919 2.23112 -0.1792916677228935 4.128964446163384 -18.0675 14.8634 0.704871 0.39844 1754483208.548116 2 4 1
-47.68718007994592 -57.19931848021512 9.84479 2.51006 -0.28175226238750684 4.029672665017427 -19.6728 10.7918 0.813735 0.505509 1754483208.548116 2 4 1
-47.82905247458304 -57.120992776850144 9.67445 2.56232 -0.23751236187872937 4.027508456744953 -18.7694 11.6943 0.692053 0.473913 1754483208.548116 2 4 1
-46.65439154103127 -60.23666093493094 -1.67448 2.72229 0.06579845250105087 4.065678807486069 -16.2057 13.7316 0.773809 0.646613 1754483208.548116 2 4 1
-43.164719859135324 -61.067217699333206 15.2301 2.45789 -0.02728138388328416 4.110010170486725 -8.54802 12.297 0.833201 0.318842 1754483208.548116 2 4 1
-46.925725858753765 -60.335114601458855 -1.98618 2.55331 -0.11108254242498639 4.063601865676197 -11.1463 19.7757 0.757539 0.6273 1754483208.548116 2 4 2
-46.76428340316225 -60.45942163034687 -1.80449 2.60086 -0.0533055431045546 4.066289672724268 -7.76766 23.7414 0.805486 0.722418 1754483208.548116 2 4 1
-46.65825464830408 -60.55291086484073 -1.66651 2.64194 -0.005108476864848388 4.068157175023901 -15.1815 16.3185 0.817033 0.741079 1754483208.548116 2 4 2
-74.62225123978115 18.658595507295203 3.22503 4.55133 0.01231229502062181 2.8929571764860396 16.4929 13.9109 0.413902 0.415069 1754483208.548116 2 4 1
-43.46704189109718 -60.726600323684366 15.6614 2.36834 -0.1401909088368849 4.104041144444905 -9.03479 11.8119 0.791106 0.357269 1754483208.548116 2 4 1
-43.35529692590748 -62.600864963253976 9.56151 2.31013 -0.13797797380096766 4.119434948447495 -16.6561 15.1044 0.840293 0.503904 1754483208.548116 2 4 2
-46.97591908484233 -60.462238784284715 -1.93426 2.47815 -0.18438451753756713 4.064090557866755 -13.5832 17.6091 0.698941 0.671083 1754483208.548116 2 4 1
-46.803892083445824 -60.588244900604984 -1.78487 2.54086 -0.11097854829149556 4.066900537962465 -10.1109 21.8923 0.810556 0.728521 1754483208.548116 2 4 1
-46.73717728625639 -60.67236623087072 -1.69648 2.57583 -0.07081911545873387 4.068261894779021 -17.2375 14.6929 0.832465 0.710793 1754483208.548116 2 4 1
-74.47416244999698 20.74871640505196 3.01376 4.53891 0.027892591318764204 2.8658871197876077 15.1786 11.8442 0.494842 0.615305 1754483208.548116 2 4 1
-42.899104723402296 -61.49378741213931 15.4731 2.24719 -0.21364027780987538 4.116206089331305 -7.20548 13.758 0.847316 0.431427 1754483208.548116 2 4 2
-74.70216820247661 20.674455750399467 3.1435 4.46017 -0.052752634195517345 2.867632449039602 16.898 13.3847 0.419844 0.567883 1754483208.548116 2 4 1
-75.73798526796296 17.77428713999222 6.88183 4.54919 -0.0036999651032694203 2.9077226619579117 24.9181 17.3151 0.57291 0.517116 1754483208.548116 2 4 1
-48.49529215096417 -60.63369691616051 8.79002 2.62445 -0.09256136432958106 4.049691591537802 -21.1312 12.3969 0.627176 0.540179 1754483208.548116 2 4 1
-75.84844498826887 17.85381849879746 7.06919 4.48393 -0.06834226576359015 2.907041983549634 24.3668 17.7884 0.495749 0.510678 1754483208.548116 2 4 1
-48.38322232909974 -61.1284251387924 7.53436 2.48617 -0.2116896205491572 4.054770499661105 -22.2297 12.0559 0.784344 0.721444 1754483208.548116 2 4 1
-76.16325455164 18.964319079103838 7.33837 4.54409 0.004022010185312119 2.8940392806222763 20.6576 15.1162 0.695261 0.366092 1754483208.548116 2 4 1
-76.77774557398695 18.754685177171385 4.06219 4.38092 -0.16349450425094147 2.8985771366774613 10.8755 10.0451 0.517377 0.330259 1754483208.548116 2 4 1
-59.299845046254674 52.91354331857145 -0.96302 3.54087 -0.006996316426127969 2.4032526949614708 -6.77866 17.6532 0.755702 0.574771 1754483208.548116 2 4 1
-59.20309056912852 53.11102820162453 -1.02853 3.56287 0.023062939072943323 2.4005648879133994 -0.75112 24.5057 0.812049 0.518452 1754483208.548116 2 4 1
-59.18280360085182 53.152236333484296 -0.926613 3.59715 0.05902080047880354 2.4000063825527613 -4.36874 21.5866 0.811596 0.515324 1754483208.548116 2 4 1
-59.279549907795506 53.190441030879015 -0.918609 3.46988 -0.0696649678534631 2.4004776214508 -5.80146 20.199 0.815361 0.502349 1754483208.548116 2 4 2
-59.27424167135078 53.233989389248414 -0.963535 3.50322 -0.03496164939837776 2.400023835845281 1.89771 27.9188 0.850525 0.494449 1754483208.548116 2 4 1
-59.308905973724656 53.21661490644701 -0.925001 3.53197 -0.0075749678534631215 2.4004776214508 -1.21404 24.5675 0.83921 0.50969 1754483208.548116 2 4 2
-77.3568942176174 20.556031917960098 3.0386 4.49644 -0.027697716713401377 2.8781742377216477 13.2497 10.5243 0.55488 0.337154 1754483208.548116 2 4 2
-59.405768051410995 53.42391326793539 -0.852023 3.34476 -0.1914802862681544 2.3993780640220432 -15.9102 11.9471 0.754539 0.443464 1754483208.548116 2 4 1
-59.4420606693389 53.350156514393944 -0.969861 3.40834 -0.13089042058449163 2.4003729016956803 -7.7224 19.7962 0.84338 0.475937 1754483208.548116 2 4 1
-59.51405078386029 53.27683417607102 -1.01587 3.44388 -0.0992271233028248 2.401664445342156 -10.1207 16.9594 0.792132 0.490978 1754483208.548116 2 4 1
-78.60904923508483 16.969720194234377 4.52856 4.49155 -0.07713344186864113 2.9259962592262925 7.16478 13.4111 0.477654 0.397318 1754483208.548116 2 4 1
-76.076483469821 26.069394359309733 7.04976 4.43113 -0.007330284050571123 2.8068077246075993 9.51112 14.7987 0.654778 0.263366 1754483208.548116 2 4 1
-80.46263865851633 17.73735197864776 7.16452 4.52163 -0.043420770419603905 2.9216329360963065 13.659 13.758 0.528883 0.342512 1754483208.548116 2 4 2
-79.91587280667729 21.883147633523834 4.4236 4.63312 0.116933792172774 2.8706518686455524 11.9811 11.1181 0.560681 0.2358 1754483208.548116 2 4 1
-80.07767992371134 -23.148460297569404 3.46159 4.50966 0.1074648574753958 3.4270628341813443 -14.3063 13.0378 0.744781 0.342714 1754483208.548116 2 4 1
-80.26521381482208 -23.10850512769742 3.43977 4.39108 -0.012757926631925542 3.425945823460068 -13.4566 14.3224 0.698372 0.360051 1754483208.548116 2 4 1
-80.4161542949318 -22.877301178307103 3.33918 4.4119 0.003395062787869385 3.422751870928918 -7.31329 20.4988 0.884272 0.417356 1754483208.548116 2 4 1
-76.95334507473918 -21.78249077289352 23.8813 4.46885 0.05867291082951542 3.4215999536226023 5.58436 16.8271 0.752039 0.310807 1754483208.548116 2 4 2
-80.60398401635321 -23.43461702626882 3.08042 4.17941 -0.22054317501238252 3.428581270630579 -15.7806 11.2122 0.565028 0.300445 1754483208.548116 2 4 1
-80.59001891604579 -23.011466428759995 3.36004 4.31009 -0.09699155415183736 3.423729255310035 -10.8018 16.6713 0.846822 0.418179 1754483208.548116 2 4 1
-77.20554781627668 -21.77092850276085 23.8025 4.37827 -0.03339693789617115 3.4205702093639254 2.35459 13.1965 0.601883 0.338644 1754483208.548116 2 4 1
-75.44504961537724 28.68506394468543 22.4039 4.42587 0.035677404769916876 2.773157776629149 8.97102 11.7531 0.55419 0.301447 1754483208.548116 2 4 1
-74.33488461389824 -39.100761991784765 6.85408 3.9402 -0.06893657838758127 3.632488087141077 -12.7005 10.83 0.728713 0.209606 1754483208.548116 2 4 1
-81.33523121729493 -22.51830650144907 1.20457 4.41549 -0.003382240110323842 3.415543661118182 -15.2565 10.4185 0.550088 0.462543 1754483208.548116 2 4 2
-81.48501630531293 -22.355910356859557 0.988123 4.45652 0.03430869693842986 3.4131874666279898 -14.3672 11.2974 0.433631 0.244771 1754483208.548116 2 4 1
-83.22772068696607 14.208611682025207 4.76884 4.60017 -0.0004358328206581774 2.9702578090568683 -4.73044 9.97162 0.614525 0.484965 1754483208.548116 2 4 1
-78.86240248592063 30.808786436345716 4.1536 4.33989 -0.036565925084747875 2.764169330981378 -5.98335 13.5669 0.64239 0.291149 1754483208.548116 2 4 2
-78.92414127957407 30.751567351191195 3.71221 4.38769 0.009804057536873856 2.765094355484935 -2.17244 15.4101 0.669823 0.450944 1754483208.548116 2 4 1
-83.85072683538078 13.154194627088328 3.98958 4.62049 0.011836547860302638 2.9839411903925037 -2.47451 9.88931 0.453638 0.592707 1754483208.548116 2 4 1
-83.73536228410804 14.281264366537659 3.29575 4.66294 0.06222609217177677 2.9704323419820677 -3.7665 10.198 0.714497 0.361523 1754483208.548116 2 4 1
-79.02295217407018 31.27387014662964 3.82487 4.25003 -0.11952067784276466 2.759736194681312 -6.78726 10.8624 0.55049 0.346101 1754483208.548116 2 4 1
-84.1010589250412 13.440127331417914 3.79823 4.49315 -0.11387145286901657 2.9810439438341936 -2.56284 11.1446 0.482276 0.520371 1754483208.548116 2 4 2
-78.75489550403492 32.3887099168884 6.94588 4.41088 0.0629002512738186 2.746227346270876 -6.21732 9.75114 0.466254 0.392151 1754483208.548116 2 4 1
-79.3960040875614 33.778355200461455 3.86541 4.3361 0.008195017515514103 2.7340798546769958 -11.2345 11.0329 0.559058 0.408383 1754483208.548116 2 4 1
-82.62949203229466 11.935406895965492 24.9541 4.62743 0.012285379051725442 2.996228308326544 16.5057 10.8741 0.602532 0.508116 1754483208.548116 2 4 1
-82.8487319339696 11.814766153223806 25.074 4.53828 -0.07777307710957437 2.998060904041138 15.6524 10.0921 0.624406 0.452586 1754483208.548116 2 4 1
-82.95237660957872 11.500950926481021 25.0853 4.58203 -0.035925823469395546 3.0020053481506452 12.6333 10.8477 0.630979 0.461048 1754483208.548116 2 4 1
-86.90564585240483 13.80688618875656 4.10765 4.56166 -0.04592619845286716 2.9820387815078306 -3.54458 11.1446 0.652448 0.287443 1754483208.548116 2 4 1
-32.38356684984466 -81.97880393683695 4.64142 1.39395 -0.09427738784947026 4.3485792259418306 -17.7688 12.2676 0.620197 0.539046 1754483208.548116 2 4 1
-32.650633300875434 -81.92060446171887 4.3518 1.42701 -0.0747940008894441 4.3454899931658 -19.7974 10.1098 0.647703 0.359571 1754483208.548116 2 4 1
-32.71745716299215 -82.02957363608128 4.51358 1.32582 -0.17713390436802645 4.345228193778001 -17.0356 14.3842 0.612993 0.489667 1754483208.548116 2 4 1
-32.579575018731575 -82.13886059782523 4.4344 1.34811 -0.1464855985934248 4.347130602662675 -17.1307 13.7668 0.694152 0.28007 1754483208.548116 2 4 2
-27.778333421699696 -86.08476817479445 14.2859 0.805805 -0.39814626467955205 4.412580449612463 -15.3931 10.4949 0.700251 0.467778 1754483208.548116 2 4 2
-27.633424547547996 -86.07382624303602 14.6496 0.855587 -0.34163354776641486 4.414081432769177 -12.9495 12.9966 0.681675 0.464285 1754483208.548116 2 4 1
-27.566472683497548 -86.86911858522562 12.2853 0.964195 -0.21830251536083456 4.417362651762927 -16.0007 11.0329 0.596689 0.381603 1754483208.548116 2 4 2
-29.25169640840572 -87.40810680588322 4.2469 1.20768 -0.045806037106003616 4.401515062154818 -21.4331 10.4831 0.684889 0.489452 1754483208.548116 2 4 1
-29.282276030469983 -87.59791198931907 4.14763 1.06556 -0.18652177533148606 4.4018292214201775 -17.1293 12.976 0.690755 0.451771 1754483208.548116 2 4 2
-29.29696039635834 -87.59617449414536 4.41243 1.11536 -0.13742392167434714 4.401672141787498 -16.2373 14.4048 0.701475 0.434655 1754483208.548116 2 4 1
-30.82848310502743 -87.30323918077436 5.02607 1.22276 -0.10489380651643088 4.384882074383312 -17.0993 13.9491 0.731136 0.39125 1754483208.548116 2 4 1
-30.876135632832685 -87.36199016678638 4.15687 1.27299 -0.05590593787297604 4.384602821702994 -11.5401 17.9883 0.670391 0.351509 1754483208.548116 2 4 1
-30.70100102932399 -87.47652590024268 3.27463 1.31736 -0.001751355900659668 4.386801936560507 -14.4808 14.9045 0.648965 0.365052 1754483208.548116 2 4 1
-53.7386972910724 -75.30712980997521 6.14701 2.41363 -0.09892175218125043 4.103011400186229 -18.8932 10.2568 0.813199 0.445434 1754483208.548116 2 4 1
-29.378981549576594 -87.77949802874386 4.35782 1.03328 -0.22059608787162932 4.401427795692219 -21.525 10.2568 0.667227 0.310406 1754483208.548116 2 4 1
-31.339507765659548 -87.31415113466163 4.99366 1.15852 -0.19225140587367284 4.379680993212369 -11.0074 20.002 0.71133 0.375094 1754483208.548116 2 4 2
-30.934154091960348 -87.54513857984631 3.96898 1.19701 -0.13173067711869124 4.384637728288033 -3.92647 26.1255 0.649453 0.362382 1754483208.548116 2 4 1
-30.915691271315854 -87.62390809323972 3.42746 1.2279 -0.0987444985503867 4.3851089671860715 -4.41567 25.8727 0.642773 0.382209 1754483208.548116 2 4 2
-30.99889466528034 -87.64522766132751 3.61824 1.27439 -0.05574796559948347 4.3843235690226745 -9.77866 20.9016 0.593625 0.364547 1754483208.548116 2 4 1
-32.31912844450475 -87.26907547371215 3.54588 1.32304 -0.0726973306655192 4.369540630258283 -15.0962 15.1132 0.597956 0.348371 1754483208.548116 2 4 1
-30.972880573546078 -87.63317190506673 4.64195 1.0828 -0.2463288259683154 4.384550461825433 -16.9115 16.001 0.662058 0.348837 1754483208.548116 2 4 1
-30.978064457181436 -87.67412154248574 3.83251 1.14359 -0.18515067711869104 4.384637728288033 -7.78288 23.4121 0.636496 0.338114 1754483208.548116 2 4 1
-31.185862345753087 -87.65157576406179 3.70859 1.18258 -0.15593893479198062 4.38243861343052 -6.18565 24.6439 0.634563 0.35952 1754483208.548116 2 4 1
-31.872876565583738 -87.50044605953725 3.83545 1.22264 -0.14927755424279754 4.3749162443544245 -8.4009 21.7571 0.60598 0.328827 1754483208.548116 2 4 2
-31.850856524079468 -86.78328382767704 12.097 1.24774 -0.13462296144366515 4.372560049864233 -3.53772 20.9163 0.663957 0.31945 1754483208.548116 2 4 2
-31.34160894946286 -87.6985145821684 6.11343 1.308 -0.03680154229850552 4.381024896736405 -18.682 13.417 0.694769 0.479641 1754483208.548116 2 4 2
-32.28008524660673 -87.5955269264051 3.97243 1.15149 -0.23729114661566908 4.3711114265850775 -17.1516 14.246 0.625086 0.267176 1754483208.548116 2 4 1
-32.073476101275325 -87.65955974739313 5.18481 1.18378 -0.19471518384211706 4.37343271449023 -15.0132 17.3886 0.654898 0.362457 1754483208.548116 2 4 1
-30.94133268144473 -88.05514894545938 6.06706 1.22169 -0.09951859068838909 4.386330697662467 -22.5404 10.7977 0.694804 0.478107 1754483208.548116 2 4 1
-33.230510069847625 -86.81455708270276 12.6677 1.44585 0.0018247694548714222 4.358614869140798 -11.4537 12.3793 0.499045 0.310425 1754483208.548116 2 4 1
-30.907697979379126 -88.72403470091459 4.99275 1.20186 -0.1076158562346432 4.388966144832979 -22.61 10.1068 0.621947 0.500899 1754483208.548116 2 4 2
-31.571179673348656 -88.49482888865977 5.18723 1.27292 -0.06994275207826939 4.381461229049403 -18.6114 14.2401 0.596381 0.551297 1754483208.548116 2 4 2
-32.92257680345918 -88.21068070768948 5.99965 1.25492 -0.15271213703636866 4.366852823210211 -20.8877 12.3322 0.568794 0.291232 1754483208.548116 2 4 1
-31.934842149143755 -88.73461137084892 5.07542 1.26961 -0.0858115570351603 4.378633795661172 -17.3109 15.6453 0.69667 0.514003 1754483208.548116 2 4 1
-31.881691093101317 -87.4165671610162 16.0917 1.27961 -0.0940876820034402 4.374514818626466 -11.6345 12.6821 0.743308 0.390336 1754483208.548116 2 4 2
-46.22932832654358 -85.82702015870107 6.76012 2.04436 0.04201666846424734 4.228954359010139 -18.7486 13.1671 0.642821 0.464106 1754483208.548116 2 4 1
-46.655136452514526 -85.68713708664335 5.97168 2.08926 0.06785944591615545 4.224399049662434 -17.463 13.8815 0.623381 0.4048 1754483208.548116 2 4 1
-46.51886864694315 -85.93670276835594 6.56364 1.95745 -0.05373347938016315 4.226842510615226 -10.5272 22.7478 0.645009 0.448969 1754483208.548116 2 4 2
-48.8304537098181 -84.95298970498864 5.44314 2.14896 0.030963562988962856 4.20115126402587 -18.698 10.7595 0.609496 0.24623 1754483208.548116 2 4 1
-32.76164620650244 -92.50959974238584 3.4161 1.27117 -0.06354704562336622 4.383293824763998 -16.507 16.2127 0.595248 0.586388 1754483208.548116 2 4 1
-32.54627610038493 -92.588513987939 3.04215 1.3173 -0.006937411734351473 4.38565001925419 -18.4094 14.4195 0.587769 0.417522 1754483208.548116 2 4 2
-46.73324314449954 -86.00769127188813 6.31869 1.89515 -0.12274891355182915 4.225236807703391 -13.0245 21.2485 0.630342 0.3971 1754483208.548116 2 4 1
-48.517995414388565 -84.8308223517311 10.2526 2.04538 -0.06359937169986418 4.203332925590862 -3.43473 17.7384 0.533661 0.263814 1754483208.548116 2 4 2
-32.735077258960516 -92.67314147840105 3.63412 1.19897 -0.13217703675469572 4.384096676219915 -17.049 15.3073 0.620672 0.503022 1754483208.548116 2 4 1
-32.6903776281668 -92.72675789684942 3.14585 1.23241 -0.09602015075321657 4.384707541458113 -18.6228 13.4993 0.607127 0.271288 1754483208.548116 2 4 1
-48.496332249538774 -85.4218993656348 6.89757 1.94104 -0.1549371739733778 4.206474518244453 -10.5227 20.1402 0.514001 0.232019 1754483208.548116 2 4 1
-48.36881905036786 -85.09020853713672 10.1834 1.9795 -0.11857337378625687 4.205968372761373 -8.23295 14.8516 0.439404 0.266333 1754483208.548116 2 4 1
-47.81515434003346 91.6463485066643 -1.06596 2.15278 -0.10665465608681757 2.0416728338258054 -20.1783 10.7418 0.575546 0.280638 1754483208.548116 2 4 2
-40.279690549178476 -102.02124905307582 3.18371 1.39385 -0.10435030381080668 4.346310297914238 -19.9021 9.99808 0.701118 0.527208 1754483208.548116 2 4 1
-79.94732191183034 -78.83733771241286 13.5412 3.05301 -0.10275704137003805 3.927431277435599 -16.2785 15.1485 0.756751 0.486719 1754483208.548116 2 4 1
-79.7819292829777 -78.96698151455287 14.0332 3.09931 -0.050093623901450446 3.929298779735233 -21.1295 10.295 0.694165 0.419054 1754483208.548116 2 4 1
-79.98854371268115 -79.05294206174392 13.4188 2.92105 -0.2309716872601295 3.9285308348643553 -20.7635 11.1093 0.675194 0.313624 1754483208.548116 2 4 1
-79.96792018409043 -78.96513912773884 14.0004 2.98658 -0.16686893842686246 3.9281119558438764 -16.6925 15.4101 0.759709 0.541119 1754483208.548116 2 4 1
-79.56778895418263 -79.41196817412452 14.4552 3.01261 -0.12254037542094043 3.933470116647499 -18.5023 13.5552 0.629873 0.388848 1754483208.548116 2 4 2
-78.54866968969174 -79.36131808093475 19.0156 3.05595 -0.05780843374535127 3.9397009420771187 -14.0854 11.4297 0.449019 0.2392 1754483208.548116 2 4 2
-39.37097248941786 -109.08945225513763 26.9 1.238 -0.1311308236012072 4.375544562885143 -8.47613 10.3361 0.63228 0.235822 1754483208.548116 2 4 1
-51.53977045718661 -108.86145809755605 16.8065 1.72418 -0.06595392752096285 4.2790453085423765 -19.5073 11.5267 0.645101 0.215586 1754483208.548116 2 4 1
-50.43019241578595 -109.62681966332688 16.6016 1.64277 -0.09993625483176305 4.290093242707501 -16.7145 13.858 0.687851 0.219012 1754483208.548116 2 4 2
-79.77282172837016 -92.2440841864488 42.1715 2.87851 0.002319210635310487 4.006721585353701 -0.53303 8.41061 0.441201 0.303734 1754483208.548116 2 4 1
-98.91905791255847 89.6439065745077 9.40258 3.44885 -0.08765271883103853 2.399465330484643 -14.9331 8.88097 0.516585 0.474071 1754483208.548116 2 4 2
-98.77474299683229 89.83694607962774 9.33495 3.49877 -0.03232117390810396 2.397667641355089 -7.16797 16.6801 0.72555 0.612109 1754483208.548116 2 4 1
-98.76914181850802 89.85839266346738 9.29657 3.53222 0.0016022219031062157 2.397510561722409 -10.0425 13.6904 0.708768 0.626115 1754483208.548116 2 4 2
-98.91786099913577 89.92108319751956 9.31385 3.42003 -0.11184997330728219 2.397929440742888 -8.52155 15.3896 0.710478 0.628142 1754483208.548116 2 4 1
-99.08293985269955 89.7533371107034 9.36118 3.45661 -0.08057491744775325 2.3996922232874023 -11.29 12.4292 0.64231 0.614058 1754483208.548116 2 4 1
-52.20763493464731 -133.12613633449627 14.445 1.4842 -0.014076988722021788 4.346292844621718 -9.06849 13.2788 0.589393 0.500887 1754483208.548116 2 4 2
-51.963438306864674 -133.29841654588816 14.021 1.51237 0.02306823679317338 4.3483348798465515 -7.62914 14.5664 0.574952 0.526936 1754483208.548116 2 4 1
-51.93518957938222 -134.26463879417116 2.382 1.43951 -0.0385063993962842 4.350900513846983 -13.8748 12.4351 0.549715 0.340282 1754483208.548116 2 4 1
-134.4644806742055 -64.15763442459732 8.9203 4.11687 0.012497220108402374 3.590251119242814 -19.5127 10.2156 0.786077 0.388281 1754483208.548116 2 4 1
-134.92539655532357 -64.46670274149007 4.93924 4.1039 0.0007012471229828066 3.5907921713109325 -19.373 8.94565 0.667431 0.269976 1754483208.548116 2 4 1
-54.136232123196045 -170.89041089958104 -1.78358 1.07442 -0.1328956069178755 4.411829958034105 -18.6472 9.73938 0.669051 0.382752 1754483208.548116 2 4 1
-55.08054874771865 -170.59957677179756 -0.930055 1.11916 -0.11285862676801006 4.406314717597803 -19.4985 8.09018 0.615111 0.385304 1754483208.548116 2 4 2
-7.027480623578654 9.124555259481113 0.106928 2.88359 0.11700038325912931 2.201898471181212 -10.0 10.2215 0.890055 0.731866 1754483208.548116 2 3 1
-7.001316823269264 9.137882039914615 0.0968741 2.93794 0.18130461062019831 2.1990884910855013 -9.92968 10.2803 0.846123 0.673967 1754483208.548116 2 3 1
-6.473701900143063 9.876315788573606 0.147224 2.49506 0.03492918188017313 2.117948134160285 -7.93518 10.539 0.763854 0.604591 1754483208.548116 2 3 1
-6.806172539836852 9.702864110513554 0.076173 2.64266 0.052039627033852565 2.153081612002931 3.6159 21.8864 0.424101 0.577406 1754483208.548116 2 3 1
-7.185272203470294 9.380942012823716 0.0629762 2.74093 -0.017685605034675866 2.1996469964461394 12.8514 31.8757 0.920526 0.728156 1754483208.548116 2 3 1
-7.14628441047998 9.379059520732243 0.0472244 2.78885 0.0403920825108095 2.1967846564728686 11.9998 31.1848 0.92617 0.739258 1754483208.548116 2 3 1
-7.23102696263792 9.356102461213753 0.0603136 2.84667 0.07082591394365734 2.2045164650592035 1.38569 20.6341 0.874358 0.66029 1754483208.548116 2 3 1
-7.499513485740609 9.150114307104436 0.0879758 2.95291 0.0658323454838663 2.23642108378566 -1.92875 17.3416 0.773732 0.576168 1754483208.548116 2 3 1
-6.480434488836351 10.174945555515484 0.155154 2.36873 -0.03948398886740545 2.1041949396545694 2.58976 20.7399 0.866409 0.789975 1754483208.548116 2 3 1
-6.48917738687653 10.083008917590641 0.181862 2.47832 0.05107799506663957 2.109221487900313 9.57927 27.5101 0.706874 0.738573 1754483208.548116 2 3 2
-6.533894214632972 9.827557744822204 2.94859 2.50119 0.013903641389431343 2.1251912505560613 24.238 32.9163 0.816913 0.364144 1754483208.548116 2 3 1
-7.349616153937487 9.589805730580885 0.000997633 2.5924 -0.169493444089873 2.200572020949696 19.5015 37.2877 0.528492 0.404238 1754483208.548116 2 3 1
-7.269240338277665 9.53027533043615 0.0127236 2.69481 -0.05724284833496052 2.1977969474390253 16.6849 34.9359 0.856717 0.664005 1754483208.548116 2 3 2
-7.370565735111911 9.519843884678702 0.138544 2.75608 -0.024815156933894578 2.2059476350458387 9.57196 28.251 0.896544 0.664846 1754483208.548116 2 3 2
-7.468351434663009 9.459288919845232 0.204496 2.85132 0.03327347045062723 2.2165243303129243 6.44833 25.0849 0.78769 0.516608 1754483208.548116 2 3 2
-7.861593282904593 9.24725299613456 0.0356362 2.90629 -0.05103683467123954 2.257015968959193 0.744164 20.1108 0.624209 0.64592 1754483208.548116 2 3 1
-7.785206894058757 9.297967789927823 -0.348598 2.99732 0.06836000314459723 2.2486558418421403 -0.071662 18.5263 0.813848 0.489906 1754483208.548116 2 3 1
-8.084120500497402 9.06389301781459 0.159003 3.08587 0.04025104979495886 2.283440253834387 -5.23781 13.9109 0.713069 0.517484 1754483208.548116 2 3 1
-8.327489473539886 8.943297197071084 0.0711649 3.15514 0.03134497531422298 2.3073861711717494 -7.31004 11.1328 0.812455 0.745383 1754483208.548116 2 3 1
-8.392250639009609 8.977689059628222 0.15598 3.19833 0.06727603365424617 2.309637645906822 -7.72433 10.7389 0.771036 0.758597 1754483208.548116 2 3 1
-8.425723332724196 9.403712636597344 0.461343 3.12169 0.06559930926124524 2.2866167530730164 4.35744 23.515 0.89321 0.46181 1754483208.548116 2 3 1
-8.494671460218871 9.359875678758108 0.196694 3.1916 0.11226054885197456 2.2937027898361135 -3.24389 15.2426 0.717559 0.275217 1754483208.548116 2 3 1
-8.754811489296412 9.13332968205678 0.119266 3.28404 0.10727197869669958 2.323931892480655 -8.53929 10.7183 0.720827 0.579093 1754483208.548116 2 3 1
-6.461763342959845 10.36101049181535 0.117014 2.28686 -0.08318249451176518 2.094159296455602 2.28416 21.5601 0.901212 0.804009 1754483208.548116 2 3 2
-6.454437347598509 10.353259469961804 0.153942 2.38709 0.0179132870049874 2.093932403652843 6.48818 25.4935 0.779323 0.710402 1754483208.548116 2 3 1
-6.531429198564066 9.838280251537958 -2.95361 2.42172 -0.06282399812182105 2.124458212270224 29.2778 36.8409 0.935608 0.352703 1754483208.548116 2 3 2
-6.5876671073020185 9.963230321066282 3.07228 2.4658 -0.012536117055264917 2.122800149480829 31.2683 40.3304 0.907305 0.402611 1754483208.548116 2 3 1
-6.534054927157263 9.939036144600362 3.02352 2.55098 0.08422830546867788 2.119710916704799 23.558 32.7488 0.574774 0.377233 1754483208.548116 2 3 1
-7.191346020795468 9.294586580745616 -2.97314 2.65608 -0.12124303724301289 2.204935344079682 17.8242 26.2108 0.878585 0.484935 1754483208.548116 2 3 1
-7.546193242070388 9.671017887861405 0.137564 2.75902 -0.03834375103284948 2.2106251174411837 5.27711 23.3798 0.823756 0.773514 1754483208.548116 2 3 1
-7.802109095837598 9.570939272850723 -0.0726807 2.8163 -0.06398568118066628 2.234448861730906 4.33418 22.004 0.554068 0.761824 1754483208.548116 2 3 2
-7.873494257218375 9.486050353704622 -0.337088 2.90174 -0.012094691117030987 2.2442227055420747 3.29219 21.5689 0.755318 0.499916 1754483208.548116 2 3 2
-8.278913742919407 9.18141181835037 -0.0377644 2.99473 -0.07174431172894424 2.2897757990191265 -1.43157 16.7801 0.624392 0.434625 1754483208.548116 2 3 2
-8.392819342940768 9.284005551091981 0.12494 3.05184 -0.01990045039337529 2.2913815019309616 0.850908 19.0613 0.659645 0.673665 1754483208.548116 2 3 1
-8.398389539509784 9.382702077313207 0.396589 3.08865 0.0345132294134074 2.2860233411273385 6.5092 25.0643 0.832489 0.611378 1754483208.548116 2 3 1
-8.53716967282458 9.499039355814933 0.515194 3.06002 -0.002212766648954201 2.2884842553726505 10.3412 28.8242 0.897993 0.416789 1754483208.548116 2 3 2
-8.677976617755238 9.487093936649979 0.115775 3.10348 0.009162839017582858 2.298293005768859 5.00477 23.124 0.720062 0.258292 1754483208.548116 2 3 2
-8.917659525545446 9.365922363109235 0.256641 3.16469 -0.001085411740979314 2.320476140561707 3.90367 21.4984 0.673889 0.566867 1754483208.548116 2 3 1
-9.123551207521913 9.26197415647187 -0.110682 3.20697 -0.018302378860645785 2.3393256964832454 -2.1461 16.3538 0.747787 0.689927 1754483208.548116 2 3 1
-9.15377429203958 9.305984350965455 0.0827241 3.2709 0.0479747165031994 2.338575204904888 -7.37831 11.171 0.85245 0.682763 1754483208.548116 2 3 1
-6.03621122146433 10.987820421777943 0.081718 2.218 0.08075953205194875 2.034224689942117 -0.549207 17.3122 0.458559 0.622889 1754483208.548116 2 3 1
-6.662279927083623 10.000280985115783 -3.06231 2.31129 -0.18225958997517466 2.1268667666379755 22.4911 29.3387 0.782967 0.358997 1754483208.548116 2 3 1
-6.706769020190955 10.120729036375266 3.20797 2.36033 -0.12440992530619877 2.1245105721477833 25.4378 32.8311 0.887692 0.32729 1754483208.548116 2 3 1
-6.722309447019851 10.660024493153896 0.399911 2.36907 -0.026424811606826193 2.10084390749074 9.71892 26.3489 0.695577 0.263992 1754483208.548116 2 3 1
-6.402660059699521 10.89628426164148 0.524801 2.44357 0.18044615815755494 2.0663736547638525 0.955056 18.9114 0.703585 0.549737 1754483208.548116 2 3 1
-7.148023873841771 10.42770605948353 -0.266569 2.56929 0.015043441135195401 2.143203048436643 0.500888 16.542 0.490516 0.362771 1754483208.548116 2 3 1
-7.849867884410811 9.974683258875775 -0.237082 2.64626 -0.17013794952549421 2.216053091414886 0.717102 17.3151 0.445178 0.713281 1754483208.548116 2 3 1
-8.507953415337143 9.506984929997182 0.314558 2.95629 -0.09819165819365283 2.2861280608824583 2.87775 21.0339 0.811301 0.507797 1754483208.548116 2 3 2
-8.499773552901537 9.509797681223306 0.514644 3.01777 -0.03441177495764913 2.2854299291816607 10.6231 29.662 0.889289 0.552824 1754483208.548116 2 3 1
-8.72326042693153 9.65264644124912 0.539209 2.9589 -0.11427009843460922 2.2918178342439597 4.00438 21.0809 0.836808 0.423184 1754483208.548116 2 3 1
-8.827563134131745 9.631166077864206 -0.0517154 3.02831 -0.07037994560074656 2.2996369092928943 3.28739 19.9021 0.652759 0.330191 1754483208.548116 2 3 1
-9.260675680762674 9.443488268929544 -0.0182899 3.12808 -0.08998157657534511 2.3370218618706127 3.43469 21.322 0.56393 0.625854 1754483208.548116 2 3 2
-9.216622445381505 9.609736259863029 0.0740036 3.16619 -0.013458684572054569 2.324839463691693 2.8495 20.8634 0.799773 0.531111 1754483208.548116 2 3 1
-9.303426096102042 9.598073332192518 0.381647 3.21564 0.017385993215357942 2.3307212232709134 -0.91763 16.7713 0.842165 0.622552 1754483208.548116 2 3 1
-9.416574216453675 9.537225763114073 0.32516 3.28251 0.052276504111429034 2.3409139461025603 -6.61369 10.392 0.812292 0.72105 1754483208.548116 2 3 1
-3.6011362753352403 12.323265782428361 -2.41135 0.674985 -0.4748785302778049 1.797208977521287 -2.32381 10.586 0.606041 0.327952 1754483208.548116 2 3 1
-6.122241258851328 11.292814349674364 0.248091 2.11917 0.002022051177066775 2.0291457818188134 2.42233 14.7899 0.84837 0.598502 1754483208.548116 2 3 1
-6.085995347193094 11.313560471410785 0.300264 2.20126 0.09823012130300635 2.025585310144745 3.1039 15.66 0.876311 0.790765 1754483208.548116 2 3 1
-6.539921583049251 11.20553621121578 0.380262 2.22625 -0.02820037599457592 2.0641396333212993 6.0511 19.9609 0.808322 0.727079 1754483208.548116 2 3 1
-6.671539259500022 11.226355755384338 0.635808 2.25416 -0.03484884555745982 2.0730582657989904 3.40304 18.3705 0.841002 0.567565 1754483208.548116 2 3 2
-6.98354110077516 11.079840335271205 0.670203 2.33992 -0.05975126379317608 2.1019434649194966 1.07539 15.1485 0.705087 0.722551 1754483208.548116 2 3 2
-6.981921236911925 11.089828767826624 0.650309 2.43312 0.03550345360096241 2.1014024128513786 1.21296 15.3102 0.803848 0.658031 1754483208.548116 2 3 1
-7.261558956602855 10.56899625674397 3.07296 2.50499 -0.055250382919941554 2.1448262046409976 7.44082 13.4023 0.641877 0.280398 1754483208.548116 2 3 2
-7.345927931559842 10.065898316669308 -3.3904 2.77667 0.10485464643163445 2.175386919843418 11.1974 13.9579 0.4383 0.396312 1754483208.548116 2 3 1
-8.673708373623823 9.687099213595063 0.639853 2.89092 -0.1655153884843612 2.286721472828136 4.21104 20.7281 0.829827 0.418137 1754483208.548116 2 3 1
-8.271955650762886 9.807677877862448 -3.4017 2.8695 -0.07683617546057553 2.2537696565504834 7.60024 11.3915 0.54898 0.307675 1754483208.548116 2 3 1
-8.440697774467731 9.922404640332312 3.46569 2.95016 -0.012945083176097327 2.2587263916261473 10.8682 17.6385 0.851624 0.509638 1754483208.548116 2 3 1
-8.720725325577586 10.208405141635229 0.0727424 3.03854 0.06584336475883479 2.2615712783068984 1.03023 18.1147 0.436815 0.41846 1754483208.548116 2 3 1
-9.401063219402621 9.781931357223613 0.228713 3.13686 -0.047049470972515106 2.3261833672157284 1.89138 18.4322 0.772463 0.709858 1754483208.548116 2 3 2
-9.585342762481401 9.805528958081684 0.278654 3.15308 -0.06065784808805885 2.335643051761538 0.0489156 16.2539 0.591094 0.722433 1754483208.548116 2 3 1
-3.7045436414462625 12.519983829243605 -2.42195 0.582045 -0.5881913892635257 1.8019039132091514 1.48941 13.1377 0.523661 0.336684 1754483208.548116 2 3 2
-7.487034901571342 10.617571224371902 3.65985 2.64953 0.03852035793514208 2.158649212316792 10.1083 11.9589 0.736001 0.366317 1754483208.548116 2 3 1
-9.507153165705025 10.105605054396925 0.0532432 3.02577 -0.12165637736151913 2.3147340073226457 -1.83253 12.832 0.421811 0.495723 1754483208.548116 2 3 1
-9.164312585187474 10.573697044305248 0.37189 3.03896 0.037575048232112884 2.27012339164167 2.51228 17.2769 0.733737 0.619786 1754483208.548116 2 3 1
-9.125954744983416 10.586128606077253 0.39521 3.11235 0.12077641880343659 2.2671912384983197 0.576532 15.1779 0.809217 0.604558 1754483208.548116 2 3 2
-9.499458532576552 10.57973968213314 0.996203 3.12213 0.056285864720576395 2.289583812801407 -1.31104 12.1323 0.686021 0.244409 1754483208.548116 2 3 1
-9.623016911847737 10.580403381492758 0.677966 3.18191 0.09293861836562689 2.296652396271984 7.98532 20.7017 0.903842 0.789872 1754483208.548116 2 3 1
-9.625984955747223 10.582124087100079 0.650432 3.21662 0.12736405891068303 2.2967396627345837 8.72408 20.8634 0.909548 0.794626 1754483208.548116 2 3 1
-4.266671180420799 12.686809218209135 3.43306 0.815722 -0.5324685909173644 1.8431809500188174 3.14924 11.3621 0.818984 0.387626 1754483208.548116 2 3 2
-6.86960865535396 12.66050528923193 0.966103 2.21166 0.07510908487747425 2.0340501570169174 5.66695 12.2529 0.856812 0.535305 1754483208.548116 2 3 1
-9.286420872065076 10.788945364255246 0.652008 2.91412 -0.07564033635474887 2.2666501864302018 0.617538 15.9922 0.815674 0.506775 1754483208.548116 2 3 1
-9.200811115475995 10.85584528809752 0.66729 3.02889 0.06719919721804368 2.258307512605669 -3.54202 11.2798 0.690721 0.620949 1754483208.548116 2 3 1
-9.716139559834208 10.749150217987346 0.721865 3.03883 -0.03971033699275894 2.2934584437408345 8.23365 22.0599 0.880193 0.795136 1754483208.548116 2 3 2
-9.776804407051582 10.76297394839458 0.672556 3.07479 -0.012701293312917361 2.2961986106664654 22.7587 36.2794 0.918604 0.79314 1754483208.548116 2 3 1
-9.78392471860302 10.761523757253013 0.662143 3.10214 0.013111704592659201 2.296669849564504 23.8596 37.3583 0.904479 0.79054 1754483208.548116 2 3 1
-9.796980263900698 10.757915108172833 0.647232 3.14771 0.05572348546359551 2.297577420775541 13.089 26.6253 0.852966 0.781573 1754483208.548116 2 3 1
-8.05547 11.5812 2.47214 1.11752 -1.4890862622573702 2.1574449351329164 3.86215 10.4038 0.502476 0.346822 1754483208.548116 1 3 1
-6.903791218812235 12.650244487802818 0.922415 2.16366 0.016634917930816062 2.0367030574799485 7.68037 13.9667 0.929842 0.618458 1754483208.548116 2 3 1
-9.82901947568164 10.86113655136226 0.714368 2.96711 -0.11405530732883351 2.294261295196752 7.82817 22.3039 0.880931 0.792127 1754483208.548116 2 3 1
-9.85144092842041 10.850993532845704 0.677328 3.02033 -0.06653491068986117 2.2960066244487463 23.4599 37.9051 0.913214 0.79371 1754483208.548116 2 3 2
-9.858858009546726 10.84714547481061 0.667094 3.04778 -0.04107755126559276 2.2966174896869442 24.6802 39.3779 0.896019 0.785897 1754483208.548116 2 3 1
-9.874177421742054 10.845852594359595 0.650371 3.09151 -0.0003059172525046172 2.297525060897981 14.1793 29.2417 0.838632 0.775008 1754483208.548116 2 3 2
-9.884257737135806 10.873022395415008 0.709417 3.16126 0.07200405891068318 2.2967396627345837 -3.08132 11.8031 0.726362 0.642375 1754483208.548116 2 3 2
-8.63911 12.0456 0.277629 1.14069 -1.5252611601543846 2.173763763639063 1.82274 15.3073 0.637804 0.317602 1754483208.548116 1 3 1
-8.60153 12.0622 0.221897 1.18882 -1.4665199846727155 2.170831610495713 2.30598 15.369 0.511281 0.354785 1754483208.548116 1 3 1
-5.770838680391708 13.479204506542603 -0.0661789 1.67937 -0.05362267997744019 1.934426763313081 0.789074 12.4822 0.913304 0.784672 1754483208.548116 2 3 2
-5.773317666475122 13.515120957991748 -0.154283 1.71814 -0.01166985086143213 1.9336588184422034 4.48163 14.3224 0.887661 0.712784 1754483208.548116 2 3 1
-7.000859614269982 12.83391854172546 0.91332 2.06161 -0.08665444472595674 2.0370172167453076 8.80265 13.1407 0.950272 0.593459 1754483208.548116 2 3 1
-9.998415483863065 11.02251674486564 0.685602 2.90926 -0.17669360559136305 2.2957273717684274 11.2109 25.9991 0.888654 0.774972 1754483208.548116 2 3 1
-10.001809653621782 11.017640590414818 0.670048 2.9412 -0.14612047297352104 2.296146250788906 12.4906 27.6836 0.867491 0.782854 1754483208.548116 2 3 1
-10.028206154081557 11.022524991696981 0.636213 2.9818 -0.10944719842377015 2.2973505279727817 2.75541 17.9854 0.81507 0.750097 1754483208.548116 2 3 1
-8.72811 12.1905 0.297713 1.06707 -1.5962936388446078 2.1730481786457454 4.44595 17.9148 0.624454 0.31876 1754483208.548116 1 3 2
-8.69448 12.2156 0.276337 1.09996 -1.552470558691246 2.1700287590397953 5.07011 17.953 0.508137 0.287303 1754483208.548116 1 3 1
-9.02788 12.0094 0.0332274 1.28864 -1.4647137660313985 2.1981634665819443 -2.73491 11.0093 0.553622 0.46939 1754483208.548116 1 3 1
-5.874924842651859 13.729026000944712 -0.116824 1.54113 -0.1943214389421375 1.935020175258759 -0.596619 13.7786 0.830604 0.553922 1754483208.548116 2 3 1
-5.832438890331281 13.729728992347214 -0.176769 1.61578 -0.10773352874347464 1.9321403819929683 2.56758 15.9952 0.889302 0.624626 1754483208.548116 2 3 1
-5.934955005255142 13.763544789063282 -0.109423 1.6655 -0.08303040743147805 1.9381792212048687 1.72396 14.5782 0.792106 0.648965 1754483208.548116 2 3 2
-5.647562519207565 13.998930065752866 -0.347278 1.69114 0.04735415157776668 1.9129941200985907 2.5677 12.8996 0.682579 0.385076 1754483208.548116 2 3 1
-6.254915422692153 14.100773183230865 0.538991 1.80981 0.010073223644789353 1.9505885121865485 -0.523131 10.8477 0.591648 0.518238 1754483208.548116 2 3 2
-10.301811184286256 11.274531427917726 0.789862 2.75784 -0.3420415522676441 2.3000034284358133 -3.94988 10.6595 0.697565 0.524574 1754483208.548116 2 3 1
-8.86961 12.3826 0.327536 0.942309 -1.7225694510565668 2.1734670576662243 -3.45515 10.245 0.569641 0.276022 1754483208.548116 1 3 1
-5.638117611945343 14.222758573988987 -0.007911 1.54873 -0.07029479142734862 1.9070774539343298 -2.76874 11.6502 0.647641 0.474466 1754483208.548116 2 3 1
-5.570236232231359 14.394379866715347 0.050626 1.5579 -0.02582143361447531 1.8986649669397173 5.90028 19.2789 0.766043 0.781858 1754483208.548116 2 3 2
-5.640007809214894 14.39296762854393 0.10172 1.60121 -0.0020082186837608873 1.9033075427500221 6.27124 18.5704 0.504578 0.630984 1754483208.548116 2 3 1
-7.956235521737914 13.819172876080522 0.541899 1.96001 -0.29694870776300286 2.064785405144537 -0.717757 10.5272 0.565293 0.209414 1754483208.548116 2 3 2
-5.557502122048245 14.650984581498166 0.0847337 1.44354 -0.11293163623955738 1.8921897954148181 2.46574 17.3945 0.805471 0.781489 1754483208.548116 2 3 1
-5.33147399153218 15.430985510007625 -0.0134651 1.39259 -0.035970679150713725 1.8619955993553161 -0.195026 12.2793 0.628993 0.685488 1754483208.548116 2 3 1
-5.307241746643759 15.468415203791832 0.0570358 1.43509 0.01597205318801942 1.8597790312052835 1.8667 12.2088 0.693026 0.56631 1754483208.548116 2 3 1
-6.081667679522148 15.116937294828574 0.0137415 1.56072 -0.09232734414030341 1.9152106882486233 0.253217 10.5507 0.508081 0.548141 1754483208.548116 2 3 1
-7.216748678129332 14.517086557123951 2.23625 2.04556 0.046304019655700746 1.999614810875069 0.16869 10.8477 0.590911 0.250828 1754483208.548116 2 3 1
-7.221791322517802 14.68981758675141 2.28566 2.03439 0.052914430102372956 1.9951991278675236 2.96374 13.9138 0.788884 0.65696 1754483208.548116 2 3 1
-6.62916 14.0709 3.97374 0.737121 -1.178595474987842 1.9789501125314564 10.6997 15.1632 0.518488 0.313717 1754483208.548116 1 3 2
-7.912452438043464 13.782267718936666 0.6 1.29417 -0.9572284352795808 2.063354235157902 20.5881 17.9089 0.593818 0.34311 1754483208.548116 2 3 1
-6.022397163836511 15.534512771265607 0.0848258 1.48709 -0.1130520654417928 1.9025745044641844 1.46076 13.4435 0.446253 0.562212 1754483208.548116 2 3 2
-5.716865120977418 15.76977124931103 0.0261966 1.50931 0.007237060019530173 1.8793092655351 3.04513 15.7482 0.710742 0.535706 1754483208.548116 2 3 1
-7.305559577809055 14.856299088170164 2.2688 1.89509 -0.08842560766666585 1.9957052733506018 4.46571 15.7982 0.713823 0.508223 1754483208.548116 2 3 2
-7.321686326464996 14.912610443883038 2.24743 1.93028 -0.05105485892036321 1.9951642212824838 9.88187 21.5189 0.855023 0.636391 1754483208.548116 2 3 1
-7.245832549380328 14.89858054266823 -2.18069 1.9621 -0.002614060500896187 1.991045244247777 6.46254 17.5415 0.729487 0.486941 1754483208.548116 2 3 2
-7.97112 13.8968 0.6 1.13996 -1.1214706917747892 2.0659373224508535 15.1217 15.3425 0.691966 0.392986 1754483208.548116 1 3 1
-7.99621 13.8892 0.6 1.20083 -1.067235372922571 2.067647745117808 18.121 18.2058 0.686545 0.440082 1754483208.548116 1 3 1
-5.501124897647333 16.120954570769495 0.00712609 1.39871 -0.02033356686151344 1.8597615779127634 7.19283 18.491 0.666448 0.467524 1754483208.548116 2 3 2
-5.628427979392148 16.162443449440428 -0.00873056 1.41414 -0.03417557009411265 1.8666381751656211 7.48434 17.9442 0.712993 0.496688 1754483208.548116 2 3 1
-5.7394562962421745 16.1559197349574 -0.0730449 1.47019 -0.0066627753583623495 1.8733576927857993 1.97534 12.2558 0.637371 0.387161 1754483208.548116 2 3 1
-7.415624064012286 15.030564219118048 -2.12371 1.83537 -0.15545742273966745 1.997520415772676 7.68031 14.9839 0.775029 0.501765 1754483208.548116 2 3 1
-7.362667493039494 15.044193701472231 -2.26109 1.8822 -0.09477162203426204 1.994082117146247 5.6558 13.4435 0.621801 0.555263 1754483208.548116 2 3 1
-5.464616243885993 16.34379391827498 0.0309794 1.31781 -0.07532325357696101 1.8536878321158232 4.52442 18.3764 0.642132 0.506722 1754483208.548116 2 3 1
-5.486966353346199 16.43254798477534 0.0547865 1.32854 -0.06369887236369243 1.8534783926055838 8.30959 21.4807 0.786509 0.573257 1754483208.548116 2 3 1
-5.463218890578294 16.510780070462925 0.183818 1.34824 -0.03229177305963904 1.8507382256799527 5.58141 18.2235 0.78556 0.47928 1754483208.548116 2 3 2
-5.4034222242605185 16.714657090040113 0.142655 1.22787 -0.12323672083020165 1.8438616284270952 1.25222 16.4391 0.844361 0.516392 1754483208.548116 2 3 1
-5.367307763222649 16.782402982355848 0.317992 1.27181 -0.065533101683525 1.8406502226034256 0.596057 15.3073 0.850825 0.56357 1754483208.548116 2 3 1
-4.874111090145437 17.23224437735602 0.315625 1.28704 0.10159758150640075 1.8054120250056602 2.30472 17.5238 0.4626 0.258527 1754483208.548116 2 3 1
-4.8140355159163715 17.476018472499387 0.171697 1.1357 -0.020528057924501075 1.798675054092962 4.29203 20.5959 0.835836 0.535659 1754483208.548116 2 3 2
-4.8427072810641265 17.48301872696955 0.335289 1.17443 0.011537007420216572 1.8002109438347171 5.17728 21.5454 0.898995 0.604734 1754483208.548116 2 3 1
-4.799046207182273 17.571711354091583 0.852168 1.2133 0.06616488180550895 1.7965806589905688 0.743069 15.3631 0.804448 0.27402 1754483208.548116 2 3 1
-4.745620031206914 17.676835318337783 -0.114585 1.27121 0.14311050375610024 1.792199882568063 -0.600387 12.5939 0.561471 0.503128 1754483208.548116 2 3 1
-4.912881411819493 17.84030053911843 0.346384 0.938423 -0.22128934226747998 1.7994779055488794 -2.1129 13.8903 0.642642 0.406283 1754483208.548116 2 3 1
-4.71586582135622 17.030743111601154 -4.82509 1.04575 -0.11176581516368933 1.798971760065801 10.1143 15.9834 0.834694 0.398243 1754483208.548116 2 3 1
-4.901154705268202 17.89271728475153 -0.222832 1.16052 0.006564703086114898 1.7981514553173639 4.03176 17.0006 0.86318 0.714394 1754483208.548116 2 3 1
-4.834367694290871 17.929249528008576 -0.0965509 1.2133 0.07746228039311398 1.7939801184050972 0.128586 12.3117 0.59742 0.594587 1754483208.548116 2 3 2
-5.0036598562462595 18.16842709483354 -0.253521 1.02364 -0.13948015799701752 1.8002633037122768 -1.32678 13.9609 0.717475 0.509141 1754483208.548116 2 3 1
-11.74058353389225 14.101619869713335 6.37446 2.80087 -0.1416180263680764 2.252635192536687 10.5443 11.1534 0.545968 0.587901 1754483208.548116 2 3 1
-11.766020037408419 14.125097106023574 6.43223 2.82747 -0.1160248312665706 2.252931898509526 14.5433 14.199 0.751202 0.601061 1754483208.548116 2 3 1
-11.84231435997517 14.269226908181755 6.4923 2.708 -0.22927219133745824 2.2510993027949318 17.5406 16.1216 0.661874 0.652582 1754483208.548116 2 3 2
-11.879828313554775 14.338887441665056 6.45318 2.73278 -0.20164426918050848 2.2502615447539744 22.5903 21.7394 0.829396 0.69103 1754483208.548116 2 3 1
-11.915484330753365 14.431134435697993 6.36515 2.75234 -0.17620392767535442 2.2485336687945003 20.69 19.5317 0.830486 0.572616 1754483208.548116 2 3 1
-12.510753274130106 15.324573741736257 0.217408 2.80052 -0.11027080737841599 2.2433325876235575 -0.085448 10.3949 0.666248 0.249529 1754483208.548116 2 3 1
-11.958230235925924 14.467632352556949 6.51509 2.60249 -0.32807442554048905 2.249127080740178 13.1089 10.8418 0.697496 0.645585 1754483208.548116 2 3 1
-11.957104475319474 14.499923694155946 6.45109 2.667 -0.25946292621650713 2.2479228035563024 21.2911 18.8732 0.842748 0.687345 1754483208.548116 2 3 1
-11.975435051543142 14.595749489958669 6.37003 2.69481 -0.22278159514450824 2.2453222629708307 21.837 18.9202 0.821488 0.507399 1754483208.548116 2 3 1
-17.4349 9.76232 0.263472 7.1123 3.103954784076042 2.6409360445203856 7.44186 15.5718 0.808823 0.601139 1754483208.548116 1 3 1
-17.5614 9.65675 0.0491941 7.14621 3.121685622551956 2.648982012372079 4.43209 12.2029 0.823559 0.686361 1754483208.548116 1 3 1
-4.586876533238562 19.84257273304446 0.48705 1.04428 0.05819746855329533 1.7596669453108886 3.03839 13.7257 0.81476 0.656217 1754483208.548116 2 3 1
-4.587955126499793 19.875679463913574 0.482657 1.06814 0.08320474398875866 1.7594051459230895 8.03002 16.3509 0.891719 0.649297 1754483208.548116 2 3 1
-17.6401 9.76144 0.171871 7.05318 3.0344865794604248 2.646067312521249 9.32036 20.0079 0.824085 0.552961 1754483208.548116 1 3 2
-17.8912 9.5149 0.0718885 7.07045 3.01731845880228 2.663538058333712 10.5576 21.1103 0.879284 0.6462 1754483208.548116 1 3 1
-18.0548 9.45653 0.264062 7.07936 3.01367836992483 2.6700655897361707 9.66737 19.5552 0.920685 0.798961 1754483208.548116 1 3 1
-18.0734 9.44848 0.143273 7.14099 3.073776729038464 2.670868441192088 2.71795 12.8349 0.810068 0.651375 1754483208.548116 1 3 1
-4.64368855062881 20.071364278718598 0.453061 0.93603 -0.052958659889457804 1.7603301704266467 11.3891 22.7184 0.901744 0.675472 1754483208.548116 2 3 2
-4.644417678741041 20.06576951226713 0.539778 0.969908 -0.019463012852627193 1.7604174368892462 15.9458 26.4254 0.916639 0.642632 1754483208.548116 2 3 1
-4.6474192373920955 20.048390918791146 0.721428 1.02252 0.03177257888644025 1.7607315961546053 8.49633 17.6326 0.879799 0.563487 1754483208.548116 2 3 2
-18.0538 9.54703 0.0456652 6.94269 2.885075644319614 2.6658593462388644 2.64885 14.5106 0.751074 0.421942 1754483208.548116 1 3 1
-18.1247 9.46819 0.226727 7.00621 2.9384645988482756 2.6711476938724075 8.46608 20.1578 0.912367 0.652687 1754483208.548116 1 3 1
-18.2003 9.48589 0.238314 7.02762 2.958114183527072 2.6720727183759645 11.2367 22.7419 0.919372 0.790799 1754483208.548116 1 3 1
-18.2608 9.4925 0.0169588 7.05236 2.980799249187845 2.673154822512201 5.8549 17.8413 0.841654 0.633816 1754483208.548116 1 3 2
-4.707343486649392 20.329802934405105 0.474382 0.804142 -0.18782881303819543 1.7610108488349245 8.30763 20.2255 0.902742 0.656905 1754483208.548116 2 3 1
-4.692797243373499 20.26770276840165 0.608426 0.866987 -0.12444858858394747 1.7608886757872848 12.3923 24.2029 0.91616 0.629084 1754483208.548116 2 3 1
-4.713466720691212 20.234948055426667 0.869319 0.930939 -0.06638324191017941 1.7622325793113205 5.15837 15.4925 0.810102 0.489965 1754483208.548116 2 3 1
-18.4439 9.54493 0.160554 6.92672 2.8518548861694883 2.674900151764195 1.55288 13.5405 0.819624 0.489036 1754483208.548116 1 3 1
-1.6814646669273303 21.246028615183075 -0.586257 0.309273 0.0025522107524823534 1.6066696377518137 1.28585 13.3082 0.857726 0.44527 1754483208.548116 2 3 1
-1.6964857360798182 21.260233270573348 -0.511905 0.402228 0.09233187096779644 1.6073782414281235 0.642184 12.3352 0.841783 0.445488 1754483208.548116 2 3 1
-1.6538523807873093 20.31785827300706 -5.37756 0.556743 0.24871607934575912 1.6069611077368968 18.3429 20.5929 0.840871 0.499408 1754483208.548116 2 3 1
-1.641169859146279 20.25237121780796 -5.31926 0.635708 0.3300509058845196 1.6064322729735425 18.3089 20.5929 0.87006 0.419288 1754483208.548116 2 3 1
-1.6656508237224374 21.180719666617534 0.970337 0.792953 0.4891887000639782 1.6060099032945598 2.74651 13.4141 0.722564 0.363209 1754483208.548116 2 3 1
-1.6104668136283942 21.163934321505838 0.676572 0.892674 0.6009168946035296 1.6033308228927488 4.08989 14.8516 0.736931 0.527359 1754483208.548116 2 3 2
-1.6636875111591884 21.205505336819975 -0.323876 0.96224 0.6591014290827756 1.6058702769544004 6.52156 16.3362 0.80717 0.343251 1754483208.548116 2 3 2
-1.6750533493392517 21.21758449281888 -0.392872 1.03595 0.730410226256095 1.6064060930347626 9.30001 17.5473 0.714999 0.504704 1754483208.548116 2 3 1
-1.6326029571625913 21.44208226500999 -0.520798 0.22357 -0.07102678405099583 1.6039643774112227 2.38785 14.5429 0.859847 0.576023 1754483208.548116 2 3 2
-1.6817090374191612 21.47142481650169 -0.455548 0.297554 -0.007469561622222787 1.606290901304131 3.04064 15.3425 0.90221 0.661451 1754483208.548116 2 3 2
-1.6534222607575852 20.583948765155636 -5.50237 0.411563 0.10581204973809122 1.6064532169245664 18.8835 21.9305 0.861881 0.425169 1754483208.548116 2 3 1
-1.6081557738970575 20.594732073381323 -5.48455 0.457473 0.16204702074641653 1.604149382311934 18.8851 21.7865 0.891732 0.444617 1754483208.548116 2 3 2
-1.70142272957915 21.489562178856534 1.24064 0.620041 0.31089567623986464 1.607210689819932 4.21181 15.3043 0.857674 0.378463 1754483208.548116 2 3 1
-1.6972562476696798 21.51193250715936 0.705347 0.715393 0.4073191529551864 1.606971579712409 0.881173 12.4586 0.798361 0.519639 1754483208.548116 2 3 1
-1.7241159246226765 21.4534216950863 -0.205019 0.854496 0.5401421445595298 1.6083730791017603 5.3957 16.2274 0.824759 0.588947 1754483208.548116 2 3 1
-1.6014065712583483 21.488663053471853 -0.174586 0.939238 0.6517288966363928 1.6023831091089158 9.5528 18.5292 0.791151 0.555794 1754483208.548116 2 3 2
-4.294054571629937 21.48548566689662 -0.119709 0.897181 0.0361860604306129 1.7312093518571212 14.222 24.0618 0.832523 0.325796 1754483208.548116 2 3 1
-4.28835719417234 21.525144871308417 -0.156663 0.921663 0.0631764928900932 1.7306403745209709 16.5665 26.5459 0.909041 0.298811 1754483208.548116 2 3 1
-4.296802445471049 21.500104518309975 -0.133572 0.982952 0.12187242492823891 1.7312285504788931 6.46443 16.5214 0.814645 0.261562 1754483208.548116 2 3 1
-1.5397554513395406 20.8434478549341 -5.55763 0.348779 0.07049434297649848 1.6003253659208143 7.27189 9.85109 0.805616 0.417489 1754483208.548116 2 3 1
-4.376520047646923 21.567960113913557 -0.0726381 0.803556 -0.07173012001998125 1.7344521736073266 2.80166 15.8276 0.652538 0.36296 1754483208.548116 2 3 1
-4.302395521130485 21.708538523340696 -0.174228 0.806096 -0.04919685521561723 1.7299160628813932 20.8459 32.8252 0.930192 0.294375 1754483208.548116 2 3 2
-4.303810107812282 21.7107483577972 -0.184453 0.831625 -0.023883344658804817 1.7299649321004493 23.434 34.4568 0.949546 0.276356 1754483208.548116 2 3 1
-4.333365036476051 21.70585507646888 -0.19572 0.878777 0.017028046230199267 1.7313803941238166 13.2802 24.3558 0.900058 0.237698 1754483208.548116 2 3 2
-4.611464019165425 21.88149479276704 -1.07614 0.589983 -0.3224643294032764 1.742894331199223 0.774763 14.8957 0.66914 0.296926 1754483208.548116 2 3 1
-4.328946496270471 21.845820769689187 -0.190325 0.735769 -0.12044736701266945 1.7301255023916327 15.7263 30.1265 0.939541 0.287681 1754483208.548116 2 3 1
-4.322847344320305 21.845678138003745 -0.19456 0.765734 -0.08924331341722758 1.7298445043820616 18.3687 32.4519 0.953372 0.26904 1754483208.548116 2 3 1
-4.34343493733781 21.86612155288437 -0.216258 0.804329 -0.05418059211245896 1.7306456105087271 8.35987 22.0716 0.862554 0.228569 1754483208.548116 2 3 1
-3.7555276461936624 23.420073912272276 0.229742 0.658172 -0.03961950492138255 1.6943130914699611 0.806321 13.7668 0.568562 0.277413 1754483208.548116 2 3 2
-3.7395061309346023 23.49176016491949 0.215501 0.688391 -0.004606348085475664 1.6932327326629766 7.23249 19.9844 0.881766 0.718302 1754483208.548116 2 3 1
-3.738320389476002 23.556950283443644 0.166654 0.713976 0.02275246286027477 1.69283305226427 6.78086 19.2201 0.901297 0.715897 1754483208.548116 2 3 1
-3.684546769243877 23.59447347056771 0.16707 0.766483 0.08646257161186888 1.690309306165886 2.13008 14.3871 0.758507 0.553196 1754483208.548116 2 3 1
9.761776552372421 21.65252649096201 0.393542 -1.9565 -0.03480666221686546 1.0962393713598122 5.06577 13.7169 0.893482 0.737628 1754483208.548116 2 3 1
-3.770665668854238 23.70937266406588 0.15235 0.523898 -0.16992812138348345 1.6934194828929399 -1.66517 11.7766 0.79183 0.491528 1754483208.548116 2 3 1
-3.76472352109451 23.741130350500185 0.144191 0.579963 -0.1119886650524794 1.6929971132139574 6.13384 19.3935 0.905146 0.709326 1754483208.548116 2 3 1
-3.7900466872469503 23.77080664308695 0.0996475 0.625559 -0.07052095245692114 1.6939273737052702 8.41258 21.7894 0.917217 0.744981 1754483208.548116 2 3 1
-3.743391474629573 23.82717912979995 0.1235 0.656834 -0.029059695338733205 1.6916322657388976 6.68236 19.7081 0.886685 0.671074 1754483208.548116 2 3 2
-4.338336742997861 23.86283713068536 0.197115 0.843067 0.0457207314410345 1.716791186906396 3.66752 17.1005 0.77085 0.602411 1754483208.548116 2 3 1
-4.512495380624428 23.87365429518634 0.09259 0.88141 0.05175171428938952 1.7241058618015042 5.18176 19.0084 0.736923 0.534596 1754483208.548116 2 3 1
-4.706398040146764 23.895409209959507 0.374205 0.93515 0.0699852164412108 1.7321553203117022 1.69446 14.5223 0.63779 0.401257 1754483208.548116 2 3 1
-5.039116883769632 23.863835800538283 0.33693 1.02262 0.09474942246917406 1.7464024429957319 0.418898 11.7325 0.798933 0.60551 1754483208.548116 2 3 1
9.947276321843548 21.84782501219746 0.427754 -2.13306 -0.19839527921256694 1.0930419281701587 8.33901 16.4097 0.900045 0.734987 1754483208.548116 2 3 1
9.883601975191532 21.858869847935395 0.331192 -2.07443 -0.1503207369237638 1.095644214084882 16.8688 24.979 0.946542 0.741276 1754483208.548116 2 3 1
9.829436173594063 21.88254790701558 0.25996 -2.04162 -0.12763240597276648 1.09813654425673 12.3668 20.5518 0.926801 0.687634 1754483208.548116 2 3 2
-3.898467201665485 24.17165474619598 0.215778 0.486455 -0.2206204418410343 1.6964057412431022 4.56142 17.5797 0.902784 0.535609 1754483208.548116 2 3 1
-4.35134686170375 24.053123426786097 0.227544 0.765542 -0.02901898934636149 1.716161123046426 4.81986 17.6561 0.864521 0.660404 1754483208.548116 2 3 2
-4.513418394945929 24.094955340512268 0.191146 0.807171 -0.01632277390400294 1.7227095983999088 9.50063 22.0452 0.921352 0.661494 1754483208.548116 2 3 2
-4.6153621370709015 24.09906786186064 2.78693 0.819262 -0.022982262402875375 1.7269577297992629 13.7189 24.7144 0.882696 0.488433 1754483208.548116 2 3 1
-4.628064190401119 24.198954213143995 2.52527 0.856209 0.014526878773900909 1.7268303207638673 15.8009 26.0168 0.812923 0.384275 1754483208.548116 2 3 1
-4.974832939637676 24.234677373195893 0.156433 0.924432 0.020276438914575534 1.7410093756070695 12.6965 21.5954 0.672312 0.535155 1754483208.548116 2 3 1
10.028157691302134 21.95645696948878 0.341321 -2.19452 -0.2561346118619243 1.0921238849836095 8.53477 16.8418 0.929715 0.760009 1754483208.548116 2 3 2
9.92460297942383 21.97188047571815 0.317541 -2.13539 -0.2138808956037861 1.096284749920364 15.7307 23.7708 0.941288 0.724262 1754483208.548116 2 3 1
9.858956993194429 22.012738365497793 0.234089 -2.1007 -0.1923525247455662 1.0995240810120654 11.2206 18.9908 0.92205 0.647184 1754483208.548116 2 3 1
-4.562205954499022 24.204193713407495 -2.62126 0.686891 -0.1425130315001487 1.7240482659361884 6.61137 17.6591 0.799137 0.282921 1754483208.548116 2 3 1
-4.578634286975412 24.280306693498645 2.68257 0.767664 -0.06260294369881714 1.724243742812412 15.3861 25.564 0.906952 0.538352 1754483208.548116 2 3 2
-4.559498811345932 24.30677228332996 -2.62891 0.780315 -0.045691006958071156 1.723278575736059 21.3997 30.2647 0.906364 0.476325 1754483208.548116 2 3 1
-4.6413725025463375 24.26504562806818 -2.7765 0.832739 -0.00948216098000787 1.726952493811507 18.3388 24.3646 0.83604 0.401079 1754483208.548116 2 3 2
10.29899676700048 22.390253112605812 1.08614 -2.05883 -0.11370065196626067 1.090458840877207 2.7564 10.2421 0.845983 0.536887 1754483208.548116 2 3 1
-4.752378437262326 24.519215387822666 -2.85546 0.475154 -0.3799464522009853 1.7298724296500936 5.28556 14.5723 0.780121 0.310671 1754483208.548116 2 3 1
-4.639465855284156 24.534925706195718 2.61312 0.642842 -0.19131535866637817 1.7251251340846692 5.82928 15.2837 0.73879 0.432575 1754483208.548116 2 3 1
-4.652024290458531 24.456515409710306 -2.69984 0.705383 -0.13328796832464218 1.7261478970263378 15.6845 23.9384 0.921626 0.615107 1754483208.548116 2 3 1
-4.797683258551893 24.408534788274046 -3.00441 0.746319 -0.12025350827050141 1.732474715564817 13.7964 20.2989 0.875806 0.556338 1754483208.548116 2 3 1
-4.8565604614531654 24.765337642713042 -0.0606789 0.762714 -0.10398158382634215 1.732502640832849 7.17045 15.9011 0.821621 0.456594 1754483208.548116 2 3 1
-4.040017076724449 25.398114263465395 0.0865196 0.635581 -0.06912535610974957 1.695871670491992 0.544022 10.6919 0.606807 0.624831 1754483208.548116 2 3 1
-3.6128333725841837 25.494425749324865 0.0389574 0.693385 0.06664891218208469 1.678318894204685 2.08491 11.7149 0.764862 0.747992 1754483208.548116 2 3 1
-3.374957731953289 25.78765575252633 0.00707394 0.504622 -0.07459401558907319 1.6676427151702358 3.13497 13.6492 0.81009 0.757951 1754483208.548116 2 3 2
-3.4693747261081436 25.78841574122679 0.144696 0.559323 -0.03654875691377968 1.6713829557572597 4.46277 14.9809 0.783369 0.75559 1754483208.548116 2 3 1
-7.886659012287972 25.520000635894142 0.147345 0.749102 -0.6047707269723473 1.844507400250333 1.20813 12.0206 0.742206 0.342426 1754483208.548116 2 3 1
10.193127040175426 23.811158462634147 -0.0933143 -1.88269 -0.05726578621350553 1.1198222602127594 4.81048 11.8589 0.737983 0.676222 1754483208.548116 2 3 2
10.303781695545204 23.80428511645854 -0.0986857 -1.85861 -0.016754370852379408 1.1158149842501806 7.73802 13.1142 0.807316 0.708132 1754483208.548116 2 3 1
-23.022822653928355 13.949490319109136 -0.136321 3.95776 0.025814553412303987 2.604545929616304 8.98269 18.2499 0.923117 0.804627 1754483208.548116 2 3 1
-23.076699591370613 13.924367551238928 -0.108825 3.98076 0.04469063161697395 2.606448338500978 11.3045 21.3808 0.897727 0.782466 1754483208.548116 2 3 1
-23.14470208604865 13.909943264486033 -0.163068 4.00811 0.06808151693716624 2.6082809342155717 4.34897 14.4077 0.734718 0.378904 1754483208.548116 2 3 1
-3.092553255476024 26.844455828184056 0.0144023 0.471718 -0.04209698151065161 1.6529732228072234 4.55554 14.2107 0.783661 0.74441 1754483208.548116 2 3 1
-3.1201835745541757 26.771550754847386 -0.0468914 0.553403 0.033848643048677185 1.654259530465943 6.71953 16.3215 0.779061 0.743433 1754483208.548116 2 3 1
10.454920263194564 23.952324988945673 -0.00283992 -1.93978 -0.08670561451058911 1.1130748173245495 3.91275 10.3744 0.78666 0.630167 1754483208.548116 2 3 1
-23.135596283778998 14.010877145763422 -0.102149 3.90216 -0.030202268011772393 2.604737915834023 9.02574 17.1505 0.927466 0.791641 1754483208.548116 2 3 1
-23.16509012322889 14.069081895779524 -0.0603552 3.92557 -0.003833496057712882 2.6033765590174673 13.0891 22.0981 0.910611 0.764444 1754483208.548116 2 3 1
-23.077945161418462 14.504362087684955 0.154695 3.91296 0.019041917361327876 2.5873020766066 11.1922 19.6081 0.845482 0.718678 1754483208.548116 2 3 2
-23.16032788411651 14.550036855323242 0.176056 3.94378 0.04947120549581907 2.587476609531799 5.4528 13.9961 0.668037 0.819685 1754483208.548116 2 3 1
-3.256080703115807 27.098592732184027 -0.115121 0.385685 -0.15214859036732936 1.658357563549626 9.25104 18.053 0.850207 0.758398 1754483208.548116 2 3 1
-3.3990031870105337 27.190289569160388 -0.0488076 0.425817 -0.13461954742505433 1.6634277450266692 5.43174 14.6076 0.769859 0.540475 1754483208.548116 2 3 1
-3.2483172140369314 27.266434361991813 0.350774 0.480493 -0.053573368292597456 1.6575128241916606 4.23064 12.3205 0.59883 0.360023 1754483208.548116 2 3 1
10.716732577240212 24.539680480445888 -0.0412241 -1.81132 0.037932992090148554 1.1140085684743664 6.93694 11.7002 0.778025 0.742198 1754483208.548116 2 3 1
-23.093933178278228 14.878064719061642 0.0596774 3.84317 -0.024101420581387423 2.5755211041556385 9.61291 15.8541 0.868916 0.803795 1754483208.548116 2 3 1
-23.17476673985204 14.830630932373499 0.11477 3.87422 -0.0002494943518946968 2.578680150101748 7.15476 13.4082 0.700742 0.794934 1754483208.548116 2 3 2
-23.289519233420943 15.638913343696347 0.0119495 3.81739 -0.003331690422423872 2.555484724342743 3.03067 11.6473 0.458285 0.464202 1754483208.548116 2 3 1
-3.466995948491941 27.27596276877168 -4.25033 0.026359 -0.5440945240584871 1.665675729103238 9.45806 12.9819 0.511677 0.285486 1754483208.548116 2 3 1
11.916068363901228 25.298778164332088 0.689147 -1.91837 0.03993475715968353 1.0872020564929854 8.1381 10.8712 0.736426 0.379471 1754483208.548116 2 3 1
-23.084630854423597 17.59633327945595 0.0369163 3.72804 0.06314962242802125 2.492652871270947 12.9526 14.9751 0.643431 0.524395 1754483208.548116 2 3 1
-23.074019891041115 17.58355941726473 0.108058 3.79645 0.13119705709249097 2.492792497611107 11.8556 15.2779 0.723318 0.603062 1754483208.548116 2 3 1
-26.893627054022893 7.839807846139975 7.8462 3.82531 -0.5457822961152416 2.876852199512459 15.3857 14.9839 0.892361 0.383358 1754483208.548116 2 3 1
-28.105891754297453 7.920620018998706 -0.112168 3.92209 -0.45765006102775985 2.8853694062621913 2.16055 12.1029 0.874356 0.676856 1754483208.548116 2 3 1
14.395932962541776 24.226469256532074 0.456406 -2.56731 -0.22914666737560951 0.9908354471733706 21.8187 12.5762 0.898253 0.629509 1754483208.548116 2 3 1
11.270810082966781 25.535882948703758 4.82651 -1.97414 -0.11630363583892245 1.1119106827134693 15.0277 13.8109 0.473727 0.446354 1754483208.548116 2 3 1
11.401855152707572 25.527567101760795 4.78057 -1.93901 -0.0632621172104928 1.1075264156324596 14.2679 11.6943 0.647243 0.545317 1754483208.548116 2 3 2
-26.870533072322647 7.366797967914763 7.80017 3.57967 -0.8082158462662372 2.8936946267942045 17.7075 11.9501 0.589247 0.358517 1754483208.548116 2 3 2
-23.20566746205345 17.748875640041142 0.123055 3.64677 -0.013627720807649624 2.490924995311473 18.9395 18.8144 0.661112 0.65115 1754483208.548116 2 3 1
-23.227908898791995 17.75733090875456 0.128068 3.68895 0.027916290245917352 2.491169341406752 18.2087 19.4464 0.684787 0.649571 1754483208.548116 2 3 2
-28.2601212210319 8.21735088625128 -0.213999 3.64175 -0.7290895225451965 2.8766078534171795 6.9208 14.5165 0.401904 0.415767 1754483208.548116 2 3 1
-27.206246144743027 7.795254249665602 7.72479 3.71942 -0.6563723106937647 2.8814424154452043 17.1936 16.7301 0.882588 0.456402 1754483208.548116 2 3 1
-27.2742168534388 7.713851377149023 8.19513 3.79118 -0.5881596114129279 2.8849679805342325 14.6753 14.1755 0.902873 0.344942 1754483208.548116 2 3 2
-24.7358124107663 14.014163126682316 7.758 4.06647 0.07083232026116626 2.634705219090766 16.2609 10.5684 0.713849 0.386765 1754483208.548116 2 3 1
-2.590666201896621 28.96229572163524 0.254519 0.357342 -0.04968665859246141 1.629072684030413 6.07123 11.5855 0.751464 0.655396 1754483208.548116 2 3 1
11.26359912625648 25.7775274518755 4.81503 -2.06629 -0.2251708627590281 1.1159947531631358 10.1154 11.027 0.569438 0.50432 1754483208.548116 2 3 1
-23.352757296876383 17.908199955948938 0.198606 3.54562 -0.11132139699136667 2.4895985450799576 14.2254 15.1867 0.494722 0.725731 1754483208.548116 2 3 1
-23.331924480700575 17.99865211745604 0.171147 3.58928 -0.05981544122626126 2.486596578766527 14.6048 16.1892 0.533272 0.709978 1754483208.548116 2 3 1
-21.554057867710412 20.77715633339568 0.108085 3.45905 0.13390312794343195 2.37182372715538 7.96312 13.417 0.454635 0.655595 1754483208.548116 2 3 1
-27.50749649922427 7.8320191950267555 7.80639 3.56249 -0.814836779159926 2.882960851894439 12.7306 13.6786 0.623936 0.35048 1754483208.548116 2 3 1
-27.556152612496863 7.73833160698603 8.35334 3.64247 -0.7386055598694967 2.886713309786227 9.84337 10.4449 0.685558 0.328835 1754483208.548116 2 3 1
-26.183796018916414 14.851264578016725 0.847621 3.82437 -0.1692243715136459 2.6337103814171288 5.4745 11.4944 0.875431 0.411943 1754483208.548116 2 3 1
-21.546260549706936 20.662304633535218 0.101199 3.41977 0.08651863403197435 2.374511534203451 8.10774 13.7198 0.728746 0.523937 1754483208.548116 2 3 1
-21.73868145707715 21.089139293379528 0.08537 3.29055 -0.02461762224886277 2.3685250548691106 7.05127 13.7463 0.847298 0.786095 1754483208.548116 2 3 1
-21.977892403043644 20.83091776908908 -7.59363e-05 3.36641 0.014776785439628348 2.380637639877951 4.7553 11.6238 0.764342 0.677777 1754483208.548116 2 3 1
-22.913241368569224 18.395315687128843 8.33878 3.50067 -0.09465566348554733 2.4663507594433924 15.8629 13.5375 0.694028 0.563128 1754483208.548116 2 3 1
-22.946396747829393 18.487645198826282 8.4295 3.52121 -0.06922261064460367 2.4645356170213186 23.9814 21.5248 0.842968 0.641643 1754483208.548116 2 3 1
-22.91457003459825 18.405524725532626 8.67601 3.57291 -0.02175767291575159 2.466106413348114 25.7926 21.3778 0.819779 0.438567 1754483208.548116 2 3 1
-23.937958005371325 19.08316200335432 1.63949 3.62087 0.01607438498308822 2.469876324532421 8.64085 15.1515 0.788246 0.250127 1754483208.548116 2 3 1
-21.714534398460266 21.052871383236447 0.124689 3.25221 -0.06390958287311621 2.3688392141344696 4.55139 11.3474 0.876584 0.7371 1754483208.548116 2 3 1
-23.08910114103575 18.559041007271613 8.52872 3.44721 -0.14642325413040247 2.465722440912675 28.8137 21.6307 0.835401 0.591068 1754483208.548116 2 3 2
-23.096438557301273 18.49649382649787 8.83977 3.47569 -0.12301622339536289 2.4676073965048286 32.5769 26.3431 0.823497 0.372223 1754483208.548116 2 3 1
-23.41857219647707 18.592943294981303 8.03774 3.4989 -0.1115467590805066 2.4719881729273343 28.1844 26.3901 0.87004 0.419559 1754483208.548116 2 3 2
-23.40967847659465 18.506183244554986 8.32048 3.56116 -0.05515430706679236 2.474187287784847 21.1035 18.2147 0.774135 0.421962 1754483208.548116 2 3 1
-4.554652307036334 29.855202844475745 -4.92984 0.416547 -0.2812754822907819 1.6943200727869692 7.07584 11.8001 0.701023 0.301087 1754483208.548116 2 3 1
15.427059109383203 25.685725677277187 -0.25339 -2.4637 -0.11745596640569689 0.9887270894369615 23.6417 11.9001 0.899048 0.487466 1754483208.548116 2 3 1
15.258062895597927 25.815603845742604 -0.261024 -2.42949 -0.11062706158973601 0.9958602500898623 29.2879 18.6586 0.929861 0.653036 1754483208.548116 2 3 1
14.973285512225878 25.977190589703326 -0.196581 -2.38276 -0.10624704506400073 1.0068331350971507 20.0722 14.8487 0.910808 0.689789 1754483208.548116 2 3 1
-23.241384990116956 18.61910405629259 8.63327 3.36949 -0.22870011661669043 2.467415410287109 22.1931 11.2974 0.784854 0.554869 1754483208.548116 2 3 1
-24.188059608729013 19.355603643260135 1.52563 3.41657 -0.18302736812251386 2.4679390090627074 17.3088 18.8967 0.830988 0.349324 1754483208.548116 2 3 1
-23.501236775475146 18.655519619950603 8.17621 3.44572 -0.16495993116483287 2.472075439389934 27.5657 22.5596 0.868514 0.443405 1754483208.548116 2 3 1
-23.314577000310404 18.391621251517325 8.75795 3.48368 -0.13551509490164682 2.475269391921084 23.0662 16.7036 0.770374 0.454615 1754483208.548116 2 3 2
-24.15199269982409 18.320776806210738 8.04305 3.59969 -0.0712639168698832 2.49499161246862 15.4015 11.8442 0.73619 0.716999 1754483208.548116 2 3 1
-4.674579193378267 30.023437064341433 -5.0377 0.333642 -0.3789837437692938 1.697657142316782 10.386 14.3871 0.70441 0.309405 1754483208.548116 2 3 2
15.552197028458055 25.79084835180177 -0.248073 -2.53533 -0.18311242587978604 0.9871667650856785 28.9347 19.3729 0.919936 0.605466 1754483208.548116 2 3 2
15.226996014195285 26.006416351969676 -0.250336 -2.49828 -0.19610976994764728 1.0001939026225641 30.8376 22.5919 0.924096 0.662781 1754483208.548116 2 3 1
15.00576950571834 26.175058681070198 -0.157101 -2.46733 -0.20094837913460362 1.0094476383166382 25.6553 18.4969 0.878656 0.708761 1754483208.548116 2 3 2
-24.39323254769682 18.430360478368563 8.39106 3.43831 -0.23774159581002552 2.4969638345233736 18.4537 11.0564 0.702379 0.663266 1754483208.548116 2 3 1
15.638681913937877 25.9457400083643 -0.329586 -2.62357 -0.2730223028678682 0.987603097398677 22.3013 11.8354 0.921374 0.613118 1754483208.548116 2 3 1
15.122385301987022 26.26274135426165 -0.253533 -2.57066 -0.2975742692745378 1.0077180170279119 24.4341 17.3004 0.91099 0.660881 1754483208.548116 2 3 1
15.195121933685483 26.282032428862106 -0.0685984 -2.54618 -0.26652530001570485 1.0060215569949733 20.8714 13.1818 0.839608 0.722061 1754483208.548116 2 3 1
14.69869102973586 26.95168629056538 -0.0907129 -2.47359 -0.2934633863100995 1.0315487426346424 12.1582 12.0147 0.900165 0.593427 1754483208.548116 2 3 1
15.598599264760352 26.363210000178466 0.42143 -2.38254 -0.06518790156987198 0.996252949171561 19.8858 10.5302 0.843579 0.315089 1754483208.548116 2 3 2
13.697280152914189 27.62597002287458 0.385863 -2.34902 -0.32552348601940784 1.071010637022234 9.09909 11.759 0.898071 0.540008 1754483208.548116 2 3 1
-31.6961 -1.36613 0.667565 6.71035 2.2390705312664148 3.2045552198669145 9.46924 14.3136 0.865746 0.528602 1754483208.548116 1 3 1
-31.6714 -1.74442 0.130762 6.79254 2.3268313607024345 3.2167899779233946 11.1595 14.2872 0.856716 0.439358 1754483208.548116 1 3 1
-31.675 -1.87313 0.035694 6.86409 2.4004072958477405 3.220908954958101 11.2599 12.1647 0.890898 0.559043 1754483208.548116 1 3 1
-28.951372431963332 13.548242724824474 0.252367 3.20154 -0.9450363334816729 2.7145540323695063 8.57402 11.268 0.739162 0.288219 1754483208.548116 2 3 2
14.453696838648298 27.282390804414835 -0.0260032 -2.53683 -0.40560322437774765 1.0439580336163221 11.3011 10.9506 0.886791 0.545804 1754483208.548116 2 3 1
15.42130823661775 26.722740541347026 -1.29858 -2.48359 -0.20959828143864678 1.0074841429081445 15.934 10.8153 0.841053 0.446164 1754483208.548116 2 3 1
14.012837339128556 27.675962948156215 0.332171 -2.43413 -0.37770227460065087 1.0627814095990809 13.8719 16.8888 0.916462 0.599385 1754483208.548116 2 3 1
13.844911154963336 27.758634790098835 0.627431 -2.37551 -0.3433954510670474 1.068860391383777 8.3433 12.4087 0.8123 0.463855 1754483208.548116 2 3 2
-31.5709 -0.890869 0.265018 6.53963 2.0623989632053688 3.1894581218371636 6.09649 11.9589 0.800314 0.74131 1754483208.548116 1 3 2
-31.6109 -1.19134 0.414362 6.57483 2.1012862652527655 3.199109792600692 11.0534 17.4474 0.84932 0.695606 1754483208.548116 1 3 1
-31.6595 -1.27666 0.487699 6.62586 2.1533955515063203 3.2017452397712036 8.24064 14.2078 0.875677 0.690068 1754483208.548116 1 3 1
-31.8611 -2.26004 0.330118 6.6816 2.2241587441597206 3.2327422872866225 17.2697 22.6478 0.69762 0.536473 1754483208.548116 1 3 2
-31.8883 -2.23766 0.0474119 6.76392 2.30603553579454 3.2319394358307054 19.1008 22.6684 0.930436 0.650367 1754483208.548116 1 3 2
-31.8334 -2.69317 0.443637 6.84617 2.3968422021774023 3.246617654839978 20.8448 23.615 0.934425 0.719263 1754483208.548116 1 3 1
-31.9386 -2.53527 0.674802 6.86733 2.414757139307458 3.2412420407438356 18.3435 20.5723 0.938421 0.727843 1754483208.548116 1 3 1
-32.0225 -2.47101 0.387531 6.90104 2.447105633153802 3.2389207528386827 11.8858 13.3141 0.916891 0.733989 1754483208.548116 1 3 1
-31.7973 -0.864964 0.172405 6.4253 1.9476319477652737 3.1882363913607676 4.23409 10.0422 0.534405 0.674296 1754483208.548116 1 3 1
-31.7729 -1.25814 0.411904 6.51162 2.0388090989454204 3.2009074817302463 10.9971 17.8325 0.83235 0.673577 1754483208.548116 1 3 1
-31.9209 -1.19253 0.332919 6.52438 2.0505905349441402 3.198498927362494 12.2805 18.932 0.862965 0.682141 1754483208.548116 1 3 2
-32.3368 -0.705344 0.0119211 6.50307 2.0233629218176787 3.1822673653189466 17.9454 24.7527 0.858013 0.686367 1754483208.548116 1 3 1
-32.3997 -0.897178 0.345284 6.5554 2.0777257531071474 3.1882189380682475 20.0258 26.4136 0.74351 0.801288 1754483208.548116 1 3 1
-32.1123 -2.94265 0.300278 6.70496 2.259970776213084 3.2534942520928354 17.0175 24.3411 0.657101 0.682893 1754483208.548116 1 3 1
-32.0774 -2.61284 1.14082 6.82638 2.374982759625884 3.243214262798589 20.0737 27.0927 0.933039 0.597281 1754483208.548116 1 3 1
-32.24 -2.47036 0.896576 6.81734 2.362980669537344 3.2381877145528453 19.0778 25.6287 0.94435 0.57949 1754483208.548116 1 3 2
-32.3218 -2.40508 0.663617 6.85343 2.3977407431359614 3.2358664266476924 11.989 18.7938 0.945733 0.489825 1754483208.548116 1 3 1
-32.3084 -2.67643 0.000654727 6.96018 2.5095091307277553 3.244418539982465 5.36177 11.7413 0.826179 0.642155 1754483208.548116 1 3 1
-32.2757 -3.06977 0.185639 7.07282 2.630032728811212 3.2568627375491843 6.7507 12.5145 0.829703 0.682577 1754483208.548116 1 3 1
-32.2489 -3.25984 0.2958 7.14896 2.7102464496332805 3.262901576761085 7.22904 11.6679 0.626007 0.337002 1754483208.548116 1 3 1
-2.0316246070640873 31.738619996988636 7.0222 0.0908351 -0.21206099933303824 1.6058161717475885 11.3196 11.2328 0.640433 0.3542 1754483208.548116 2 3 1
14.252106420431717 28.686365688651726 0.488539 -2.33708 -0.3162575385060671 1.071677352796496 15.8944 17.0711 0.538504 0.329398 1754483208.548116 2 3 1
-32.6152 -0.844956 0.468049 6.40002 1.9216485034167805 3.186229262720974 20.4956 24.4969 0.895904 0.732704 1754483208.548116 1 3 2
-32.6692 -0.848873 0.426802 6.42761 1.9492505830862292 3.186264169306014 26.2045 30.4616 0.923923 0.746209 1754483208.548116 1 3 1
-32.6433 -0.8669 0.383426 6.49047 2.012322860599074 3.186875034544212 21.3413 25.2965 0.884058 0.743254 1754483208.548116 1 3 2
-32.3009 -2.74711 0.536368 6.69795 2.2486544423537467 3.2466700147175374 13.0404 17.8031 0.913274 0.393047 1754483208.548116 1 3 1
-32.3895 -2.426 1.51245 6.76655 2.311108897188495 3.2363027589606914 17.5235 22.7066 0.945089 0.495119 1754483208.548116 1 3 1
-32.5268 -2.31191 0.01765 6.78104 2.3233575136037103 3.2323059549736244 13.892 19.1583 0.854415 0.593262 1754483208.548116 1 3 2
-32.5653 -3.20776 0.0675199 6.9389 2.4982235797254617 3.2600217834952945 16.1969 20.9516 0.908316 0.702689 1754483208.548116 1 3 2
-32.6406 -2.82962 0.0592924 6.98808 2.5396269681762123 3.248031371534093 17.8944 21.2426 0.907241 0.760576 1754483208.548116 1 3 1
-32.5765 -3.61466 0.187917 7.03764 2.6057733725417878 3.2725532475246135 13.7697 17.074 0.922714 0.809724 1754483208.548116 1 3 1
-2.020588103986362 32.031335696359896 7.05517 -0.0402551 -0.340100674857829 1.6051354933393107 22.9727 21.0721 0.916042 0.339464 1754483208.548116 2 3 1
-32.8301 -0.882939 0.422304 6.35489 1.876809921515342 3.187067020761931 16.8091 17.5268 0.905256 0.724515 1754483208.548116 1 3 1
-32.8334 -1.12266 0.445074 6.38652 1.9111706408651514 3.194519576667947 13.5182 15.172 0.900354 0.683868 1754483208.548116 1 3 1
-32.6794 -3.32994 0.0188253 6.88502 2.446619108052637 3.2633553623666036 12.9127 17.7384 0.902205 0.647802 1754483208.548116 1 3 1
-32.7614 -2.99078 0.0223358 6.93429 2.4887161280900587 3.252586680881798 15.828 18.9819 0.901598 0.747269 1754483208.548116 1 3 1
-32.7412 -3.60501 0.19077 6.97304 2.5404485369053234 3.271558409850977 15.0863 15.8717 0.930508 0.82374 1754483208.548116 1 3 2
-32.9982 -4.13529 0.148225 6.83466 2.4134981405469453 3.286603148003168 4.92062 11.7619 0.895165 0.712071 1754483208.548116 1 3 1
-33.2128 -3.52075 0.225968 6.84033 2.4045002507762625 3.267038007088311 4.61936 10.7565 0.87547 0.693928 1754483208.548116 1 3 1
-24.202234056720883 23.808193941146158 0.25216 3.19591 -0.09823187518842014 2.3616135510312133 10.164 11.4562 0.891877 0.754775 1754483208.548116 2 3 2
-24.240825971170022 23.752265078366495 0.254616 3.25127 -0.04915362721706318 2.3636730395485666 16.884 17.0593 0.908029 0.757571 1754483208.548116 2 3 1
-24.27096717681938 23.746475917204258 0.232858 3.27976 -0.02300239372981716 2.364440984419444 13.5461 12.8496 0.873105 0.728459 1754483208.548116 2 3 2
-32.58101130809305 5.644648251019917 6.48973 4.39337 -0.06640132610011396 2.9897924554090123 17.0278 17.6532 0.578119 0.264136 1754483208.548116 2 3 1
-32.657273451362904 5.521584356351865 6.09299 4.41337 -0.04858411272168439 2.9939463390287586 16.1803 18.0912 0.68426 0.24332 1754483208.548116 2 3 2
-33.91194888603799 0.8660217146824463 -0.147849 4.57565 0.08604249934141173 3.1397685980328847 19.4004 22.7037 0.863903 0.64552 1754483208.548116 2 3 1
-33.917532854299544 0.8397243910417991 -0.0816564 4.61696 0.12746442846769224 3.1405714494888026 18.02 21.1015 0.809018 0.621625 1754483208.548116 2 3 1
14.684354113347457 30.179407650350548 0.658179 -2.1717 -0.19138394302071204 1.0817496479097553 8.64771 10.8976 0.849557 0.635501 1754483208.548116 2 3 1
14.602484507443286 30.284177387308414 0.654469 -2.15356 -0.18794923665389263 1.0853938953879194 12.1071 14.5694 0.922271 0.66871 1754483208.548116 2 3 1
-34.04206297761303 0.6927994891343087 -0.293049 4.45854 -0.030282612689092048 3.145022039081388 14.3592 16.6448 0.699267 0.491738 1754483208.548116 2 3 2
-34.07708839710522 0.7465060166990464 -0.229318 4.50513 0.01604896856344773 3.143381429584513 24.0634 26.2108 0.872529 0.828033 1754483208.548116 2 3 1
-34.092794220803555 0.7457278248224115 0.0731343 4.53641 0.04733434103149747 3.143416336169553 23.5552 25.2759 0.872282 0.615318 1754483208.548116 2 3 2
-33.35899517414434 0.7001114315660036 7.69357 4.55668 0.06783212205889377 3.144864959448708 20.844 15.2073 0.712134 0.229938 1754483208.548116 2 3 2
14.898039119660494 30.434007698220583 0.628444 -2.32108 -0.33249321624033845 1.0796971407094098 15.5935 18.7673 0.881303 0.674067 1754483208.548116 2 3 2
14.753092140146952 30.49931933176516 0.607682 -2.2825 -0.3129427183330975 1.0844165110068027 19.3366 22.0216 0.928888 0.636754 1754483208.548116 2 3 1
14.63930175831215 30.55831332432767 0.573019 -2.22915 -0.2750159209268106 1.0882335460809143 11.4431 13.858 0.844176 0.531052 1754483208.548116 2 3 2
-34.27641466652001 0.571783644734831 -0.352768 4.40511 -0.08310403993296855 3.148617417340496 17.2843 20.3871 0.715983 0.630446 1754483208.548116 2 3 1
-34.29832089409537 0.5852744471919397 0.339741 4.45212 -0.036164864772111116 3.1482159916125374 17.2119 19.6992 0.722224 0.335269 1754483208.548116 2 3 1
-33.771076047566766 0.8044234700591633 7.00916 4.46266 -0.02668268069786528 3.141636100332519 19.0668 15.2455 0.578761 0.233599 1754483208.548116 2 3 1
15.170194608215112 30.469604368030616 0.646592 -2.4033 -0.3881296012425959 1.0730858335028555 11.6662 15.3778 0.833646 0.649206 1754483208.548116 2 3 1
14.844215435354018 30.631079129409272 0.628154 -2.36011 -0.3882984095108568 1.0838580056461644 14.2411 18.7144 0.879744 0.598894 1754483208.548116 2 3 1
13.838820611439234 28.990247274144686 11.7225 -2.32394 -0.3674415754458582 1.087648860781496 20.4739 11.3151 0.70173 0.442756 1754483208.548116 2 3 1
-34.94952070217935 3.1624955907939563 -0.095706 4.51377 0.025083200514185222 3.0723988889059037 13.0293 20.1284 0.897663 0.7353 1754483208.548116 2 3 1
-34.98217768262114 3.168763721177316 -0.299188 4.53867 0.050003384590654676 3.0722767158582642 17.451 24.3529 0.917063 0.908722 1754483208.548116 2 3 1
-35.005748973718156 3.187258040754511 -0.069824 4.57138 0.08279479088326802 3.0717880236677058 10.2071 16.8888 0.878199 0.726591 1754483208.548116 2 3 1
15.391024700370403 31.05964627372485 0.932291 -2.30653 -0.30160230854235826 1.075635759540019 7.43724 10.8036 0.849656 0.606055 1754483208.548116 2 3 1
-29.68861315527767 19.853542239029135 1.67986 3.83913 0.0165134517010026 2.5562875757986605 10.9965 13.9697 0.9098 0.432909 1754483208.548116 2 3 1
-28.400842091388817 19.158257263609993 9.70401 3.88481 0.07165092339647483 2.5522907718115935 21.2213 15.3043 0.853256 0.393692 1754483208.548116 2 3 1
-35.16129205364097 3.0671982737090167 -0.268082 4.41766 -0.07153069696849368 3.0755928414370532 14.7476 19.9285 0.892807 0.636289 1754483208.548116 2 3 2
-35.18380966533337 3.1648932926608535 -0.164478 4.44803 -0.0407226468630002 3.0728003146338625 18.3892 24.6997 0.884017 0.667544 1754483208.548116 2 3 1
-35.36191820781326 3.1499886967935966 0.030633 4.41181 -0.07706938662933904 3.07358571279726 14.4977 19.2024 0.651059 0.437519 1754483208.548116 2 3 1
-35.6208 -0.633683 0.181025 6.4587 1.9769406027144996 3.175722380623968 8.88801 12.0677 0.83604 0.523543 1754483208.548116 1 3 1
-35.578 -0.701479 0.654908 6.54725 2.066099574486663 3.1777295092637616 6.66804 10.3538 0.64809 0.582453 1754483208.548116 1 3 1
-29.785846264514305 20.049417146264602 1.61352 3.75448 -0.06066647959661209 2.553128529852551 12.9718 13.9991 0.860432 0.453413 1754483208.548116 2 3 2
-29.621490924727137 20.342861076433273 2.24861 3.78905 -0.003038019578049056 2.543476859089022 15.0838 15.3631 0.758193 0.319239 1754483208.548116 2 3 1
-29.70956690145011 19.745791345509634 -5.24811 3.87326 0.04370307284449915 2.559237182234531 12.3996 11.1622 0.884204 0.518821 1754483208.548116 2 3 1
-1.8483959832333148 35.299752159740265 3.48875 -0.0301844 -0.2930923805423512 1.5968957939406456 15.8143 19.1201 0.667029 0.357514 1754483208.548116 2 3 1
-1.523502070042962 33.945914116705936 11.0059 -0.0557947 -0.2795392628918979 1.588163911692918 31.5904 24.0442 0.832258 0.400395 1754483208.548116 2 3 1
-1.3580885771120497 33.951557681603596 11.228 -0.0149287 -0.21627736571041464 1.5831722700322142 28.2129 20.9957 0.799757 0.503859 1754483208.548116 2 3 2
-35.48121749187001 -4.37397353355173 0.110662 4.44135 0.02330802112970254 3.290495232235115 14.7289 21.1427 0.822893 0.607304 1754483208.548116 2 3 1
-35.51412682382287 -4.375193456195219 0.611462 4.49445 0.0763232018174973 3.2903905124799953 17.4859 23.9824 0.781776 0.371614 1754483208.548116 2 3 1
-35.580514105965925 -4.287311533400653 0.239376 4.53749 0.11713314694821442 3.2876154389693246 10.8666 17.3739 0.59026 0.252166 1754483208.548116 2 3 1
-35.824158099729125 4.018508692832589 -0.142415 4.61971 0.1359111677102236 3.0497445152150173 8.47392 13.8315 0.666635 0.642264 1754483208.548116 2 3 1
-35.8385 -0.715564 0.357105 6.35738 1.8762510810065143 3.1777993224338412 9.41022 11.1681 0.886007 0.523605 1754483208.548116 1 3 1
-35.8432 -0.742443 0.485981 6.42463 1.9437390941733321 3.178567267304719 7.32041 11.0123 0.867728 0.671437 1754483208.548116 1 3 2
-35.9104 -0.899542 0.266764 6.48271 2.0032273809366616 3.1829480437272246 6.38625 10.3538 0.709455 0.374055 1754483208.548116 1 3 2
15.69175483683623 31.94982231769958 1.44229 -2.19248 -0.2056015329217027 1.0801212557176445 8.66564 10.686 0.739043 0.572585 1754483208.548116 2 3 1
15.616040380427679 32.033849534829585 1.46202 -2.14088 -0.1661246451716154 1.0831284580188307 12.5704 14.2725 0.810064 0.409152 1754483208.548116 2 3 1
-29.74423140744785 19.86543073928281 -5.66569 3.73544 -0.08861663746549286 2.5568984410368585 17.8844 12.6968 0.903293 0.386918 1754483208.548116 2 3 1
-29.793935162480334 19.893677495499432 -5.53579 3.77959 -0.0447133666294004 2.5570031607919783 14.7532 10.6683 0.895903 0.525101 1754483208.548116 2 3 2
-1.7682701944077903 35.64648358151683 3.71759 -0.200368 -0.4518099222565223 1.5943388865864738 12.864 12.6997 0.633436 0.358366 1754483208.548116 2 3 1
-1.4747639489906814 34.151468398339546 11.0635 -0.15044 -0.36714530810703905 1.586594860695375 30.5556 20.637 0.795277 0.527459 1754483208.548116 2 3 1
-1.323063636587607 34.138108287387205 11.1644 -0.0841242 -0.28044482563340817 1.5820517686524338 28.0432 19.42 0.742361 0.494386 1754483208.548116 2 3 1
-35.620192318364715 -4.3841918020528166 0.0889591 4.38314 -0.03515629145543464 3.290181072969756 15.6571 21.3984 0.842681 0.542646 1754483208.548116 2 3 2
-35.656787967162906 -4.369136353715867 0.100929 4.44215 0.02338860138966492 3.289605114316598 19.9076 25.9344 0.79664 0.366452 1754483208.548116 2 3 1
-35.78900717523492 -4.214065884673909 0.304394 4.46549 0.04282754190163551 3.284700739118494 17.2473 23.3592 0.458191 0.246239 1754483208.548116 2 3 2
-36.032420976336134 4.096072626928417 -0.1753 4.52072 0.03736932412678762 3.048086452425623 17.4845 22.9477 0.731965 0.624113 1754483208.548116 2 3 2
16.022085683583025 32.03891101481794 1.71732 -2.29055 -0.2754566706327881 1.0731050321246274 13.0617 15.4101 0.834295 0.535035 1754483208.548116 2 3 2
15.731349422263246 32.30653682262241 1.59891 -2.2764 -0.3045813657594614 1.0838562603169124 17.5217 20.3842 0.710537 0.323187 1754483208.548116 2 3 1
-35.513967962217684 -4.238027917942337 5.63967 4.34636 -0.07488487741289607 3.286498428248048 14.6267 16.8594 0.751579 0.285212 1754483208.548116 2 3 1
-36.16301016575382 4.255431596801932 0.0120949 4.39784 -0.08433891668720417 3.0439500220983966 14.2861 20.1108 0.55842 0.287901 1754483208.548116 2 3 1
-36.2251697510534 3.646310995815734 -0.0678062 4.45452 -0.032048225483886306 3.06124623498566 15.2172 21.1867 0.658002 0.812355 1754483208.548116 2 3 1
18.17800391431347 31.13276254390953 1.44955 -2.42321 -0.15183516733593683 1.0081595853286665 17.1045 10.7389 0.54189 0.483389 1754483208.548116 2 3 1
8.95381 35.4162 0.606346 6.31793 7.423273720353647 1.2896916656508637 19.3394 21.8982 0.639756 0.361157 1754483208.548116 1 3 2
9.18531 35.4651 0.699136 6.30921 7.439837729171671 1.2838797192417224 22.9756 25.3671 0.656865 0.258939 1754483208.548116 1 3 1
9.18145 34.4293 0.6 6.33887 7.504467587166316 1.2758267700730206 25.7916 20.249 0.564695 0.280564 1754483208.548116 1 3 1
9.24324 35.5955 0.737855 6.20244 7.335419565734813 1.2833386671736045 17.7829 20.2166 0.664943 0.259506 1754483208.548116 1 3 1
8.34667 36.0041 0.867347 6.32929 7.345385468098923 1.3101399431672291 16.7824 19.7404 0.705032 0.394547 1754483208.548116 1 3 2
9.58862 35.7957 0.957095 6.12845 7.294327710510916 1.275762192890697 14.1605 15.5219 0.692144 0.306128 1754483208.548116 1 3 1
9.08885 36.1584 0.378659 6.30588 7.402810184580225 1.2916237451328214 16.4898 18.8702 0.775503 0.37741 1754483208.548116 1 3 2
9.23224 36.2898 0.112135 6.30472 7.413786553426072 1.2888364543173865 20.814 22.1539 0.750335 0.566523 1754483208.548116 1 3 1
9.34984 36.2942 0.0198434 6.34096 7.463232245606671 1.2858013267481683 20.496 20.7869 0.706548 0.536276 1754483208.548116 1 3 1
9.50913 36.2399 0.188355 6.40756 7.549625152398924 1.281247762729715 12.3202 11.5708 0.588823 0.417244 1754483208.548116 1 3 1
-0.8125155193598435 36.320586057781384 12.1043 -0.0909508 -0.21964560568287808 1.5669860865492187 29.8035 20.1461 0.833959 0.674706 1754483208.548116 2 3 1
-0.8358838689998653 36.353948595465354 12.0599 -0.0543089 -0.1859658007069394 1.5676458210064725 35.055 25.2113 0.871232 0.696139 1754483208.548116 2 3 1
-0.9074992072731414 36.34284948249084 12.0376 0.00475569 -0.1359438604120425 1.5696599309632742 30.5443 20.2754 0.794635 0.678403 1754483208.548116 2 3 1
-37.86985861138709 6.8436898178642815 -0.0712113 4.44866 -0.0053684670337368345 2.9794950128222455 6.59268 11.1593 0.776936 0.526036 1754483208.548116 2 3 1
9.48523 36.3097 0.164768 6.20912 7.34619552082728 1.2823961893775273 11.1985 12.3411 0.7174 0.445724 1754483208.548116 1 3 1
9.40365 36.3868 0.0710233 6.25198 7.377341451049512 1.2850909777426065 20.0678 22.3362 0.743025 0.578194 1754483208.548116 1 3 1
9.50637 36.387 0.0741983 6.28274 7.419686589471829 1.2824258599748113 21.249 22.639 0.692323 0.545975 1754483208.548116 1 3 1
9.6137 36.4 0.378498 6.32255 7.471149441273562 1.279743288914496 13.6243 14.4106 0.587183 0.480604 1754483208.548116 1 3 2
-0.7268810771330476 36.51318273801977 12.1429 -0.178458 -0.29647940486954444 1.5646089481080026 37.7184 28.8213 0.87468 0.701813 1754483208.548116 2 3 2
-0.8630031387039767 36.533533780836336 12.0826 -0.142326 -0.2774621136446692 1.568420747194358 43.201 34.4332 0.864006 0.690605 1754483208.548116 2 3 1
-0.990682135645985 36.53612623760726 12.0456 -0.0873884 -0.23857169211004914 1.5719951815024424 37.922 29.0065 0.819804 0.556004 1754483208.548116 2 3 2
-1.4954739531870447 36.62775266742917 11.999 -0.0330814 -0.24748454376999957 1.5860817338952888 29.8234 20.9721 0.689244 0.397882 1754483208.548116 2 3 1
-38.116147916736 6.874690707413695 -0.191773 4.42705 -0.02712021123768693 2.979739358917525 10.8513 17.0652 0.485979 0.287709 1754483208.548116 2 3 2
-0.7375135098757517 36.63675404326877 12.2011 -0.245972 -0.36541969952764497 1.5649265980318654 33.8427 23.0035 0.845728 0.685055 1754483208.548116 2 3 1
-0.8985795446308331 36.655479492755376 12.1141 -0.203846 -0.34347205874880354 1.569420820855751 39.1819 29.321 0.834918 0.637966 1754483208.548116 2 3 1
-1.1425946664600501 36.72798347096972 11.9968 -0.156706 -0.3268409504497077 1.5762171329630168 33.428 24.1471 0.740129 0.345556 1754483208.548116 2 3 1
-1.3786374197642184 36.80423162810722 11.4331 -0.110197 -0.3097052127488422 1.5827621176579956 30.4893 21.7012 0.86937 0.513811 1754483208.548116 2 3 2
-27.75428390004228 28.133618312013567 -2.51828 3.26124 0.013463140456727807 2.346551359586502 20.978 25.5405 0.87865 0.231976 1754483208.548116 2 3 2
-27.504603572990902 28.5018639636021 2.84567 3.29492 0.08266128320743915 2.335171812863499 10.7303 15.2191 0.514727 0.324029 1754483208.548116 2 3 2
-36.94104337505894 -10.924308809633335 -4.70112 4.2025 -0.020696539610932874 3.456650577024975 11.1796 11.3562 0.441277 0.493507 1754483208.548116 2 3 1
-37.49345786159921 -9.865873102208145 -3.72203 4.25997 -0.008510249360608846 3.425723342679636 10.658 12.9819 0.527267 0.389316 1754483208.548116 2 3 1
-36.99634941155514 6.870563031499465 11.5125 4.43698 -0.014336289136752 2.9749047968895006 15.4238 12.6262 0.518424 0.3051 1754483208.548116 2 3 1
-38.953398047484704 -5.346108045694573 -0.0887726 4.51127 0.10291384074940879 3.3020842184683574 3.90049 10.5449 0.430255 0.335656 1754483208.548116 2 3 1
-4.838534935166177 37.01981223484666 12.8162 0.252958 -0.3715423124915087 1.6778162393801108 18.303 13.8903 0.544124 0.330688 1754483208.548116 2 3 1
-4.399856469019767 37.008046008937036 12.9422 0.320916 -0.25034622315370103 1.6658572433454455 19.2413 13.9726 0.794663 0.618471 1754483208.548116 2 3 1
-27.74978186127272 28.37708089289807 -2.38917 3.19426 -0.03945775331297208 2.3420309568238364 16.0992 19.5111 0.829212 0.304949 1754483208.548116 2 3 1
-27.466863352698564 28.807892669538482 3.00442 3.2124 0.019655344540188135 2.328975894018919 9.70075 12.3705 0.671312 0.258595 1754483208.548116 2 3 1
-36.98577909148673 -11.54438094188724 6.28969 4.23946 0.039866393195787 3.4717651283472466 14.7118 14.2078 0.675717 0.251496 1754483208.548116 2 3 1
-39.38832976722486 -0.7857991415362077 4.96338 4.47901 -0.00046105239273330767 3.1829829503122644 13.2523 15.7423 0.527294 0.284787 1754483208.548116 2 3 1
-4.48301158684645 37.303720067861256 12.8899 0.198796 -0.37911394698037615 1.6673494998559006 19.631 14.1725 0.576609 0.525653 1754483208.548116 2 3 2
-39.675742019698816 -0.8723779157153788 5.0913 4.33765 -0.14117648042929432 3.1849028124894585 9.91888 12.1 0.532591 0.222983 1754483208.548116 2 3 1
-40.066426179002235 -1.5267809105702144 1.35323 4.45195 -0.020760176654267326 3.2011518278255253 12.6042 17.6326 0.537475 0.375339 1754483208.548116 2 3 1
-39.830619072850936 -1.8699108999544483 -4.34543 4.49115 0.022409705984240524 3.2103148063984954 13.5497 17.7502 0.699422 0.248915 1754483208.548116 2 3 2
-39.77943738762304 -2.3161677745230618 -4.88801 4.53706 0.07384268742186961 3.221833979461658 10.434 13.9226 0.657322 0.234048 1754483208.548116 2 3 1
17.082304518069662 35.71430992252923 0.939061 -2.10668 -0.17612688479635996 1.0940559644655672 11.3498 14.1608 0.90097 0.63392 1754483208.548116 2 3 1
17.030206413811488 35.743373396116425 0.895522 -2.06192 -0.1375203049845377 1.0955726555855503 12.4937 15.4836 0.914262 0.696735 1754483208.548116 2 3 1
-28.085236494065974 27.02575885188892 11.3195 3.1826 -0.14718095664690845 2.3733596168971345 24.1859 11.5885 0.789081 0.31479 1754483208.548116 2 3 2
-40.31627107456885 -2.1474492445378246 0.133239 4.39817 -0.06769005048468113 3.2164758186580356 12.3105 17.3004 0.601824 0.315693 1754483208.548116 2 3 1
-40.032745573302044 -2.27353810470182 -5.03893 4.43125 -0.03277272279585386 3.2202282765498236 13.5884 16.9829 0.653974 0.273157 1754483208.548116 2 3 2
-40.335924415125874 -0.32395841273932735 5.2173 4.44769 -0.03563061723477645 3.170276953357746 13.5207 14.6517 0.531626 0.229562 1754483208.548116 2 3 1
17.218728066481873 35.860252709299125 0.963304 -2.20377 -0.2676479413081121 1.0926823903442477 12.1713 14.8193 0.921892 0.629342 1754483208.548116 2 3 2
17.12043738211763 35.890539055034125 0.850368 -2.15117 -0.22543869449698928 1.0952445336861754 12.4609 15.3778 0.91713 0.666999 1754483208.548116 2 3 1
-41.15650963212952 1.926924766279782 0.0773738 4.46171 -0.029958451320892365 3.1137282855931296 9.70483 11.8589 0.408965 0.436219 1754483208.548116 2 3 1
-36.29255288940651 -14.618651720446085 12.119 4.11099 0.05473098129996501 3.553097471490182 24.0068 13.4523 0.404004 0.381764 1754483208.548116 2 3 2
0.02116995978013858 39.46838140206672 11.888 -0.178441 -0.21171475872721418 1.5457384482354397 28.5607 20.7517 0.80381 0.663547 1754483208.548116 2 3 2
-0.478997446485306 39.41247911010779 12.273 -0.13328 -0.2245524138052383 1.5586521393709458 32.245 25.0966 0.777105 0.547196 1754483208.548116 2 3 1
-0.5950555523261588 41.26094523417865 1.57969 -0.0851262 -0.19177601755674634 1.5620764753633585 20.2085 24.9643 0.841976 0.417744 1754483208.548116 2 3 1
-1.1810597081336225 39.65708079067989 11.9384 0.0397722 -0.13297140947278055 1.5767983276039308 29.0481 22.5831 0.671417 0.340907 1754483208.548116 2 3 1
17.72456991945038 37.294981647215664 0.562618 -1.93635 -0.021114273714725185 1.097829366308379 8.53969 11.0946 0.877976 0.678135 1754483208.548116 2 3 1
17.576377543912063 37.36811577607445 0.587644 -1.88507 0.013769654721385916 1.101861076880486 9.68588 11.6032 0.877094 0.642313 1754483208.548116 2 3 1
0.01343297790094583 39.65183100416226 12.0059 -0.274346 -0.3090465111220524 1.5460560981593028 24.9075 14.5223 0.763897 0.727708 1754483208.548116 2 3 1
-0.4951100257732271 41.39814322852393 1.23263 -0.211491 -0.30721529807179987 1.5596434863860786 18.2439 21.3955 0.852621 0.419119 1754483208.548116 2 3 1
-0.5529924818365809 39.62459117850403 11.7535 -0.159292 -0.2594210628175635 1.5606243614256994 30.443 24.6057 0.87734 0.532999 1754483208.548116 2 3 2
-1.1549977568320533 39.76169605269856 12.0179 -0.0852237 -0.25488861566100557 1.5761124132078972 32.2729 25.4905 0.747933 0.343948 1754483208.548116 2 3 1
-1.2798320045685996 39.82446715339993 11.9672 -0.0318824 -0.21586684945167045 1.5793028750805427 32.1828 25.6199 0.695281 0.478217 1754483208.548116 2 3 2
-40.353433384853936 -9.709324714282774 -0.703173 4.36451 0.06453985295742815 3.4023708372879518 17.6578 21.6953 0.406969 0.356257 1754483208.548116 2 3 2
-40.59270740455545 -9.075347596002677 -0.92663 4.42204 0.10124115744220585 3.385877475856605 14.1586 18.2382 0.407395 0.350837 1754483208.548116 2 3 1
18.754028790421597 36.98509294682252 0.847775 -2.32325 -0.3043461294545633 1.0721555730115424 11.6935 14.7987 0.852558 0.584771 1754483208.548116 2 3 1
18.346812965051097 37.213133953990734 0.838341 -2.26844 -0.2951070987159854 1.0834810145277336 9.89314 12.9378 0.884817 0.593045 1754483208.548116 2 3 2
17.991875552327866 37.452209247479345 0.706007 -2.05853 -0.12692933367193793 1.093797655736272 16.9345 20.5488 0.93452 0.711985 1754483208.548116 2 3 2
17.86636867992659 37.50888519897614 0.585847 -2.01778 -0.0997153705856042 1.0971329799368332 18.3212 21.3543 0.930722 0.685395 1754483208.548116 2 3 1
17.67569478008271 37.59911587059808 0.635976 -1.95493 -0.05765348983954954 1.1022450493159246 9.62431 11.9883 0.853955 0.517155 1754483208.548116 2 3 2
-1.2427571618559605 41.68326257311565 1.70231 -0.183953 -0.3621330856763666 1.578009586104815 10.9208 13.5052 0.577871 0.233671 1754483208.548116 2 3 1
-38.50441372488814 -8.75453332538159 13.5028 4.2404 -0.07421890916153018 3.390869117517309 26.9603 17.7414 0.567162 0.255838 1754483208.548116 2 3 1
-40.60247989878826 -9.572057147220928 -0.860799 4.28941 -0.016742332031806306 3.397571181844967 14.741 18.3058 0.674093 0.333373 1754483208.548116 2 3 1
-40.94910255892137 -8.515509949314419 -0.320573 4.34582 0.006722409878839208 3.3705534850240952 14.6845 18.8056 0.606989 0.308706 1754483208.548116 2 3 1
18.99421846129808 37.08291154847842 0.734747 -2.41386 -0.3790612290722315 1.0681901849510111 8.06084 10.439 0.850932 0.57041 1754483208.548116 2 3 1
18.94103421194159 37.17118116805969 0.667369 -2.3713 -0.3451163398004713 1.0703404305894684 8.60158 10.9241 0.871416 0.581099 1754483208.548116 2 3 1
18.937953593605375 37.27410018810803 0.907772 -2.29214 -0.27098148254167187 1.0715935769924 6.94128 9.80699 0.86271 0.688739 1754483208.548116 2 3 2
18.26612741832987 37.515890576721084 0.79233 -2.1546 -0.20204722914481632 1.0886244998333607 15.0711 18.5233 0.928621 0.709434 1754483208.548116 2 3 1
17.986763298596106 37.63644048272524 0.742524 -2.09739 -0.17452049620278487 1.095949646703981 15.3957 18.8203 0.936573 0.669858 1754483208.548116 2 3 1
17.825712874625275 37.83006155001004 0.737384 -2.07969 -0.17951478902591145 1.101532954981111 8.81509 11.856 0.910595 0.543006 1754483208.548116 2 3 1
-40.23149126894056 9.436495094719552 10.629 4.40847 -0.007583117839537579 2.9253199928403415 20.3083 22.2833 0.834646 0.264237 1754483208.548116 2 3 2
-40.416218219532794 9.147183468157158 10.7394 4.42299 0.000515547551604989 2.933313600814476 21.8963 23.809 0.827366 0.273406 1754483208.548116 2 3 1
-41.718381053612966 9.30010229817507 -1.38132 4.47509 0.050384894557561566 2.9361759407877464 12.6852 22.1716 0.763744 0.311244 1754483208.548116 2 3 2
-42.57503235317619 3.630939095327982 1.36765 4.52622 0.03730174794991292 3.073830058892539 8.08939 12.6262 0.511708 0.289917 1754483208.548116 2 3 1
18.369184701809637 38.167454251752375 1.04564 -1.99821 -0.06595821819807313 1.0936370854450888 6.99423 9.86579 0.848255 0.668081 1754483208.548116 2 3 1
18.312104157062432 38.213352143011434 1.13372 -1.95618 -0.030838239946026302 1.0953405267950351 9.83149 12.3528 0.877989 0.641823 1754483208.548116 2 3 1
-40.453233836874006 9.416875630894724 10.7651 4.32064 -0.09676826250241799 2.9269780556297365 14.1172 15.6012 0.801959 0.253264 1754483208.548116 2 3 1
-40.56663723126737 9.159294652891013 10.7785 4.36521 -0.05763418616718319 2.933784839712514 20.7261 22.0657 0.849758 0.267695 1754483208.548116 2 3 1
-41.8905451872718 9.334444945628936 -1.2158 4.40472 -0.020012084822907283 2.9362108473727866 12.4263 21.4895 0.788451 0.426211 1754483208.548116 2 3 1
-42.82330977070537 3.7065627922340485 0.961841 4.43868 -0.05001255405882876 3.0724337954909435 10.4491 16.2803 0.566039 0.432736 1754483208.548116 2 3 2
-42.8956005868664 4.1515872569998615 0.934687 4.48926 0.002531694208308899 3.0619967265640176 12.9166 18.785 0.701548 0.467114 1754483208.548116 2 3 1
-41.321743920302744 4.082667141360419 11.9132 4.52416 0.03773154073660212 3.0606004631624217 20.2783 15.8864 0.623062 0.367047 1754483208.548116 2 3 1
18.449317010270242 38.42928770219495 1.11861 -2.13412 -0.20656869009574952 1.0947959840684127 9.00782 12.9878 0.878169 0.639421 1754483208.548116 2 3 2
18.347101256565505 38.45600157279813 1.10692 -2.07332 -0.15565944268667242 1.0972324637041968 11.0462 14.7987 0.914416 0.711243 1754483208.548116 2 3 1
-26.378215211584596 34.347047311045614 4.32669 2.761 -0.06741208866970672 2.219491390041315 8.34577 10.4626 0.86775 0.518626 1754483208.548116 2 3 1
-42.13698896865888 9.472094309366822 -0.804857 4.23036 -0.19281201383168955 2.934203718732993 0.585157 10.8212 0.475045 0.448255 1754483208.548116 2 3 1
-41.5593006923737 4.132596525034301 11.6397 4.40503 -0.0812336776263507 3.0598499715840646 23.3504 20.2754 0.459064 0.330938 1754483208.548116 2 3 1
-43.104783560667876 4.169059091071164 2.18803 4.44253 -0.04419461169493566 3.0619792732714974 13.1664 19.2377 0.569923 0.30721 1754483208.548116 2 3 2
-43.21782893090514 4.019912961058304 1.8629 4.47922 -0.008260594396079846 3.065696824578245 7.81633 13.9373 0.756423 0.360354 1754483208.548116 2 3 2
-43.23163916195905 3.9183619804335112 3.39239 4.52989 0.041949505550619826 3.068122832238518 4.65461 10.0363 0.735899 0.288815 1754483208.548116 2 3 1
-43.66275663507647 3.8029284601649413 1.13026 4.30718 -0.18136410398264324 3.0715436775724267 5.17519 11.7208 0.43797 0.201401 1754483208.548116 2 3 1
-42.08419530499137 3.6202182374467444 12.3509 4.34609 -0.14274183259688034 3.073289006824421 16.1505 12.5909 0.664879 0.367519 1754483208.548116 2 3 1
-42.29940046840402 3.80619805168178 11.7556 4.39382 -0.09431085099894165 3.0691700297897144 15.9188 12.9378 0.53607 0.321584 1754483208.548116 2 3 1
19.726162759620387 38.67455611873539 1.06742 -2.35404 -0.33088644248861643 1.0710961581555818 8.28855 10.9858 0.829241 0.616756 1754483208.548116 2 3 2
20.14783606121479 38.526212101665685 0.914633 -2.31625 -0.25225692123241394 1.0608859820314152 12.0501 14.4136 0.83451 0.611667 1754483208.548116 2 3 1
20.014469658268425 38.68884040534026 1.49714 -2.27847 -0.23253869675125438 1.0654081301233322 10.5149 12.6879 0.860116 0.370699 1754483208.548116 2 3 1
19.49633670331379 39.01495436526609 1.83882 -2.21023 -0.22090516536537663 1.0795138811379505 10.8715 13.4964 0.91708 0.411375 1754483208.548116 2 3 1
19.270572900562282 39.049531687111624 1.10403 -2.08368 -0.11442568792054231 1.0844915601646383 8.35273 11.5032 0.869259 0.65386 1754483208.548116 2 3 1
-39.14952974815928 -19.397563710278472 -0.309829 3.97671 0.07641010767956491 3.6280942694483787 18.3055 16.8977 0.825381 0.721114 1754483208.548116 2 3 2
-39.05481956925563 -19.625320202427158 -0.122812 4.01362 0.12601968344039793 3.63376658951736 21.8068 20.3666 0.655755 0.589342 1754483208.548116 2 3 1
1.6217845034290637 43.90508415758017 -1.76571 -0.236975 -0.11533927437128366 1.511247251557528 11.7728 16.4391 0.565299 0.3355 1754483208.548116 2 3 2
0.04411699178677664 42.34795064033391 12.5268 -0.1679 -0.2064966244031674 1.546923526797544 26.5657 20.981 0.836953 0.421309 1754483208.548116 2 3 1
0.48286472491754473 42.0183916945856 12.9401 -0.111746 -0.10170670501308084 1.5360955041181712 29.1364 22.201 0.764454 0.375392 1754483208.548116 2 3 1
-1.07610423239486 42.6243746184136 11.8651 0.0341522 -0.12541436077005721 1.5738626838020764 22.1168 17.7972 0.778842 0.49333 1754483208.548116 2 3 1
-1.154778403085947 44.17758662961227 0.81655 0.110949 -0.056263870794458395 1.5755661251520228 6.6146 11.5032 0.570231 0.370186 1754483208.548116 2 3 1
19.159375231234254 37.61974392987001 11.8625 -2.34632 -0.3223965608910486 1.0709041719378625 21.8243 13.3141 0.924204 0.392695 1754483208.548116 2 3 2
19.092488724499916 37.8937047961064 11.282 -2.30745 -0.30162441041025456 1.075412357395764 24.3981 16.6772 0.939756 0.383217 1754483208.548116 2 3 1
19.440838886101993 39.23003705916571 1.2204 -2.22079 -0.24540095777343018 1.0829713783861512 10.4708 12.5527 0.914477 0.615024 1754483208.548116 2 3 2
-38.95306604547939 -20.175918042269195 -0.246901 3.87736 0.017697304771219446 3.6460537074514 17.1295 10.7066 0.780059 0.673666 1754483208.548116 2 3 1
-38.89256380002293 -20.261638879432848 0.0888562 3.93839 0.08427215367097451 3.6484622618191525 19.8725 13.4052 0.615823 0.540199 1754483208.548116 2 3 1
1.7344139765738555 44.119191607711656 -1.38383 -0.318405 -0.18645657507588126 1.5089503982619032 10.439 11.659 0.531778 0.283801 1754483208.548116 2 3 1
0.032798106714782116 42.46832682218459 12.7347 -0.244601 -0.28472627274910456 1.5472638660016829 30.3943 20.1549 0.880847 0.41846 1754483208.548116 2 3 2
0.4645984471237785 42.27991299262179 12.7011 -0.188703 -0.181627039400018 1.536755238575425 29.6784 21.7953 0.834478 0.417449 1754483208.548116 2 3 1
-41.15153453552044 17.587427368797975 -0.878273 4.2109 0.01185506385000501 2.7461444918306035 15.0565 19.9815 0.613218 0.374631 1754483208.548116 2 3 2
-1.0536423100952228 42.720415255369986 12.2576 -0.0589632 -0.2160931845485184 1.5733198864047062 27.794 21.5983 0.697452 0.45432 1754483208.548116 2 3 1
-1.213389519730706 44.452289629893265 0.635257 -0.00405008 -0.17716187390543062 1.5768803580787745 13.3362 16.98 0.45597 0.383111 1754483208.548116 2 3 2
19.167838739904646 38.115172662640795 11.2028 -2.40258 -0.4004518672794024 1.076332145911565 18.0725 10.9388 0.904986 0.321364 1754483208.548116 2 3 1
0.44963898926125834 42.49991218932358 12.7534 -0.279796 -0.2751346104957251 1.5372927999850392 21.1833 12.3675 0.728001 0.425939 1754483208.548116 2 3 1
-41.306340297698625 17.758805327195795 1.13232 4.12903 -0.06641354058637106 2.743893017095531 10.446 15.5777 0.837256 0.380403 1754483208.548116 2 3 1
-44.33236003674406 8.182142224651843 2.59137 4.40913 -0.04114105491296627 2.973176920930026 5.31368 12.9525 0.513803 0.501346 1754483208.548116 2 3 1
-44.69354298030696 8.901099451999146 -0.366216 4.47586 0.034933112667554944 2.9586034216758734 5.70888 14.2636 0.559022 0.362526 1754483208.548116 2 3 1
19.77710352499206 39.967668431739845 0.918453 -2.29335 -0.32239779224123577 1.0840709358149077 7.44593 10.3303 0.888162 0.400492 1754483208.548116 2 3 1
19.71307620042248 40.049813997770705 1.38215 -2.25919 -0.2968929425543618 1.0862142001363568 7.30903 10.4626 0.835837 0.434118 1754483208.548116 2 3 2
-41.39794969834395 18.716222316658573 -0.146532 4.10288 -0.061080184954879435 2.7247467552011533 6.67134 12.6879 0.496105 0.206963 1754483208.548116 2 3 1
-41.99886924742802 17.65694883135839 0.144631 4.28633 0.07792244424287897 2.7520611579948646 8.21666 14.5988 0.660381 0.265167 1754483208.548116 2 3 1
-45.040044535219494 9.173884952326688 0.257276 4.38472 -0.0530804448531077 2.954030659035648 4.52869 12.9143 0.425138 0.313604 1754483208.548116 2 3 1
-45.14791020227959 9.036122336283007 0.434406 4.43766 -0.002511744944861505 2.9574864109545973 2.02787 10.4273 0.439753 0.304708 1754483208.548116 2 3 1
-42.328875089200174 17.628656376960155 0.0988136 4.15311 -0.06058925774743962 2.7554470967437337 6.62794 12.7438 0.64424 0.571514 1754483208.548116 2 3 1
-42.60825223462436 18.17649593441088 -0.416883 4.1742 -0.025484810090325993 2.7465459175585623 9.23091 15.9422 0.640455 0.577855 1754483208.548116 2 3 2
-42.90145142768644 17.67695770242709 -0.240421 4.23633 0.016768915006382556 2.759234461220561 8.09086 14.8781 0.402864 0.492979 1754483208.548116 2 3 1
-43.19202300371653 17.024004850746287 -1.60196 4.29382 0.05049135326878673 2.77501223765859 8.68484 15.8158 0.536424 0.319369 1754483208.548116 2 3 1
-45.48671004550931 -7.685330795111495 1.21908 4.35347 -0.029134525428117897 3.3299920332077466 9.11781 14.6429 0.414734 0.242605 1754483208.548116 2 3 1
-45.409306364743045 -8.071312443103047 1.22291 4.43535 0.061445895808740936 3.3386663195901587 9.99562 14.7605 0.454122 0.230093 1754483208.548116 2 3 1
-40.18507361408361 18.136358062933837 14.248 4.05808 -0.10740711405934 2.72565432641219 19.6096 13.8874 0.709378 0.449909 1754483208.548116 2 3 2
-42.38049043638884 18.613693119421185 -1.05692 4.11083 -0.07125521330938245 2.7356550630261176 11.277 17.7561 0.746522 0.48876 1754483208.548116 2 3 1
-40.18608586732493 18.020167977706514 15.6453 4.11645 -0.053218473966445856 2.728150147242542 22.2348 14.4959 0.494337 0.328695 1754483208.548116 2 3 2
-41.35890469816989 17.477979631614506 13.2053 4.17173 -0.03387596445841279 2.75028092215783 21.5936 17.4768 0.552173 0.449217 1754483208.548116 2 3 2
-42.52343682566878 19.751964553430433 0.265478 4.19531 0.049698672175434666 2.7139955270088683 14.2357 19.1671 0.624785 0.397618 1754483208.548116 2 3 1
-46.27866272989487 7.00123640208117 1.33711 4.49176 0.024017966993926443 3.0057622180647603 3.31603 11.1946 0.741927 0.296285 1754483208.548116 2 3 1
-42.71543260534754 19.667408735857936 -0.209953 4.07476 -0.07671175056349 2.717398919050257 9.51795 13.7992 0.801834 0.359326 1754483208.548116 2 3 1
-42.63771603551077 20.084355283397095 0.00440359 4.10284 -0.033111356804143455 2.708445379987526 16.8395 21.9158 0.865556 0.632968 1754483208.548116 2 3 2
-42.774911932823905 20.32860836228538 -0.0283059 4.00733 -0.12235729434814768 2.7048849083134576 11.5529 13.5846 0.717183 0.603102 1754483208.548116 2 3 1
-42.86829195792441 20.775250208360262 -0.667018 4.17014 0.0544868877311826 2.6970134733869635 16.6048 22.2598 0.705424 0.3284 1754483208.548116 2 3 2
-1.122805663359615 45.77002422247901 12.269 -0.0025509 -0.16581532562251391 1.5746864792090178 28.6154 23.8825 0.874 0.618959 1754483208.548116 2 3 1
-1.4708656063967367 45.766957356143735 12.4103 0.0379575 -0.16004699859430074 1.5824270144416126 30.2596 25.5493 0.892582 0.662512 1754483208.548116 2 3 1
-1.6108124591909765 45.76503567973722 12.4318 0.0936145 -0.11836113044569833 1.5855406818271705 24.6574 19.8521 0.717252 0.571421 1754483208.548116 2 3 1
21.153082342477635 41.5906102145014 1.15621 -2.22448 -0.21385796516396338 1.0742185521873997 8.19508 10.8565 0.759784 0.603371 1754483208.548116 2 3 1
-40.86724664669464 19.787686341589154 15.025 4.04734 -0.069568147304083 2.6977116050877608 26.3803 16.0246 0.767516 0.330656 1754483208.548116 2 3 1
-42.976279519493765 21.034898734790044 -0.444501 4.08684 -0.0215260626220255 2.6929817628148567 15.7583 18.7174 0.828001 0.582938 1754483208.548116 2 3 1
-43.126777596877275 20.906953894090666 -0.589198 4.15407 0.03869954707667045 2.696856393754284 13.8864 17.1916 0.664032 0.543004 1754483208.548116 2 3 2
-1.1557321130890061 45.920850704673164 12.3439 -0.0780204 -0.2445046982935004 1.5754038095315874 30.069 23.2475 0.845388 0.582031 1754483208.548116 2 3 2
-1.4392737494058752 45.908733054309764 12.4303 -0.0258876 -0.22058698228779894 1.5816904854972709 32.6113 26.1049 0.888188 0.620657 1754483208.548116 2 3 1
-1.5318336789144045 45.970578569038395 12.3863 0.0126589 -0.1911723655601896 1.5837255394050964 27.8846 21.6806 0.698209 0.496884 1754483208.548116 2 3 2
-2.4892522565080784 47.66212992600117 -1.3822 0.202852 -0.09046968119803714 1.6036798887431474 7.24547 10.9417 0.709027 0.219399 1754483208.548116 2 3 1
20.505675222376208 42.593211317272456 0.937167 -1.91876 0.001849138299899744 1.0965064067353674 10.89 12.4057 0.851187 0.61558 1754483208.548116 2 3 1
20.39124287608118 42.66050959449581 0.670701 -1.86861 0.04053937676449593 1.09932685880659 18.3206 19.0172 0.866591 0.691679 1754483208.548116 2 3 1
20.35989470957648 42.65372889463057 0.604077 -1.81969 0.08730897796595882 1.0998556935699444 14.7832 14.6929 0.854864 0.68426 1754483208.548116 2 3 1
-43.40150455259897 20.946973352255668 -0.675004 4.02517 -0.09333540679581809 2.6986017230062784 10.1348 12.0941 0.802716 0.599464 1754483208.548116 2 3 1
-1.324147920949511 47.757383118658474 -0.0180294 -0.136951 -0.3187265370393566 1.5788106922314804 15.4578 17.1946 0.730265 0.425909 1754483208.548116 2 3 1
-43.562168955768506 20.60930470167563 2.62122 4.25222 0.11957838535659171 2.7065604243953723 13.2112 16.2303 0.438367 0.249339 1754483208.548116 2 3 1
-2.5336040139357356 47.91523377616981 -1.40625 0.0885433 -0.2081968546998536 1.604442597626269 10.1971 14.0902 0.569331 0.261094 1754483208.548116 2 3 2
20.78425350790086 42.67496196188111 0.893126 -2.01812 -0.07940930794289569 1.0920435998380178 15.6158 17.5826 0.822287 0.56756 1754483208.548116 2 3 2
20.552741497974463 42.74557858515434 0.655169 -1.94443 -0.026216506701797204 1.0970963280225414 21.9169 23.5327 0.762403 0.633518 1754483208.548116 2 3 1
20.599108247633186 42.726354935299256 0.780607 -1.90507 0.017459424184157024 1.0960334225080768 17.725 19.9903 0.705511 0.608419 1754483208.548116 2 3 2
-44.12818100472661 20.352067605463073 2.4329 4.07131 -0.078633665515353 2.7165088011317398 8.9409 10.9888 0.456591 0.204408 1754483208.548116 2 3 1
-48.27446185470105 -1.2886197364212182 5.86089 4.47434 -0.004170020573567079 3.185827836993015 12.7041 11.5855 0.727241 0.370537 1754483208.548116 2 3 1
21.209664746172663 42.689387838528724 0.917166 -2.1405 -0.17013955033124395 1.084217543472075 11.1684 10.5302 0.663952 0.26536 1754483208.548116 2 3 1
-24.36397748841033 42.12737700623216 -4.48751 2.3855 0.045363711831060805 2.086340221406667 9.10249 12.1941 0.587459 0.261947 1754483208.548116 2 3 1
-24.902070061746223 41.91574362908351 4.5427 2.43734 0.051269392209690956 2.0983655399529084 9.10315 11.3827 0.600039 0.355662 1754483208.548116 2 3 1
-24.569228891478343 42.306707402717905 -3.95243 2.29259 -0.054768977185518875 2.0882251769988214 13.1748 12.2558 0.678316 0.305065 1754483208.548116 2 3 1
-24.961695116623893 42.1555545696298 4.28385 2.33584 -0.044715303723011246 2.096916916673753 14.5424 13.0319 0.604902 0.38948 1754483208.548116 2 3 2
-47.74362283292256 12.533831803913264 6.14526 4.24236 -0.14774290668993206 2.896015914699357 9.21709 10.4479 0.420145 0.209941 1754483208.548116 2 3 1
-10.247104059153306 48.01085145878618 -5.34092 0.954179 -0.05651528387383109 1.7652869055023104 12.7836 11.1122 0.874976 0.529461 1754483208.548116 2 3 1
21.179647513966916 44.4465547379317 0.706271 -1.82266 0.07743707235873853 1.101552153602883 14.6875 13.5052 0.843979 0.694662 1754483208.548116 2 3 1
2.14452551081969 48.180625557420306 12.0377 -0.313076 -0.16616130844413876 1.505616819390594 25.5078 15.0809 0.796331 0.725856 1754483208.548116 2 3 1
2.0901115784709843 48.18740576387077 12.0833 -0.26206 -0.12031672179019395 1.5067687366969105 30.5432 19.8315 0.688656 0.596949 1754483208.548116 2 3 1
1.2231782756344254 48.22286505953587 12.2026 -0.208895 -0.14921759078178295 1.525044079294543 30.6782 19.0878 0.653123 0.567771 1754483208.548116 2 3 1
1.0207427382278995 48.26397914907437 12.119 -0.123554 -0.08317628519881795 1.529341079912953 26.4469 14.4782 0.632911 0.633327 1754483208.548116 2 3 1
-0.41579946111193833 48.346219063920294 12.1557 -0.0472318 -0.1427836676578199 1.5596050891425346 27.1236 14.7957 0.571514 0.317824 1754483208.548116 2 3 1
-0.3848866343029529 48.33750318557457 12.2418 0.0112859 -0.08133462927348031 1.558952336002289 25.5972 13.4846 0.621715 0.371503 1754483208.548116 2 3 1
2.004152639587659 48.36810223161915 12.0503 -0.395751 -0.2631835212676794 1.5088125172509959 27.0854 16.7889 0.829045 0.704909 1754483208.548116 2 3 2
1.9116631122814292 48.35704903528486 12.1034 -0.335489 -0.21155715241353307 1.5107358700866935 32.0529 21.563 0.727653 0.565399 1754483208.548116 2 3 2
1.2178815982853262 48.389298018816554 12.2454 -0.285399 -0.22693661181476532 1.5253146053286022 33.2691 22.1422 0.762094 0.531112 1754483208.548116 2 3 1
0.8390190709481715 48.44204510948631 12.2354 -0.204179 -0.18160439388567792 1.533304722644232 29.9913 18.5586 0.772 0.496345 1754483208.548116 2 3 2
-0.09638689419758201 48.5644809275916 12.1438 -0.138909 -0.20466769850405359 1.5529710926557043 33.1214 21.0368 0.814039 0.446206 1754483208.548116 2 3 1
-0.123240798689979 48.61236747565013 12.0576 -0.0948059 -0.16316703012955128 1.5535505419673665 32.6496 20.6723 0.804261 0.504236 1754483208.548116 2 3 2
1.7638493171744187 48.565877202438266 12.2099 -0.436657 -0.3277484628323445 1.5140816662627665 21.685 10.439 0.731419 0.473526 1754483208.548116 2 3 1
1.3069818774998476 48.569270780091706 12.3556 -0.373236 -0.30718568308553773 1.5236251266126717 24.6242 13.2788 0.748663 0.463773 1754483208.548116 2 3 1
0.6622752819992785 48.62007625968612 12.3808 -0.281786 -0.27641905383634474 1.53713572035236 23.3331 11.8295 0.718099 0.34676 1754483208.548116 2 3 1
0.018406426803728226 48.73707426596146 12.1193 -0.205785 -0.26107888744674873 1.5506410781042919 29.6842 17.4709 0.790713 0.380611 1754483208.548116 2 3 1
-0.05610430313046477 48.79459371627123 11.9852 -0.167638 -0.23001036900610444 1.5522171104188427 30.2468 18.197 0.747098 0.436892 1754483208.548116 2 3 1
-1.452614935989381 48.89265341018526 11.7404 -0.0521749 -0.24508853557662966 1.5812925504278164 21.9767 12.1059 0.655876 0.313463 1754483208.548116 2 3 1
-1.397419525389061 48.927566722270434 12.4987 0.041606 -0.14612253223772026 1.580137142462996 22.7136 11.5414 0.563249 0.423856 1754483208.548116 2 3 2
-2.0446695786635045 48.87689246087851 13.0255 0.0731289 -0.17503334572569001 1.5936075936298881 32.3551 19.8933 0.88159 0.744353 1754483208.548116 2 3 1
-2.1403192395632398 48.91876006199595 12.9304 0.100363 -0.1566204080881124 1.5955745796968859 31.0267 19.5552 0.896589 0.669294 1754483208.548116 2 3 1
-28.96103555993938 41.806119872546034 6.35323 2.55563 -0.09730666868361526 2.170168385379955 10.0592 10.5037 0.734947 0.477311 1754483208.548116 2 3 2
-28.989159148619493 41.73131829366928 6.59447 2.63907 -0.018608933216000434 2.1714773823189506 12.0555 11.8913 0.744089 0.579256 1754483208.548116 2 3 1
-1.6222170223591053 48.948737616854054 13.3067 -0.0563186 -0.2649817493957209 1.584802407553577 23.1975 12.1882 0.703993 0.536286 1754483208.548116 2 3 1
-2.028345503143817 49.03477449257669 12.9422 0.0148637 -0.23144339535072436 1.5931939505971657 33.3128 24.1971 0.910776 0.703761 1754483208.548116 2 3 1
-2.118564770406966 49.11530318880063 12.7411 0.0387893 -0.2157208375335771 1.5950230556532556 32.2417 23.9824 0.89294 0.528332 1754483208.548116 2 3 2
-1.996866579604173 49.09745291270343 12.4456 0.0705953 -0.17266675268490614 1.59251501751814 23.8728 15.269 0.672133 0.58061 1754483208.548116 2 3 2
-11.280929770151236 46.937904470550784 16.2704 0.913122 -0.21034802524282248 1.7911352317243465 21.2966 10.9829 0.853008 0.590001 1754483208.548116 2 3 2
-11.38921632073488 47.0832578794928 15.8742 0.945976 -0.18424807146931588 1.7926885747586214 22.5972 11.8589 0.917113 0.625681 1754483208.548116 2 3 1
-29.72017960994241 41.15874236742964 9.126 2.60714 -0.11782006071505613 2.19018731190033 16.7184 11.4885 0.839371 0.308694 1754483208.548116 2 3 1
-2.0027752017485327 49.29078949237529 12.8949 -0.097808 -0.3412266128947984 1.5925499241031797 22.7736 12.4263 0.887351 0.563871 1754483208.548116 2 3 1
-2.1177720847643497 49.22869487725187 12.5382 -0.0538634 -0.30805263281603384 1.5949514971539238 23.6878 15.1897 0.842064 0.567239 1754483208.548116 2 3 1
-1.7597359160047117 49.29699041266049 12.5797 -0.0123854 -0.23331902412916272 1.587537338491452 19.3105 10.7389 0.436688 0.58484 1754483208.548116 2 3 1
-29.817709279342946 41.641212345587135 8.48061 2.45753 -0.25307431915698686 2.186173054620743 15.9793 12.3998 0.640675 0.243549 1754483208.548116 2 3 2
20.51382628360079 46.97784721244165 1.19127 -1.79579 -0.03577605250580529 1.135704756405908 16.1517 15.6747 0.776821 0.54291 1754483208.548116 2 3 1
20.619584553771816 46.97150808063095 0.738434 -1.75284 0.015169461185736033 1.1337691862654462 14.9206 13.5904 0.786203 0.637464 1754483208.548116 2 3 1
-50.7372935907005 8.714711901667648 6.55995 4.4302 -0.026427241341401952 2.9840503221699506 9.68144 10.8359 0.810811 0.317673 1754483208.548116 2 3 1
20.54436985666829 47.14132970812906 0.844847 -1.85346 -0.09677164797249671 1.1365093531910775 17.7408 15.1397 0.784864 0.579101 1754483208.548116 2 3 1
20.677830322314144 47.10659762214349 0.574732 -1.81522 -0.04756367254186489 1.133854707398794 17.5648 15.66 0.753433 0.639361 1754483208.548116 2 3 2
2.280713332416914 51.1882000761684 11.6847 -0.257251 -0.11567226988405341 1.5068053886112023 21.3374 11.7854 0.852751 0.63948 1754483208.548116 2 3 1
2.306707315855035 51.13431968569633 12.0066 -0.210329 -0.06613319432006232 1.506222448641036 25.4007 14.7869 0.833946 0.641304 1754483208.548116 2 3 1
2.237512260876293 51.35699794242382 11.9107 -0.35049 -0.21369108232834905 1.507870039454919 26.2264 17.856 0.892942 0.695064 1754483208.548116 2 3 2
2.2185699656206044 51.34243071149267 12.0029 -0.304429 -0.16922077587794043 1.5082243412930736 30.3929 22.5655 0.882764 0.642224 1754483208.548116 2 3 1
2.1569499479552467 51.1795654357633 12.1814 -0.239452 -0.1088122160515004 1.5092418682469864 26.6976 18.5175 0.733414 0.346453 1754483208.548116 2 3 2
1.2441470395609233 51.435539988087235 12.0203 -0.158073 -0.1095582594891707 1.5275294281493828 28.3028 18.4763 0.789722 0.659123 1754483208.548116 2 3 1
1.2462737032323274 51.38212642698506 12.3753 -0.0918075 -0.042900806372568726 1.5274421616867833 23.6893 12.6145 0.689643 0.50517 1754483208.548116 2 3 2
0.05446798305176925 51.321959028969935 12.5398 -0.0452545 -0.1019750697664347 1.550958728028155 22.3333 12.4322 0.529906 0.366993 1754483208.548116 2 3 1
2.179496909638862 51.509499763737956 12.0482 -0.379663 -0.24882731100475725 1.5091982350156865 24.586 15.269 0.890372 0.578652 1754483208.548116 2 3 1
1.887749179788935 51.445040755603465 11.9324 -0.320841 -0.21543573232858965 1.514861828438408 22.9035 15.2543 0.748707 0.355153 1754483208.548116 2 3 1
1.2498960327766677 51.576996344563206 12.1357 -0.227359 -0.17888345482120105 1.5275381547956428 24.435 16.2744 0.757141 0.612917 1754483208.548116 2 3 1
0.7102540778635571 51.51237020642095 12.897 -0.175892 -0.17489950658566678 1.5381096140749724 24.2737 14.346 0.722228 0.329499 1754483208.548116 2 3 1
-0.20449273324908224 51.60786226822685 12.2375 -0.123923 -0.20402612889362437 1.556165045186854 26.1753 16.1715 0.760139 0.515972 1754483208.548116 2 3 1
-0.750819244811548 53.171243081715005 -1.43892 -0.068182 -0.19708838577177157 1.5670332104390226 15.96 13.1612 0.729244 0.284317 1754483208.548116 2 3 2
-1.4239419688644768 51.795482053918825 12.8044 -0.0116875 -0.19939253421491368 1.5801319064752402 24.8959 14.3783 0.880427 0.534692 1754483208.548116 2 3 1
-1.43160377949711 51.836734604722054 12.7996 0.0393707 -0.14897661165078882 1.5802750234739036 26.4075 15.1309 0.902961 0.713898 1754483208.548116 2 3 1
-0.36941597720252534 51.94800682797074 11.9967 -0.24136 -0.33637890003415616 1.5594864067533991 19.1383 12.4998 0.7978 0.328936 1754483208.548116 2 3 1
-0.9618827617002508 53.47031118142546 -1.43392 -0.185447 -0.3324462935538366 1.5710631756818776 12.2993 12.1941 0.713309 0.339032 1754483208.548116 2 3 1
-1.4681003582349672 51.937487266757486 12.9775 -0.0830247 -0.2744893519667003 1.5809696645161972 25.3283 16.004 0.865494 0.57456 1754483208.548116 2 3 2
-1.4828963846057377 51.94669047121753 12.9923 -0.0242488 -0.21700578966681006 1.5812576438427763 27.8644 17.8619 0.85375 0.681806 1754483208.548116 2 3 1
18.068412821833483 50.589353256882774 0.518074 -1.45065 0.015027048768772033 1.2059368055061597 19.523 16.2421 0.750614 0.615333 1754483208.548116 2 3 2
18.12840789893319 50.57413424248885 0.515341 -1.41394 0.0566343591372136 1.2047831428705915 23.7369 19.6875 0.773548 0.674328 1754483208.548116 2 3 1
17.230619133427812 50.92220159076355 0.669527 -1.37479 0.018896267294366664 1.2228438099702288 17.0576 11.8883 0.695245 0.580046 1754483208.548116 2 3 1
-45.8290811715505 -27.77866657964711 0.689095 3.9007 0.19251662523664592 3.7087284808905165 17.5379 10.1627 0.813733 0.38185 1754483208.548116 2 3 1
-1.5159734304141286 52.13891699463781 13.3197 -0.132891 -0.32836576272370577 1.5818632730932183 19.1537 11.5679 0.481154 0.381818 1754483208.548116 2 3 1
-52.08715935007862 -13.176777216039437 2.27392 4.25505 -0.036862426079787625 3.4085143962549713 15.0604 14.0726 0.548248 0.251213 1754483208.548116 2 3 1
-52.148228574742575 -13.143551132936055 2.5834 4.29386 0.0007470237652649203 3.4076068250439344 14.5032 12.1235 0.459042 0.302586 1754483208.548116 2 3 2
-53.91588589485545 7.725565522289247 6.2714 4.44799 -0.02241594540923142 3.011678884229021 10.4993 11.1122 0.466091 0.843421 1754483208.548116 2 3 1
18.551197531190077 50.58547852035444 0.566845 -1.53665 -0.035092748062975465 1.1974737039632393 19.3568 17.2299 0.716811 0.543609 1754483208.548116 2 3 1
18.351033026830926 50.648476199927416 0.545067 -1.48467 0.0002885757009027934 1.2013919681339666 23.1497 21.1867 0.77656 0.644488 1754483208.548116 2 3 1
18.170559500642735 50.767334867984886 0.616569 -1.45917 0.00904115073785694 1.2053399029019776 17.5071 15.1485 0.706324 0.485433 1754483208.548116 2 3 2
2.682266989380827 53.612033858486164 12.0012 -0.189 -0.026580099907295374 1.5021628128008975 20.3824 15.2161 0.58873 0.464476 1754483208.548116 2 3 1
2.752661733516633 53.57384270810099 12.0673 -0.11524 0.0533610829166017 1.5007857480210738 22.8905 16.8477 0.641729 0.38255 1754483208.548116 2 3 1
-53.802420893350664 11.239216516826955 6.13031 4.30957 -0.12302500970400132 2.9467002761772725 10.9646 14.9515 0.473536 0.506051 1754483208.548116 2 3 1
-53.751343302722304 11.307357802059233 6.46591 4.38509 -0.04646091085429127 2.9452691061906364 6.75108 10.4802 0.444021 0.49402 1754483208.548116 2 3 1
19.177535202701502 50.64589872837426 1.40032 -1.62952 -0.08385471716698878 1.187034889707061 12.4588 12.3087 0.531589 0.276972 1754483208.548116 2 3 1
-45.68683127008187 -28.91643315730169 6.15569 4.03918 0.380567837787793 3.7280143691250536 21.3455 11.8237 0.437755 0.218781 1754483208.548116 2 3 1
2.997920960920185 53.87042101568466 12.1422 -0.333236 -0.14574869485391087 1.4965777591945155 32.6784 27.5484 0.875408 0.675487 1754483208.548116 2 3 1
2.80882129298242 53.93264136723654 11.9854 -0.285456 -0.1142462241626962 1.5002045533801598 31.76 27.6395 0.811891 0.570148 1754483208.548116 2 3 1
2.3490795389231693 54.00695330464787 11.9185 -0.227338 -0.09519367170015305 1.5089067650306034 29.9645 25.2495 0.807663 0.356824 1754483208.548116 2 3 1
1.818964257408906 54.003759070867495 12.0061 -0.14705 -0.05949119667165381 1.5188359431451992 23.7536 19.0966 0.679364 0.449804 1754483208.548116 2 3 1
0.23403888363156986 54.12843519833841 11.8677 -0.0672068 -0.1134936525297788 1.5486356947937503 16.1755 10.98 0.401875 0.228129 1754483208.548116 2 3 1
-53.987213644909204 11.52700125052756 7.46952 4.50332 0.07407981120947849 2.9421449668295674 7.58883 12.1705 0.492017 0.289739 1754483208.548116 2 3 1
21.706834361205395 50.32222596520011 0.971048 -1.78203 -0.046924178721968746 1.1417243969960365 10.5417 11.3445 0.728347 0.477008 1754483208.548116 2 3 1
2.9399561415792874 53.82272737497024 12.217 -0.385182 -0.20227691602523784 1.497598776806932 21.7841 15.4307 0.677061 0.523719 1754483208.548116 2 3 1
2.984393978740772 54.01681199729606 12.1603 -0.398382 -0.21294687942941204 1.497035035458538 32.8426 24.2294 0.832161 0.649504 1754483208.548116 2 3 2
2.6380676897867854 54.148729714157945 11.9533 -0.365109 -0.20948170496503152 1.5036760132623763 34.4766 27.3749 0.788677 0.448756 1754483208.548116 2 3 1
2.339140902384656 53.90132535985462 12.6195 -0.315772 -0.18391760878548397 1.5089713422129272 34.9127 28.3068 0.886391 0.411927 1754483208.548116 2 3 2
1.9962630454133086 54.249013699249126 11.832 -0.243611 -0.1422655296610348 1.5157659089909412 27.9999 22.5567 0.838084 0.525302 1754483208.548116 2 3 2
0.8920061702945754 54.43842820686609 11.7061 -0.189549 -0.18135198918686052 1.5365056564923898 23.4034 17.5121 0.785406 0.472419 1754483208.548116 2 3 2
1.0731635290816874 54.40766260627994 12.0539 -0.107019 -0.08357421821518302 1.5331109910972607 22.8615 17.2181 0.682235 0.463756 1754483208.548116 2 3 1
-54.33998458805357 11.73266221603263 6.38362 4.36836 -0.05905600885613982 2.9397189591692947 11.5912 16.5067 0.512197 0.298769 1754483208.548116 2 3 2
23.31009839145452 49.89662899635694 0.627522 -1.93524 -0.07720378770614622 1.1118618134944136 12.7426 12.5586 0.858678 0.658536 1754483208.548116 2 3 1
22.037252051999275 50.62400885867089 0.61648 -1.77162 -0.023319209552524756 1.1385374257818948 18.5919 18.8408 0.803413 0.684448 1754483208.548116 2 3 2
22.08437536687909 50.62717937302695 0.777839 -1.75046 0.00097433733995822 1.1377799528865293 19.1836 19.1877 0.807006 0.651574 1754483208.548116 2 3 1
2.9576280870644056 53.980299992153356 12.3986 -0.469165 -0.28575077083614975 1.4974853304055527 22.1766 11.9236 0.73886 0.636251 1754483208.548116 2 3 2
2.572949140700521 54.0704868268593 12.6835 -0.46316 -0.31255491862772367 1.5047947693129047 27.9497 17.2916 0.699216 0.331713 1754483208.548116 2 3 1
2.4040568792330292 54.08076719069449 12.6597 -0.405323 -0.26894722081618605 1.5079642872345265 28.2045 19.6875 0.842045 0.450241 1754483208.548116 2 3 1
1.9919114150393706 54.08714807336865 12.8229 -0.328582 -0.2268524911790863 1.5156803878575933 22.0609 14.9809 0.795187 0.383066 1754483208.548116 2 3 1
1.2201716370558993 54.60343018601029 11.7603 -0.249581 -0.21450261571580315 1.5305209224873013 22.4154 16.0363 0.849937 0.495641 1754483208.548116 2 3 1
1.2133277011895733 54.4898808017326 12.5062 -0.195826 -0.16093575856882347 1.530562810389349 25.2016 18.1735 0.840458 0.634556 1754483208.548116 2 3 1
1.1576653917948376 53.94858312549247 14.0657 -0.10495 -0.07291326582039297 1.5311981102370749 22.8097 14.8575 0.484549 0.309554 1754483208.548116 2 3 1
-0.6605885197638632 54.59667751147094 12.6956 -0.0502244 -0.1720466182237086 1.5654554327952197 24.8784 17.6297 0.827811 0.527892 1754483208.548116 2 3 2
-0.9280169306911848 54.541048287200674 13.1699 -0.000805044 -0.14495225015140994 1.5704278758341517 25.3925 18.4939 0.677585 0.435793 1754483208.548116 2 3 1
22.305966305439494 50.68232902871406 0.742102 -1.84786 -0.0830580438181312 1.1345458577825835 17.0118 17.0799 0.776809 0.583741 1754483208.548116 2 3 1
22.22475621558831 50.75269499598611 0.919275 -1.82485 -0.06780089929918653 1.1364220867284776 18.2931 18.197 0.77722 0.561325 1754483208.548116 2 3 1
22.244363045121634 50.896654420263786 1.38843 -1.83359 -0.079752032571204 1.137198758245615 11.784 11.8619 0.717909 0.485261 1754483208.548116 2 3 2
-0.4295904117640264 54.85895634719514 12.531 -0.148078 -0.25083263325805616 1.5612090467251176 22.432 14.684 0.867992 0.543757 1754483208.548116 2 3 1
-1.0126874895251903 54.79303400697917 12.8841 -0.0846099 -0.23580102719128038 1.5719969268316945 23.5657 16.0216 0.825433 0.459316 1754483208.548116 2 3 1
24.532723096440886 50.139076505570394 1.04246 -1.95582 -0.025266884796359967 1.0940559644655672 11.1317 11.5385 0.724694 0.597345 1754483208.548116 2 3 1
-35.902915619046055 43.43540619519026 6.89278 2.89347 -0.06574456181645472 2.257574474319831 10.5868 10.3273 0.774475 0.470901 1754483208.548116 2 3 2
-36.1321249026755 43.24891300336167 7.23662 2.92814 -0.049137951348408926 2.2629326351234536 12.2428 11.2886 0.764773 0.390628 1754483208.548116 2 3 1
2.893721700469597 56.440086621888426 12.0562 -0.257484 -0.09369308813086 1.5018573801817983 16.1285 10.4743 0.503333 0.394232 1754483208.548116 2 3 1
2.8000699113367364 56.44874106866392 12.231 -0.215771 -0.05954826028887089 1.503543368239225 21.8484 15.6982 0.695104 0.537146 1754483208.548116 2 3 1
2.5178925909322856 56.43151400609692 12.3765 -0.161909 -0.028275814293203666 1.5085751524727244 19.3696 13.2465 0.643709 0.442576 1754483208.548116 2 3 1
3.3805660522228513 56.69077728748157 12.1196 -0.38408 -0.18279240160475552 1.4935024890525015 25.9535 19.855 0.877999 0.597013 1754483208.548116 2 3 2
3.347665282553189 56.67790758961391 12.2327 -0.341933 -0.14319071934131886 1.4940697210593996 31.9019 25.6493 0.891848 0.530903 1754483208.548116 2 3 1
3.2103648699287097 56.675467426347986 12.3285 -0.291084 -0.1032912203390251 1.4965096913536877 29.0691 23.0359 0.859624 0.429999 1754483208.548116 2 3 2
2.3442945842092366 56.88301648470262 11.8917 -0.229332 -0.1117870547174995 1.5121583134270689 23.797 17.6297 0.742831 0.435376 1754483208.548116 2 3 1
2.0121720404415004 56.922437172401416 11.9535 -0.155813 -0.06494657049490002 1.5180994142008577 21.5178 15.6924 0.749819 0.554344 1754483208.548116 2 3 1
-41.1126776872253 42.10005684967035 1.3141 3.21572 -0.0188681874089216 2.3423102095041557 11.529 13.1113 0.79161 0.595557 1754483208.548116 2 3 1
3.4693229384991833 56.80875396388953 12.2 -0.451603 -0.24397197025637915 1.492088772358386 24.8927 18.0706 0.887644 0.544829 1754483208.548116 2 3 1
3.450583764895197 56.801785127423 12.2402 -0.402545 -0.19636274254291092 1.492411658270005 30.9133 23.2798 0.891896 0.44612 1754483208.548116 2 3 1
3.4135810391387778 56.825843201414365 12.2448 -0.350582 -0.1474931389084897 1.4931010633245427 28.7794 21.5807 0.846012 0.314807 1754483208.548116 2 3 1
2.2734245776363604 57.06350748064367 11.8102 -0.289431 -0.1783672403484528 1.5136017007184683 26.5546 19.076 0.790411 0.516346 1754483208.548116 2 3 2
2.235453873356931 57.04637332755282 12.1011 -0.229109 -0.12099202359752828 1.5142579445172182 25.7963 18.6821 0.697864 0.487987 1754483208.548116 2 3 2
0.5300124094658608 56.95799710927938 12.8286 -0.103449 -0.13109411076645192 1.5444853018325078 20.033 12.8438 0.748944 0.327495 1754483208.548116 2 3 1
-41.231420095505776 42.30898179546475 0.972592 3.10406 -0.12726275949163668 2.341263011952959 7.76515 10.0187 0.578548 0.419578 1754483208.548116 2 3 1
3.5566551268143884 57.02333823909438 12.432 -0.525191 -0.3119765273764832 1.490844352601714 16.7748 10.733 0.800497 0.269912 1754483208.548116 2 3 1
2.78669420108322 57.21901575000854 12.1902 -0.312801 -0.16174931779693333 1.5046952855455413 19.0563 11.415 0.494027 0.381047 1754483208.548116 2 3 1
0.5680887957744799 57.06992820752272 13.2305 -0.195794 -0.22063260935717438 1.543860473960294 20.7235 12.4087 0.773497 0.335261 1754483208.548116 2 3 1
0.5157080496620419 57.683979364363296 11.872 -0.0860708 -0.11634993581067218 1.5450717324611778 20.18 14.049 0.891955 0.496511 1754483208.548116 2 3 1
0.7040840660002952 58.00175478726892 10.2003 -0.0367222 -0.05285903034209751 1.5419231584905801 15.182 10.1451 0.880721 0.426322 1754483208.548116 2 3 1
1.2429429504254927 58.0238874375508 11.54 -0.228936 -0.20287285722250561 1.5325280511270947 19.2449 11.5062 0.655326 0.668656 1754483208.548116 2 3 1
-55.96651038709838 20.86130915836575 -1.03101 4.31148 0.043701264832055386 2.792029197865535 14.726 17.0446 0.809907 0.477849 1754483208.548116 2 3 1
-56.017698816841936 20.66287183135025 -1.66269 4.34887 0.07622838764104944 2.7955198563695234 14.5676 17.368 0.838622 0.367681 1754483208.548116 2 3 1
-56.623068845123875 7.3512288082364625 17.6421 4.60984 0.13417604057298949 3.024559414108739 25.3696 16.3068 0.846642 0.582826 1754483208.548116 2 3 1
-56.6432930560803 8.120311392082398 17.4126 4.63325 0.16314255781156284 3.0109982058207434 20.6381 12.9555 0.761419 0.524166 1754483208.548116 2 3 1
-56.11152505705252 20.87402255017825 -1.61 4.23629 -0.03239228948714956 2.7926749696887723 18.3946 19.9374 0.859924 0.48566 1754483208.548116 2 3 1
-56.17936205052455 20.683001421156614 2.45211 4.28029 0.006802734967035207 2.7961307216077214 17.9797 20.6782 0.875185 0.369374 1754483208.548116 2 3 2
-54.11050616974125 19.567966649566525 17.3584 4.30692 0.024969247148129092 2.8023091871597816 23.758 15.7335 0.78214 0.392745 1754483208.548116 2 3 1
-56.80385950814908 7.710823811481782 17.691 4.44149 -0.03182958910879741 3.0185903880669187 28.5586 20.7458 0.724194 0.603412 1754483208.548116 2 3 2
-56.79827185739932 8.095275358900647 17.5944 4.51688 0.0464206963295295 3.0118010572766605 36.2155 28.739 0.82575 0.574115 1754483208.548116 2 3 2
-59.92077548774675 2.126138572301096 1.9887 4.54131 0.049822267201867554 3.1192086194443918 31.7727 31.3935 0.717781 0.677204 1754483208.548116 2 3 1
-59.95561737198695 2.392065631886108 1.58477 4.58074 0.08909433272360534 3.1147231232667663 32.3056 32.2461 0.848826 0.770499 1754483208.548116 2 3 1
-59.95201583289485 2.4637987032953217 1.56543 4.63435 0.14267697486671338 3.1135013927903703 22.4043 22.4597 0.777967 0.760178 1754483208.548116 2 3 1
-56.364832035628076 20.83099430436899 -2.48258 4.10481 -0.16686319989697118 2.7948217246687257 10.6477 12.3146 0.645707 0.276044 1754483208.548116 2 3 1
-56.48577029937442 20.554146468424936 2.48598 4.18646 -0.09225856163475754 2.799935539377069 10.9371 12.8731 0.670382 0.268044 1754483208.548116 2 3 1
-54.2846383793471 19.60688294280425 17.4362 4.23812 -0.04432769142606041 2.8026757063027 24.1508 15.3925 0.839488 0.379919 1754483208.548116 2 3 2
-56.770179230524185 7.664969495074976 17.8289 4.34465 -0.1289660806494437 3.019323426352756 27.7743 19.0995 0.596018 0.533923 1754483208.548116 2 3 1
-56.898457913119266 8.269281442550357 17.7026 4.46229 -0.006917345561259225 3.0089736238884295 35.9787 27.0927 0.661814 0.479698 1754483208.548116 2 3 1
-60.0784550233096 2.2440579254724398 1.84454 4.48239 -0.009177032359543702 3.117271303974678 36.3133 35.1741 0.827755 0.721004 1754483208.548116 2 3 2
-60.105130330517234 2.433649762908757 1.53557 4.51428 0.022619036832823625 3.1140773514435285 38.3482 37.1231 0.82421 0.777087 1754483208.548116 2 3 1
-60.184300440571 2.6241685344281995 1.1829 4.52832 0.03661106529948022 3.1109008522048986 29.7698 28.8125 0.698197 0.632442 1754483208.548116 2 3 2
-60.33068110673851 1.8549705788042723 2.0693 4.65333 0.16210552988817906 3.1239210084247766 12.9033 11.7913 0.658272 0.363077 1754483208.548116 2 3 1
3.8348663356201067 58.97804568932243 11.7018 -0.198743 0.023789522582563033 1.4887674107918407 18.2599 12.197 0.417073 0.339232 1754483208.548116 2 3 1
-60.26070801179746 2.3086403586689626 1.70914 4.40445 -0.08715176258976509 3.1162590130085213 30.1075 28.0422 0.817877 0.753004 1754483208.548116 2 3 1
-60.295866112168056 2.600858986353807 1.32928 4.4366 -0.055104856432307336 3.1113546378104173 33.0671 31.2466 0.688942 0.707019 1754483208.548116 2 3 1
-58.22749147146071 16.923710397951442 2.39706 4.42917 0.06816665277075895 2.86728779521153 23.8365 27.9041 0.526948 0.424354 1754483208.548116 2 3 1
-56.30541593764647 16.34128865859438 15.6812 4.45378 0.09202672494032793 2.867985926912328 29.6834 24.7174 0.476632 0.314566 1754483208.548116 2 3 2
-58.41930787024689 16.964950252985282 1.87587 4.3137 -0.04752854877252588 2.8674972347217693 16.1598 20.2989 0.8282 0.590241 1754483208.548116 2 3 1
-58.45469934067928 17.23809097812143 1.52243 4.32836 -0.02827094469310243 2.8632560846394233 21.5673 25.4376 0.874498 0.713409 1754483208.548116 2 3 1
-56.19644242985534 16.623220008097242 16.5708 4.37056 0.014482976300469907 2.862749939156345 29.9352 24.4998 0.469911 0.421531 1754483208.548116 2 3 1
-58.45307683173652 17.699068373554066 3.13742 4.4022 0.05377882003459433 2.855855888610967 22.4864 26.2314 0.587256 0.404239 1754483208.548116 2 3 1
-56.541937723237794 17.240220064406746 16.1697 4.41979 0.07330025724246969 2.854145465944013 27.038 21.957 0.552699 0.516312 1754483208.548116 2 3 1
-58.71056670280461 17.572671404479916 2.65577 4.25728 -0.09473318188980784 2.8590672944346367 14.8852 17.6385 0.4334 0.419735 1754483208.548116 2 3 1
-58.628819169293024 17.87959246235628 3.0612 4.31867 -0.027424009374843017 2.853796400093614 19.7748 22.6537 0.702997 0.368104 1754483208.548116 2 3 1
-56.71630234931318 17.374635649061947 16.2244 4.33667 -0.008273388085440203 2.8527841091274575 28.0006 22.4214 0.671834 0.524765 1754483208.548116 2 3 2
-61.2028381315604 -4.830619400191567 1.04989 4.50877 0.05251812393591315 3.234871588974056 12.1013 12.6321 0.625608 0.295887 1754483208.548116 2 3 1
-57.28943529598671 17.41484106321215 15.0032 4.16812 -0.17923849191644248 2.8549134108148904 16.7087 10.3479 0.54018 0.220987 1754483208.548116 2 3 1
-60.963196632443996 -9.274406005418879 -0.504973 4.44656 0.043392729369641 3.308018337925138 12.9692 14.346 0.460152 0.394926 1754483208.548116 2 3 1
-61.393814840638235 -7.043910331829405 -0.931368 4.48201 0.04882416538165302 3.2707381051025397 14.0925 15.6277 0.741494 0.569126 1754483208.548116 2 3 1
-61.318185232948395 -7.354651416729056 3.20906 4.53759 0.10823623907086866 3.2759566395660022 12.0421 13.0143 0.841463 0.495209 1754483208.548116 2 3 1
3.573164716291786 61.673809210351656 3.93483 -0.300457 -0.11333783196185013 1.4966597896693592 17.2028 16.1098 0.59632 0.222918 1754483208.548116 2 3 2
3.1547619971864664 60.75935633134441 11.8757 -0.166724 -0.005706464770213748 1.5024752267370045 21.413 15.4013 0.605426 0.32629 1754483208.548116 2 3 2
-54.4189580007096 30.834047579323975 0.501968 4.23055 0.2448429815177673 2.629888110355261 15.3129 14.7369 0.408575 0.509711 1754483208.548116 2 3 1
-61.71670481082981 -7.2416183894293775 -0.279335 4.33267 -0.09867254221732491 3.273268832517931 17.7708 18.2 0.70992 0.511023 1754483208.548116 2 3 1
-61.56924653183031 -7.791695733949699 3.19085 4.40665 -0.01774067221742648 3.2824841709684613 17.7536 17.7149 0.829907 0.399815 1754483208.548116 2 3 1
-61.510002031431746 -9.00147031598611 1.13482 4.44956 0.04126398445011237 3.302154031638437 13.9972 14.5664 0.78599 0.504247 1754483208.548116 2 3 1
3.751701900533094 61.905955502182515 4.28929 -0.418498 -0.21959908254883467 1.4940348144743596 13.7048 10.6742 0.582156 0.242377 1754483208.548116 2 3 1
-54.743249022239084 30.96521128050865 2.23546 4.05893 0.07174191999705437 2.630603695348579 22.6607 21.8805 0.911645 0.710065 1754483208.548116 2 3 1
-54.76425763448138 30.978357816736967 1.97204 4.11336 0.1262080191605195 2.6305862420560593 22.7689 22.298 0.89308 0.556621 1754483208.548116 2 3 1
-54.81605897459658 30.90682167370627 1.89473 4.19419 0.20408192230631128 2.6320174120426945 19.8489 19.8756 0.564419 0.330907 1754483208.548116 2 3 1
0.44285745274894084 60.66461579172171 14.479 -0.0485072 -0.08999649350847946 1.5475675532915296 27.7056 18.2382 0.462757 0.357588 1754483208.548116 2 3 1
-54.83151435383708 31.099225011295427 2.50231 3.92972 -0.055010570680237514 2.6294168714572232 13.7863 12.8055 0.829578 0.585138 1754483208.548116 2 3 1
-54.94177438263886 31.019497714735994 2.16174 3.98122 -0.007627328397271427 2.6314065468044965 24.317 23.9148 0.938323 0.678107 1754483208.548116 2 3 2
-55.05279326411302 30.988574530428096 2.2631 4.00143 0.009882889179538612 2.632715543743492 27.7185 27.078 0.916964 0.602908 1754483208.548116 2 3 1
-55.09273007430904 30.997753478208157 2.65864 4.03851 0.04656749609845656 2.6329075299612117 27.1144 26.2519 0.874119 0.533095 1754483208.548116 2 3 2
-57.897323291884625 -16.69897611647444 17.2082 4.29831 0.04997447019433654 3.43982560303575 33.6165 21.1809 0.856909 0.437426 1754483208.548116 2 3 1
-58.04038904988671 -16.16428910116799 17.345 4.33321 0.07149084280664741 3.4305229981226204 30.2433 16.5126 0.874355 0.314967 1754483208.548116 2 3 1
-14.415745899555127 61.29456714944861 8.14405 1.04298 -0.07494816524772929 1.7898611413703907 9.71436 10.1186 0.842519 0.627978 1754483208.548116 2 3 1
-55.2135177556127 31.157293927734294 1.56758 3.8516 -0.1376797530026188 2.631615986314736 15.1454 14.3342 0.874018 0.511677 1754483208.548116 2 3 1
-55.23131697801215 31.028721491723633 2.54173 3.92992 -0.0633513825412595 2.6335533017844495 22.832 22.445 0.885255 0.498922 1754483208.548116 2 3 1
-52.99744171814573 29.7871362698074 17.5855 3.96787 -0.025329593833161024 2.6335183951994097 34.471 24.0295 0.861961 0.417829 1754483208.548116 2 3 1
-53.10007127652506 30.012148188198744 17.1499 4.01079 0.022627701725796978 2.6310749342466178 29.5931 18.835 0.814327 0.325174 1754483208.548116 2 3 1
-52.749863371600675 30.65578438905153 17.3549 4.09793 0.13538457211359578 2.6188227228976175 27.0586 16.7683 0.55151 0.344815 1754483208.548116 2 3 2
-58.01071693651972 -16.468789079856613 17.8386 4.19321 -0.06129806684737904 3.435566999660884 34.4719 21.222 0.865252 0.488101 1754483208.548116 2 3 1
-58.50529957388365 26.193225897903265 3.72863 4.21792 0.051582819543665615 2.7261604718952688 15.4287 13.2142 0.403976 0.359355 1754483208.548116 2 3 1
-14.43634298099437 61.43810762313 8.63773 1.00175 -0.11541886481847463 1.789686608445191 12.8091 13.3464 0.843073 0.4617 1754483208.548116 2 3 2
-14.053612943923145 61.61272794216071 8.219 1.04109 -0.04727650230423275 1.7830718105801326 13.3336 13.6875 0.905476 0.526778 1754483208.548116 2 3 1
-48.58997930630072 41.51084015601607 1.14529 3.57103 0.06317537993449784 2.4345334071795364 10.473 10.3685 0.817462 0.280678 1754483208.548116 2 3 1
-53.443032088078475 30.2621394944235 16.7599 3.90453 -0.08189974252804344 2.6302371762056604 22.3615 11.9295 0.824495 0.388064 1754483208.548116 2 3 1
-55.242616533376946 32.015876361180766 1.55818 3.96399 -0.0007682066643588392 2.619869920448814 15.0873 14.4459 0.758338 0.482851 1754483208.548116 2 3 1
3.602011234383665 62.03369877038906 13.4712 -0.291158 -0.1038821777193224 1.4966248830843194 24.5446 16.9741 0.581373 0.246892 1754483208.548116 2 3 1
-58.42133603030285 26.244937700419317 3.48046 4.1627 -0.0014659329066102345 2.724868928248793 14.4873 13.2377 0.509709 0.296687 1754483208.548116 2 3 1
-58.8947210209757 26.005552673041073 3.44498 4.1639 -0.011139385388696965 2.7313790063587318 19.043 16.7595 0.753209 0.662019 1754483208.548116 2 3 2
-58.85602242343543 26.176877970685513 3.5394 4.2182 0.0477158381512206 2.728638839433101 14.1594 11.2622 0.741133 0.634453 1754483208.548116 2 3 1
3.8073110231828813 63.66802372415968 3.26358 -0.375713 -0.18248448733638994 1.4952984328528036 20.6 19.3435 0.603048 0.230682 1754483208.548116 2 3 2
-54.969991819401855 34.149918481396774 1.56447 4.00221 0.10544244906404598 2.588576166960556 19.8021 19.273 0.503062 0.36365 1754483208.548116 2 3 1
-59.02098794010492 26.296828205752348 3.79539 4.05101 -0.11833775269678348 2.727958161024823 18.5481 17.8413 0.455986 0.414809 1754483208.548116 2 3 1
-59.0204152164394 26.2929242975978 3.78785 4.12246 -0.04697523737513265 2.728010520902383 14.9289 13.9197 0.812975 0.497387 1754483208.548116 2 3 2
-64.53003294965748 3.7361995302851247 -3.19846 4.52087 0.02956846628932741 3.0955419547873486 21.2095 17.9031 0.70817 0.435385 1754483208.548116 2 3 1
-64.58439129353918 3.7709586645675484 3.30309 4.55401 0.06273992549360585 3.0950358093042705 21.9625 18.8732 0.823 0.400109 1754483208.548116 2 3 1
3.593169184634957 62.51694877251895 13.2778 -0.554618 -0.37058496678491937 1.497347449394645 17.7281 11.0211 0.442512 0.463077 1754483208.548116 2 3 1
-55.30327175764821 33.35286769648276 0.23121 3.876 -0.05051358536937167 2.602050108785952 11.8286 11.221 0.593529 0.205785 1754483208.548116 2 3 1
2.501784866111559 64.12803856194466 1.11002 -0.393749 -0.29513884542972685 1.5163750288998872 13.549 12.7585 0.619839 0.2787 1754483208.548116 2 3 1
-55.347689467535545 34.1086597259257 1.34215 3.86321 -0.04171936303388302 2.592241358389744 15.7092 14.5018 0.923828 0.756606 1754483208.548116 2 3 1
-55.2803620576909 34.22678619808581 1.13798 3.91065 0.010455882874557343 2.590112056702311 14.7363 13.4346 0.900213 0.635398 1754483208.548116 2 3 1
-63.87221233264866 -10.596858674602007 -1.95904 4.32615 -0.0652540004818638 3.3208639612198163 14.1777 12.3998 0.490559 0.228297 1754483208.548116 2 3 2
-64.69319873931485 3.7845789332707844 -3.2544 4.44271 -0.04855119362324167 3.0948961829641104 22.764 19.9256 0.58911 0.280185 1754483208.548116 2 3 2
-64.72333087651302 3.865917579996746 3.42801 4.48858 -0.00259732552099301 3.0936395459026746 24.5374 22.0334 0.788986 0.451248 1754483208.548116 2 3 1
-55.96590293391633 34.33777565292522 1.50305 3.98657 0.07727050571400218 2.5942135804444977 13.9804 15.0721 0.64086 0.436273 1754483208.548116 2 3 1
-64.99751011408343 3.969981644675628 2.94714 4.36955 -0.12152449653916708 3.0922258292085596 16.5672 15.6483 0.49585 0.238565 1754483208.548116 2 3 1
-62.8740689615423 -17.403369742386392 0.736832 4.36221 0.09634875200277992 3.42759084497927 11.2886 10.2362 0.451271 0.436284 1754483208.548116 2 3 1
-55.879978010311284 34.95615989969053 1.70709 3.87822 -0.011353217999288567 2.585364761136886 14.1559 14.3195 0.769536 0.65645 1754483208.548116 2 3 2
-55.867047949514905 35.10346591511405 2.33137 3.89615 0.011172307150322247 2.5833227259120526 15.5294 16.1421 0.830716 0.483638 1754483208.548116 2 3 1
-55.84042740039554 35.020481855797726 2.26524 4.00318 0.11623642414886515 2.5841953905380497 11.4516 12.3528 0.621774 0.293411 1754483208.548116 2 3 1
-63.04525109223149 -17.815063061850697 0.734684 4.24884 -0.009424369706301228 3.432949005782892 16.1975 14.9809 0.500127 0.435884 1754483208.548116 2 3 1
-63.15516991084088 -17.617099528172478 1.58109 4.28281 0.01968138194768887 3.4295281604489833 12.677 12.0383 0.471092 0.332395 1754483208.548116 2 3 1
-55.877360062622806 35.54522720715118 1.98334 3.79611 -0.07601740508030241 2.577650405843071 11.5224 11.0417 0.788923 0.220468 1754483208.548116 2 3 1
-61.432545699371914 25.224112032835304 -4.6853 4.2456 0.028138967735547915 2.7578731044040055 17.712 19.9109 0.885309 0.437371 1754483208.548116 2 3 1
-61.48320431206561 25.115768801023368 -4.6665 4.29105 0.07076379546576295 2.7597057001186 17.686 20.4606 0.919433 0.43216 1754483208.548116 2 3 1
-61.64962407582307 25.399625197196688 -5.30571 4.10139 -0.11415265022076237 2.7566339206350894 24.6895 26.4724 0.845324 0.522974 1754483208.548116 2 3 1
-61.654196397123435 25.28915985820187 -5.39454 4.14947 -0.06853025261175638 2.7582221702544047 24.3564 26.2225 0.879904 0.5125 1754483208.548116 2 3 1
-60.14290847679339 24.35231832481388 16.4302 4.21937 -0.005939194768298961 2.762986919112349 19.2473 13.5728 0.720734 0.279474 1754483208.548116 2 3 1
-66.25549711626259 7.409461372662975 3.97834 4.42229 -0.05895308136984223 3.0408258827373267 9.79622 10.6713 0.838661 0.493099 1754483208.548116 2 3 1
5.523426683380048 65.42808448327126 12.0743 -0.438565 -0.1363321628095142 1.4709929776895305 24.6239 19.2142 0.677154 0.542988 1754483208.548116 2 3 2
5.164353958956109 65.3888954826079 12.531 -0.391156 -0.1133392278859035 1.4764401502850049 35.2394 30.0471 0.747817 0.504616 1754483208.548116 2 3 1
5.037073436164909 65.36208587226334 12.6748 -0.350095 -0.08087004888544574 1.4783565218036947 33.5829 29.2034 0.712198 0.420143 1754483208.548116 2 3 2
3.204760735802979 65.52689034182647 13.3105 -0.208392 -0.06645283145055428 1.5067251034656106 25.4388 20.7722 0.574887 0.225181 1754483208.548116 2 3 1
5.270005117623372 65.6118514973686 12.2896 -0.531545 -0.24793049713585646 1.475146861309277 21.9066 16.1539 0.767638 0.596484 1754483208.548116 2 3 1
5.091595686266436 65.53960040591664 12.7604 -0.477335 -0.2054964016196683 1.4777735818335287 33.1087 27.0868 0.850106 0.532371 1754483208.548116 2 3 1
5.058234404251288 65.53953361438609 12.8725 -0.442156 -0.17260238160720975 1.478283217975111 31.9058 26.149 0.81943 0.406273 1754483208.548116 2 3 1
5.1789846092242815 65.7193851347548 12.5376 -0.401069 -0.12439461590366963 1.476694968355796 25.4458 20.0638 0.499079 0.240673 1754483208.548116 2 3 2
3.5507777122798543 65.76986562772082 13.0464 -0.313177 -0.14850864860478213 1.5016619033055751 28.7919 24.1735 0.845825 0.290593 1754483208.548116 2 3 1
2.264444686215572 65.63946072414495 13.7912 -0.172199 -0.09566856302099055 1.5212916214027552 22.2689 16.2098 0.543671 0.53539 1754483208.548116 2 3 2
5.343070747137286 65.55804205816433 13.4333 -0.547105 -0.25813134321110953 1.4739513107716609 17.3511 11.0652 0.65837 0.333896 1754483208.548116 2 3 1
3.6379772831351946 65.99695052455021 12.8908 -0.404193 -0.23462833914456166 1.5005710725230785 22.0271 15.9187 0.856076 0.278572 1754483208.548116 2 3 1
2.1429097458610884 65.87950443040077 13.8978 -0.276947 -0.20960330435237567 1.5233371472860924 21.799 15.1661 0.700086 0.526619 1754483208.548116 2 3 1
-67.32558347034949 7.830001369689209 3.00441 4.38103 -0.0987358962326832 3.0361658536345018 9.21166 10.7389 0.494554 0.3608 1754483208.548116 2 3 2
-67.4089386335915 7.908232139608086 2.03228 4.43167 -0.0477563524041571 3.0351361093758245 10.0552 11.7208 0.798774 0.33519 1754483208.548116 2 3 1
30.69571042630605 58.97057933140892 7.81098 -2.56384 -0.5465749996775169 1.0725639800565092 14.7776 10.7507 0.819624 0.428932 1754483208.548116 2 3 1
32.71152183669707 58.23560607319194 7.26794 -2.39738 -0.25321863841118253 1.0406837959395805 17.0034 11.1946 0.783831 0.426235 1754483208.548116 2 3 1
-63.982085815678126 23.78246941772838 -5.82562 4.35552 0.08774126483205524 2.792029197865535 11.6919 14.4606 0.759369 0.408712 1754483208.548116 2 3 1
-63.9557366620991 23.9896801654754 -5.34179 4.44212 0.1785896008592882 2.789009778259585 8.14999 10.4596 0.414649 0.253295 1754483208.548116 2 3 1
31.77925801246783 58.98790453774879 7.47853 -2.50441 -0.4306264306516425 1.058430303773859 18.5025 13.905 0.81987 0.427765 1754483208.548116 2 3 1
-64.14309353701238 23.69609702735094 6.0096 4.2377 -0.03292983447569853 2.794071233090368 14.6612 17.0711 0.826018 0.227951 1754483208.548116 2 3 2
-64.13200932532347 24.008511911929016 -5.64863 4.27098 0.006562350061249944 2.7896380967903025 15.7512 18.0177 0.781251 0.440036 1754483208.548116 2 3 1
-64.24985494604003 24.10253339620917 -4.78441 4.31237 0.048938288187352796 2.7889399650895044 13.7547 16.2921 0.696325 0.323568 1754483208.548116 2 3 2
-64.24987208967464 24.500623789842415 -2.69082 4.38848 0.1329352955712908 2.7834072713606823 10.6121 13.0642 0.538124 0.307486 1754483208.548116 2 3 1
-52.49127553851049 44.92962803036714 2.87674 3.4663 -0.03885997949316344 2.433573476090939 12.6046 11.4092 0.845064 0.494788 1754483208.548116 2 3 1
-64.22904036689455 24.47647875884923 -5.44818 4.17919 -0.07668070954063388 2.7836341641634417 10.628 12.3851 0.706792 0.331126 1754483208.548116 2 3 1
-64.61563280380629 24.135589501630726 -2.49919 4.22564 -0.03976150963949454 2.7903362284911 12.3155 14.6017 0.702697 0.300942 1754483208.548116 2 3 1
-61.609677218144256 23.7181870360795 19.9672 4.26886 0.01759859725775481 2.780440211632292 21.2676 13.955 0.653445 0.44833 1754483208.548116 2 3 2
-61.63135589427935 24.050330462503094 19.8308 4.30858 0.06412143598426212 2.7757801825294677 21.2467 13.4052 0.733917 0.429332 1754483208.548116 2 3 2
-68.39806223612679 9.939636822252217 4.54238 4.52408 0.05577508010658416 3.0069839485411562 11.6372 14.0873 0.738904 0.509208 1754483208.548116 2 3 1
-68.40949969043075 10.349166768292696 3.58538 4.56571 0.10020156219665655 3.001049829084376 9.84201 12.9202 0.839952 0.457223 1754483208.548116 2 3 1
-62.01910901550411 24.18713764771314 19.3941 4.20144 -0.04324937511681437 2.7759372621621465 20.3604 12.1176 0.720058 0.363904 1754483208.548116 2 3 1
-64.60767897676376 25.645297016233833 -3.36687 4.21864 -0.016578647686712245 2.769549357099848 11.0665 12.6086 0.588919 0.297592 1754483208.548116 2 3 1
-62.38511649367061 24.316093015234536 19.394 4.30165 0.05672991851562159 2.7760943417948263 20.3516 12.4028 0.413767 0.411713 1754483208.548116 2 3 1
-68.62011420057897 10.247691515429313 3.7298 4.42764 -0.03878208698375474 3.0029522379690494 15.8882 18.3352 0.726727 0.241011 1754483208.548116 2 3 2
-68.57982924687121 10.617330878658215 3.6424 4.47502 0.011247471867842584 2.9975242639953468 15.9892 18.538 0.80998 0.442751 1754483208.548116 2 3 1
-68.64731753135966 10.776598753725185 4.01172 4.49549 0.03281056428363005 2.995360055722874 8.36841 10.8771 0.675621 0.291558 1754483208.548116 2 3 1
5.327106100932101 68.36838499379569 12.1851 -0.326251 -0.05627481152088987 1.478188970195503 17.8398 13.2377 0.512416 0.321894 1754483208.548116 2 3 1
-68.94397896547628 11.097864669982254 3.93311 4.36157 -0.09903579943291607 2.991363251735807 10.0248 12.6791 0.427236 0.253343 1754483208.548116 2 3 1
5.571511558911056 68.59147106509513 12.5829 -0.458642 -0.17401040002733825 1.474919968506518 23.1793 16.5772 0.836509 0.605827 1754483208.548116 2 3 2
5.497009909805419 68.71308888586539 12.1311 -0.431178 -0.1521797359682288 1.476176605567954 27.6696 22.3215 0.867411 0.602067 1754483208.548116 2 3 1
5.5484610544925825 68.59863202109281 11.9815 -0.353512 -0.07042952298120558 1.4752655436984128 22.6608 18.4645 0.763193 0.540629 1754483208.548116 2 3 2
3.6288841118947297 69.030639969371 11.4869 -0.192771 -0.03777832664715372 1.503817384931788 19.7298 15.3719 0.620692 0.293101 1754483208.548116 2 3 1
-66.69296071726534 22.179058540617227 4.25603 4.28357 -0.030902403621833052 2.8272673954633 12.2031 13.3082 0.420375 0.40992 1754483208.548116 2 3 1
-66.57498516640706 22.661522063308976 3.66921 4.37169 0.06626804461876645 2.820111545530123 14.5324 14.6194 0.510034 0.548642 1754483208.548116 2 3 1
-66.65614031402866 22.582391299043433 3.30804 4.41899 0.11171806782346927 2.8215601688092784 13.7535 14.3665 0.411328 0.271443 1754483208.548116 2 3 2
-17.876092369554037 68.23798651892788 1.25686 1.17694 -0.057499942878736165 1.8167392118511034 8.66883 10.6595 0.866023 0.744865 1754483208.548116 2 3 2
-17.848621739211964 68.24799424526155 1.41219 1.21505 -0.01758079751327979 1.8163203328306248 10.6391 11.9383 0.897373 0.758577 1754483208.548116 2 3 1
5.552384701298317 68.8737978705569 12.0389 -0.495257 -0.2136454386932976 1.4755936655977877 24.0104 15.2367 0.888063 0.547132 1754483208.548116 2 3 1
6.001326658024686 68.74376278888063 12.2167 -0.440785 -0.12903377413300443 1.4688689119898537 20.5727 13.7698 0.707921 0.635109 1754483208.548116 2 3 1
3.810463729646729 68.95127260449532 12.6603 -0.391186 -0.2239323724242199 1.501085944652417 24.8903 17.6061 0.695359 0.317394 1754483208.548116 2 3 1
3.669609401379373 69.27014943385534 11.5782 -0.321933 -0.165326356625443 1.503457847105877 22.9864 17.4151 0.769713 0.511178 1754483208.548116 2 3 2
3.2026480494792207 69.2072151919592 12.0568 -0.221351 -0.09498984366003232 1.5101948180185751 20.8022 13.2494 0.593471 0.594149 1754483208.548116 2 3 2
-66.807827787095 22.684849143394658 3.67723 4.25585 -0.05050921766835259 2.820844583815961 14.2082 14.8516 0.517775 0.497302 1754483208.548116 2 3 1
-67.1335858310829 22.262836614858998 -3.43074 4.34027 0.024795955723758034 2.828070246919218 13.2633 12.9319 0.620897 0.436116 1754483208.548116 2 3 1
-67.34052220861462 22.329881533272204 -3.47217 4.25949 -0.05598404427624182 2.828070246919218 14.2783 14.8986 0.766321 0.440372 1754483208.548116 2 3 2
-64.84265352383977 21.65863697184996 19.5967 4.29557 -0.017460409677097388 2.8261154781569835 25.6157 16.7801 0.835686 0.402579 1754483208.548116 2 3 1
-67.26382527657077 22.51514086904843 7.23511 4.40159 0.08969973767194528 2.8252079069459466 14.075 13.0554 0.534832 0.364593 1754483208.548116 2 3 1
-71.0818114741132 -0.10020555236699524 2.63284 4.54707 0.059980181785896036 3.1545166302122367 18.0129 13.7022 0.630532 0.448286 1754483208.548116 2 3 1
-71.0655741656423 -0.12353548673824627 2.65487 4.60832 0.12129801371663707 3.154848242770116 13.863 10.5625 0.622901 0.359536 1754483208.548116 2 3 1
-45.59613747173398 55.296475358917924 3.01857 2.96189 0.003855159515282036 2.257225408469432 13.512 14.2842 0.905046 0.841533 1754483208.548116 2 3 1
-45.663664990931906 55.22124923744296 2.93966 3.00965 0.04683951570678602 2.2586391251635476 11.4549 11.8266 0.856256 0.822996 1754483208.548116 2 3 2
-67.47824076690516 22.68533554886187 6.59418 4.23677 -0.07342544410971907 2.823864003421911 9.45427 10.2391 0.437189 0.418313 1754483208.548116 2 3 2
-67.41300208339723 22.790776931861686 6.94207 4.31288 0.0048750459664654855 2.822136127462437 15.5899 16.5684 0.641534 0.367146 1754483208.548116 2 3 1
-71.25981237970939 -0.01388237386588731 2.69864 4.46178 -0.025562387681768328 3.153259993150801 21.2217 18.0059 0.496124 0.40567 1754483208.548116 2 3 1
-71.3314297784904 -0.23069744635229233 2.75578 4.48501 -0.0017061849654256278 3.1563143193417913 17.5153 14.3695 0.409634 0.28264 1754483208.548116 2 3 2
-45.6867830960515 55.40470635869734 3.15387 2.8881 -0.06999383511265522 2.257242861761952 13.1038 13.9785 0.894432 0.817148 1754483208.548116 2 3 1
-45.75850919076196 55.35830888236355 3.1898 2.92558 -0.03658228733194635 2.2584471389458285 10.5916 11.562 0.846875 0.786388 1754483208.548116 2 3 1
-68.87869359537417 20.193586074701336 -3.32692 4.38226 0.025285803633081194 2.8635702439047823 10.9435 13.6786 0.743637 0.259461 1754483208.548116 2 3 1
-66.74556575845885 19.303196531461015 19.0705 4.39342 0.03215393623574592 2.8675321413068096 21.2388 15.4337 0.819801 0.448634 1754483208.548116 2 3 1
-67.09034104215938 18.96461490157614 18.5515 4.41924 0.05149068994145978 2.8736407936887893 18.9489 13.2377 0.634975 0.445193 1754483208.548116 2 3 1
-67.50119006584865 19.08778386830049 17.1027 4.47207 0.10446705922977362 2.8735011673486297 15.0547 10.3214 0.510559 0.233389 1754483208.548116 2 3 1
-69.38102705058702 20.562488545273375 6.07362 4.44209 0.08847120008834963 2.860515917713792 23.5944 25.2906 0.868362 0.276837 1754483208.548116 2 3 1
26.782302124682346 66.50755125717593 0.615451 -1.5319 0.07937220531360567 1.1714333915234838 15.1256 12.1882 0.778742 0.685169 1754483208.548116 2 3 1
-66.74735525372235 19.576502363197733 19.7548 4.1977 -0.1594075669999242 2.863692416952422 17.4121 10.295 0.776022 0.309099 1754483208.548116 2 3 1
-66.89833064569686 19.33736357579941 19.22 4.32288 -0.03851732438669586 2.867654314354449 19.9421 13.9667 0.767507 0.45922 1754483208.548116 2 3 1
-67.3629340258178 19.095317226964358 18.1895 4.35752 -0.009404875258767653 2.872855395525392 22.5094 16.7977 0.668719 0.345294 1754483208.548116 2 3 2
-69.47705362050623 20.129870373825 4.39284 4.39328 0.03287812541272217 2.8667292898508916 15.5516 18.6615 0.826768 0.430079 1754483208.548116 2 3 1
-69.49011098953521 20.52225206259556 4.48537 4.40953 0.054833052861146925 2.861493302094909 23.3733 25.808 0.907671 0.489034 1754483208.548116 2 3 1
-69.77825378235251 21.117951725611373 3.2859 4.43237 0.0853468572732119 2.8546167048420514 17.5754 20.4577 0.87173 0.56033 1754483208.548116 2 3 1
-69.8087424757704 21.091065508954728 3.71705 4.4924 0.14482472136887203 2.8551053970326095 8.39373 11.2886 0.760605 0.520463 1754483208.548116 2 3 1
27.092582431795854 66.58948028938977 0.69599 -1.61849 0.007663658567427234 1.1678816464956754 16.8823 13.9903 0.814548 0.694928 1754483208.548116 2 3 1
27.32854812047729 66.54083199663629 0.971862 -1.59985 0.04010639325480425 1.164582974209406 13.5098 11.1181 0.728376 0.640029 1754483208.548116 2 3 2
-69.96594071034053 20.0332902224216 -1.30572 4.14884 -0.21494603790246725 2.8698883357970018 7.96364 11.8619 0.715862 0.246272 1754483208.548116 2 3 1
-69.78664366572495 20.54722431788342 4.35736 4.22333 -0.13224945611364713 2.8622961535508264 17.7076 20.5282 0.908644 0.604594 1754483208.548116 2 3 1
-69.6218171256831 20.6219702974627 4.95016 4.33429 -0.019483075596272492 2.8606555440539516 30.0029 32.3284 0.892507 0.383865 1754483208.548116 2 3 2
-69.84767653882881 21.37243079708818 2.88725 4.31549 -0.027978889989060285 2.8514925654809815 24.9308 27.3837 0.846939 0.217908 1754483208.548116 2 3 2
-69.97730421900036 21.14004261690885 3.43403 4.36038 0.01280472136887223 2.8551053970326095 23.306 25.9139 0.884537 0.658534 1754483208.548116 2 3 2
-70.0684014846673 21.212277653275663 3.63527 4.3791 0.03219530718060781 2.8545119850869316 19.8748 22.3244 0.891391 0.6455 1754483208.548116 2 3 1
-70.04453668764923 21.60770116908592 3.51324 4.41573 0.07494958407200247 2.8491538242833094 13.0912 15.7953 0.783486 0.546335 1754483208.548116 2 3 1
6.891843143468523 71.4981704761907 12.3918 -0.436387 -0.08649074112045624 1.4603534505693732 25.4337 19.9403 0.782823 0.623244 1754483208.548116 2 3 1
6.738723310466586 71.47584138204456 12.5262 -0.362966 -0.022504062313920326 1.4624600629765303 31.8111 27.2867 0.743264 0.529845 1754483208.548116 2 3 1
5.207424614285214 71.99493300417053 10.6007 -0.248459 -0.0070114822148799605 1.4845506953190226 21.5035 16.8095 0.495132 0.301891 1754483208.548116 2 3 1
5.3101551942755405 71.67422271772084 12.415 -0.171757 0.07788622401428902 1.4827233355921845 27.2945 22.2451 0.483632 0.318784 1754483208.548116 2 3 1
-70.16811267288875 21.339771553831124 3.64789 4.26152 -0.08390004731366751 2.853202988147936 21.0431 23.2416 0.855122 0.627579 1754483208.548116 2 3 1
-70.21132501301409 21.38107261387971 3.7291 4.31809 -0.02689313880694577 2.852819015712497 21.7731 24.1236 0.90191 0.657577 1754483208.548116 2 3 1
-70.22538779743066 21.71546274770842 3.56724 4.33653 -0.0034432841647280554 2.8484556925825113 20.3889 22.8859 0.903286 0.529442 1754483208.548116 2 3 2
-70.31011699345773 21.640056876263543 3.61578 4.37722 0.03571497434918314 2.849782142814027 13.6466 16.1627 0.822105 0.367221 1754483208.548116 2 3 1
6.780745362776508 71.6848425270947 12.4496 -0.517481 -0.17581526113983403 1.4621912822717231 28.4364 21.1867 0.796923 0.61357 1754483208.548116 2 3 2
6.570060200190904 71.69771497435529 12.5662 -0.482441 -0.15401841248526765 1.4651478700246017 35.1578 28.0599 0.820811 0.499787 1754483208.548116 2 3 1
6.6041936719693615 71.60367866715538 11.9915 -0.396089 -0.06490653051323925 1.4645317687986477 29.8573 23.3886 0.795412 0.290945 1754483208.548116 2 3 1
5.044831299948144 72.26396301438668 11.2081 -0.445217 -0.2153481653567701 1.4871320372827221 19.9818 13.1906 0.814543 0.246111 1754483208.548116 2 3 1
5.149040893169393 71.95884200824601 12.8719 -0.351234 -0.11324661326810856 1.4853221308484041 24.7979 16.4949 0.851 0.4644 1754483208.548116 2 3 1
4.8342451245015505 71.89474410500881 13.1944 -0.259281 -0.04067134007646561 1.4896418207470898 23.9737 14.9515 0.773777 0.485398 1754483208.548116 2 3 1
-70.37898238014945 21.61663884115932 3.9439 4.20896 -0.13322780551014102 2.850375554759705 15.5811 15.907 0.722158 0.412994 1754483208.548116 2 3 1
-70.35907217709858 21.80399508447389 3.78213 4.27597 -0.06325480404118711 2.8478099207592735 16.9866 17.5356 0.877714 0.401064 1754483208.548116 2 3 1
-70.51568168410513 21.559995800230197 4.08566 4.30673 -0.0369186078934618 2.8516496451136613 13.6702 14.6576 0.848168 0.386008 1754483208.548116 2 3 2
-70.98906956324613 20.304535617950194 4.36867 4.37263 0.008658260906997839 2.8700628687222007 10.6877 12.5704 0.541584 0.633631 1754483208.548116 2 3 2
-71.98203429496742 16.965658358975684 4.27478 4.40497 -0.004872036833656779 2.9179023435193656 16.0001 18.9672 0.826843 0.633879 1754483208.548116 2 3 1
-71.99369956687008 16.899141528388732 4.19769 4.45782 0.04719015537297189 2.9188273680229226 17.5191 20.6458 0.824917 0.571636 1754483208.548116 2 3 1
-71.93035533188372 17.563282503999716 4.25246 4.48392 0.08118261873474353 2.909751655912552 10.125 12.9613 0.675045 0.464482 1754483208.548116 2 3 1
-71.88071385197283 17.812229410668756 4.31848 4.57372 0.1740989860314368 2.9062784507010835 7.34255 10.9035 0.870247 0.338499 1754483208.548116 2 3 1
28.338202916529923 67.41775273722585 0.610532 -1.61535 0.05794360261659981 1.156598092881532 13.7996 10.3126 0.704946 0.488212 1754483208.548116 2 3 1
6.693937611499511 71.90004408529995 12.4508 -0.61762 -0.2828178194020059 1.463723681354974 19.9588 12.8026 0.788567 0.537889 1754483208.548116 2 3 1
6.482725898471468 71.90912030607926 12.5051 -0.5683 -0.24671901495220538 1.4666750331200966 27.2313 19.7198 0.815205 0.37601 1754483208.548116 2 3 1
6.806996399621527 71.84225517738633 12.1657 -0.517806 -0.17557745346893217 1.4620656185655796 23.3564 15.907 0.784557 0.398204 1754483208.548116 2 3 1
-72.12839852531049 16.956981707284434 4.29925 4.34516 -0.06515814576616297 2.918460848880004 17.4663 19.5787 0.716497 0.52376 1754483208.548116 2 3 2
-72.20516753229818 16.79002242822702 4.20307 4.39268 -0.019719613244687295 2.920921763125316 18.7431 20.8075 0.542697 0.41735 1754483208.548116 2 3 2
-72.09022732689004 17.968390166587152 -3.71885 4.39337 -0.004967342841927014 2.904864734006968 19.4235 21.466 0.702501 0.364178 1754483208.548116 2 3 1
-72.11282611379936 17.982947784207653 4.16637 4.44779 0.049564004398153116 2.9047425609593285 17.8562 20.9192 0.874792 0.326913 1754483208.548116 2 3 2
-72.23272815373639 18.011685238595177 -3.7096 4.33879 -0.05943599560184687 2.9047425609593285 18.7002 19.7257 0.725813 0.464072 1754483208.548116 2 3 1
-72.25553679816161 18.053443658617653 -3.73104 4.38781 -0.009985898447651742 2.90427132206129 17.3489 19.32 0.722263 0.300998 1754483208.548116 2 3 1
-72.79722188541251 18.214826280791954 5.10513 4.38152 -0.015908749090648655 2.9038698963333314 12.1802 13.8197 0.51835 0.407344 1754483208.548116 2 3 1
28.297987927258824 68.68890279689806 2.03754 -1.61689 0.025430788748538546 1.16401748753176 14.6251 11.9618 0.640802 0.426462 1754483208.548116 2 3 1
27.336651401146298 69.1734110323348 1.89342 -1.58061 0.0008238336572783389 1.1785403722376047 13.8853 11.1034 0.762296 0.618508 1754483208.548116 2 3 2
27.579420369779502 69.66880189026465 1.62666 -1.47002 0.11338012779461848 1.1780726239980703 13.7051 11.3357 0.700702 0.527286 1754483208.548116 2 3 1
27.52837607900328 69.96305151826357 1.44655 -1.53767 0.036746924163773675 1.1802089070025115 16.3093 13.8109 0.749245 0.657576 1754483208.548116 2 3 2
-72.98334323510134 19.800288596789194 5.54892 4.28693 -0.09120402863775556 2.8837637033503563 20.8488 23.6561 0.55598 0.341429 1754483208.548116 2 3 1
27.616106942489107 69.90993954698834 1.26844 -1.57179 0.008330332508821314 1.1788527861737117 18.4385 15.8394 0.786877 0.623067 1754483208.548116 2 3 1
27.62496127800196 70.43266488083022 1.30341 -1.55429 0.015125802732567584 1.1813974762231196 15.6875 12.6262 0.765077 0.568815 1754483208.548116 2 3 1
7.401693002564509 74.53763218968389 12.2705 -0.367172 -0.006913067126853412 1.4580391439812286 19.2175 15.0045 0.80993 0.710116 1754483208.548116 2 3 1
7.2341050965551945 74.52850390982074 12.3059 -0.299381 0.050882595675251885 1.4602714200945293 22.7251 19.0437 0.730235 0.690329 1754483208.548116 2 3 1
7.213192770553997 74.49105100922844 12.4589 -0.198864 0.1503991835587454 1.4604948222387846 21.5181 17.7149 0.428153 0.53721 1754483208.548116 2 3 1
27.6700141035754 70.13965710489302 0.516844 -1.68353 -0.10553801338528035 1.1793589316567903 13.5357 10.342 0.737331 0.518268 1754483208.548116 2 3 1
28.286973916339388 70.37493859513332 0.870319 -1.65339 -0.04865451136403731 1.172991970545515 14.585 10.9065 0.671067 0.479371 1754483208.548116 2 3 1
7.25182013766905 74.86247191603088 12.4669 -0.525692 -0.1765773166017664 1.4605279834945726 20.4084 13.5199 0.834194 0.706145 1754483208.548116 2 3 2
6.904505034309908 74.92589821843856 12.4302 -0.477543 -0.14959734526114404 1.465254335108973 24.7732 19.32 0.837125 0.729638 1754483208.548116 2 3 1
6.362167395349416 75.00108750806274 12.4673 -0.421768 -0.12670809751060347 1.4725934446136093 24.2571 19.4788 0.829964 0.68886 1754483208.548116 2 3 2
5.031325134412957 75.01829013297962 12.7201 -0.294163 -0.07897521515070399 1.4904045296302115 21.5387 17.4974 0.640983 0.414885 1754483208.548116 2 3 1
4.817347139182352 75.0221858175948 12.3032 -0.217705 -0.015391461030945436 1.4932738509204901 23.6365 19.4552 0.791964 0.482767 1754483208.548116 2 3 1
27.75417078257541 71.19174311602715 1.01957 -1.54629 0.013778568342446285 1.1836175350316565 14.1183 12.1911 0.720813 0.674111 1754483208.548116 2 3 1
4.655618910468575 75.2905097978147 12.6529 -0.437447 -0.24606691844502407 1.4957103305562742 18.6775 12.0118 0.799089 0.340094 1754483208.548116 2 3 1
4.781955437554829 75.32962570634457 12.4395 -0.367985 -0.16921922380700366 1.4940644850716436 22.4006 16.589 0.896886 0.53983 1754483208.548116 2 3 1
4.7169717688796045 75.4394772806322 12.5652 -0.310352 -0.11597998279025684 1.4950436147820123 18.4526 13.4405 0.825917 0.509536 1754483208.548116 2 3 1
4.143997546752027 75.30068595851944 13.9573 -0.223927 -0.06326201707351495 1.502553766553344 16.0241 10.4479 0.587597 0.355808 1754483208.548116 2 3 1
3.2713678496030734 76.6341533608036 0.538874 -0.150826 -0.047003886474504514 1.515214384947311 15.946 14.1784 0.608313 0.20739 1754483208.548116 2 3 1
29.799321881386675 70.7770569379913 1.79924 -1.65266 0.019840571250120842 1.1567883337699993 14.4475 11.759 0.857233 0.677946 1754483208.548116 2 3 1
29.796219860072544 70.77677862898707 1.73214 -1.59019 0.08216505433459931 1.1568232403550394 15.3585 12.7614 0.798642 0.618531 1754483208.548116 2 3 1
30.300657205103757 70.76605270047625 3.4445 -1.76752 -0.06983227946103843 1.150739022582587 14.0655 11.7149 0.786254 0.510782 1754483208.548116 2 3 1
30.14322171526185 70.83305159178074 2.98951 -1.70152 -0.013126752646242412 1.1529730440251398 13.4517 11.1034 0.795824 0.599213 1754483208.548116 2 3 1
-76.14833257681933 17.810161584139077 6.44277 4.48176 0.07080424921127904 2.9192113404583613 7.23673 10.2921 0.777085 0.316951 1754483208.548116 2 3 1
-76.31783802059286 17.20916116923697 -5.27882 4.32457 -0.09309365837247618 2.9272922148950955 14.1717 17.1093 0.900241 0.368059 1754483208.548116 2 3 1
-76.26954597059218 18.438093565726767 6.42428 4.39952 -0.0048864448817491635 2.911636611504706 11.6243 12.6438 0.787955 0.5298 1754483208.548116 2 3 1
-76.46217849247085 17.97635141467669 6.83058 4.41191 0.0019785879584706123 2.9180070632744854 9.89491 10.9123 0.832723 0.629933 1754483208.548116 2 3 2
-59.515195679892756 52.64743908562126 0.938726 3.49834 0.04018135352930363 2.417010301489513 18.739 17.0623 0.853663 0.467894 1754483208.548116 2 3 1
-59.29686398988421 52.92300613930463 0.189901 3.53011 0.08484364000708355 2.4125248053118873 22.5479 20.4107 0.855102 0.565111 1754483208.548116 2 3 1
-59.133759115925535 53.008963879994596 -1.73962 3.59979 0.16092014331453042 2.4103082371618547 14.1114 11.7854 0.68137 0.38744 1754483208.548116 2 3 1
-59.68044154058805 52.74159191067562 0.971959 3.41231 -0.047299054392826 2.4175164469725914 25.083 23.9795 0.883704 0.517781 1754483208.548116 2 3 2
-59.468752215148236 52.968206592784306 -0.221837 3.45108 0.0028477927424059857 2.4135545495705646 28.5863 27.0016 0.846418 0.53345 1754483208.548116 2 3 1
-59.40876567857585 53.00898626992283 -1.83208 3.49585 0.05018127706006359 2.412664431652047 19.9815 18.5351 0.689221 0.373588 1754483208.548116 2 3 2
7.628146382933204 77.85896805525856 12.418 -0.429859 -0.07818860437359088 1.4599572608291704 18.7039 13.0495 0.779694 0.580876 1754483208.548116 2 3 2
7.153424860221207 77.9576841101606 12.3466 -0.398155 -0.07435334328425697 1.4661793596125303 22.6235 15.9393 0.802989 0.612853 1754483208.548116 2 3 1
6.965808371072538 77.86299792734746 12.6627 -0.301907 0.011674224519117482 1.4684605049448867 19.0402 11.659 0.766051 0.701408 1754483208.548116 2 3 1
-59.819371966434964 52.837860730089574 1.23968 3.33021 -0.13009893413266527 2.4177607930678704 19.2186 20.1314 0.891064 0.527173 1754483208.548116 2 3 1
-59.63864067967471 53.08489132073353 -0.674485 3.3507 -0.09848653242508965 2.413886162128443 22.5504 22.4126 0.826199 0.464484 1754483208.548116 2 3 1
-59.870635139372304 52.87191824520443 2.96228 3.37319 -0.08741881935081075 2.4178655128229902 15.2324 14.5547 0.591532 0.363641 1754483208.548116 2 3 1
7.68601783177378 78.0177596343027 12.5655 -0.517918 -0.163949905825575 1.459444134029084 17.9953 12.7291 0.791763 0.591832 1754483208.548116 2 3 1
7.043143912559392 78.11815109136708 12.4809 -0.474018 -0.15750419453563202 1.467806006475389 23.2182 17.3945 0.829399 0.606108 1754483208.548116 2 3 1
7.366467311864398 78.0745920138248 12.8209 -0.411766 -0.07646348771149847 1.4636119802828464 19.8953 12.488 0.719768 0.749478 1754483208.548116 2 3 2
5.08591515903639 78.31542797374193 13.4424 -0.375137 -0.17209512795566428 1.4931115353000548 23.9682 15.7012 0.856988 0.36109 1754483208.548116 2 3 1
5.2080460361293115 78.2564756772297 13.0647 -0.30724 -0.09689943273962903 1.491484888437196 22.7392 15.4778 0.858451 0.400775 1754483208.548116 2 3 2
4.458843372449799 78.31021154869158 13.1611 -0.226654 -0.05969806808312214 1.5011522671639927 17.8079 11.2533 0.726499 0.489884 1754483208.548116 2 3 1
3.7788335606053156 78.33836436336598 13.477 -0.144672 -0.017033512237792342 1.5099103293505003 17.676 10.9946 0.627245 0.39191 1754483208.548116 2 3 1
24.508530586138512 75.64622242496743 0.309836 -1.19001 0.11756882057617735 1.2429447669654474 17.6339 14.5841 0.759652 0.600797 1754483208.548116 2 3 1
24.779135197315593 75.63163116214325 0.242203 -1.18501 0.1367291748060555 1.23964784000843 15.9542 12.3734 0.727394 0.504115 1754483208.548116 2 3 1
5.156890926635792 78.4390288088758 13.0587 -0.444427 -0.23786101156809872 1.4923261371366572 20.3831 13.4376 0.858542 0.374059 1754483208.548116 2 3 1
5.131149438054255 78.42030920809628 13.2077 -0.383556 -0.17838398027196958 1.4926368057435124 20.2425 11.906 0.864393 0.415154 1754483208.548116 2 3 1
4.051914489615867 78.5020514345042 14.5172 -0.221806 -0.07902842385491066 1.506538353235647 22.8603 11.6443 0.7632 0.61302 1754483208.548116 2 3 1
-11.143147367089748 78.2773756333029 15.6857 0.594315 -0.13596051604657045 1.7016382383405813 14.8919 11.2798 0.728032 0.422413 1754483208.548116 2 3 1
-12.439692635138178 78.03224491981041 16.1358 0.653904 -0.1510480908895283 1.7185120815488626 13.7835 10.5566 0.773133 0.348126 1754483208.548116 2 3 1
32.877949073614275 73.00178192004074 1.93281 -1.60184 0.17074461548704845 1.13266090219043 14.1354 12.4998 0.742242 0.500156 1754483208.548116 2 3 1
24.579730386045235 76.11801318700776 0.273441 -1.37686 -0.07384191039802634 1.24400592715066 14.3958 11.321 0.704087 0.544909 1754483208.548116 2 3 1
-9.700513145442605 77.39031279668471 22.0294 0.554813 -0.0997791775804534 1.6845846262193447 19.9088 11.2386 0.745502 0.376356 1754483208.548116 2 3 1
31.904880806373548 73.69636703175264 1.99801 -1.71543 -0.00372949483592544 1.147367046467734 18.8856 14.9045 0.788241 0.495158 1754483208.548116 2 3 2
32.08430954372499 73.59971512456951 1.78337 -1.66922 0.05303525311170487 1.1448241017475784 19.4069 16.3009 0.725482 0.492906 1754483208.548116 2 3 1
-10.164462816548571 77.456354350947 22.4 0.454197 -0.2264820995560884 1.6904576591523057 20.482 11.024 0.819244 0.44469 1754483208.548116 2 3 1
31.715878218865587 74.03997982965474 1.81327 -1.78306 -0.08760073012641212 1.1512748386629492 13.7839 9.98926 0.650718 0.482395 1754483208.548116 2 3 1
-23.667641382935706 77.32064952978511 15.7337 1.33056 -0.08707026569805865 1.8594299653548847 18.3766 11.221 0.841935 0.587968 1754483208.548116 2 3 1
8.737973374421314 80.61554263374666 12.7138 -0.477207 -0.08110814185484327 1.4500315733730786 19.9561 11.3239 0.673416 0.500699 1754483208.548116 2 3 1
8.284996210972519 80.6633079329342 12.85 -0.430553 -0.05980050539691384 1.4556951667958002 21.179 13.5405 0.729991 0.507665 1754483208.548116 2 3 1
7.983278120859296 80.93071051295361 12.6901 -0.448875 -0.09647777132236846 1.4597949452087349 21.3214 14.1255 0.818524 0.418585 1754483208.548116 2 3 2
7.110708657598364 81.20420339164527 12.412 -0.409977 -0.10733743271856161 1.470902220568427 19.6204 12.3469 0.809954 0.380065 1754483208.548116 2 3 2
6.283024606620338 81.18648962067081 13.2602 -0.344666 -0.08767318038814725 1.481084471424562 21.3586 13.8756 0.809402 0.464866 1754483208.548116 2 3 1
-81.14321048923848 14.411860526808566 6.79493 4.45107 0.0005867156091259318 2.973525986780425 15.9643 12.8085 0.878301 0.685115 1754483208.548116 2 3 1
-23.12557088150194 77.64355238129477 15.8033 1.25407 -0.1309370522852431 1.8517854232311495 17.318 11.9295 0.86956 0.389918 1754483208.548116 2 3 1
8.991728967081883 80.72846603589976 12.826 -0.547771 -0.13842986317620976 1.4470714949616963 21.5546 13.1965 0.671865 0.46449 1754483208.548116 2 3 2
8.469429033849842 80.82471474054101 12.7672 -0.50354 -0.12364734147393619 1.4536531315709669 23.8926 16.1804 0.771985 0.499842 1754483208.548116 2 3 1
6.757466444857734 81.41826744618135 12.7043 -0.490635 -0.20862441068280396 1.475504653805936 19.5703 12.6468 0.719341 0.389104 1754483208.548116 2 3 1
6.006432384341566 81.38311829138995 13.5611 -0.440617 -0.19987402220360712 1.4847077749517021 22.6399 16.3127 0.74518 0.387927 1754483208.548116 2 3 1
5.267645187673696 81.31028444752553 13.7655 -0.381992 -0.1817930065427335 1.4937450898185287 19.9047 13.3553 0.818828 0.346991 1754483208.548116 2 3 2
5.853034595368399 81.69868288478034 13.4429 -0.353523 -0.12272248948314701 1.486924343101735 18.8095 13.4523 0.857598 0.523124 1754483208.548116 2 3 1
-80.07390074895298 -23.484688421717223 3.06864 4.2655 0.016630195478457566 3.4394590838928316 14.8035 10.536 0.45679 0.268524 1754483208.548116 2 3 2
-80.0301521238023 -23.763987415779933 3.24022 4.29502 0.05110758615700117 3.4428450226417002 20.3602 16.4008 0.760464 0.505809 1754483208.548116 2 3 1
-80.03485926570625 -23.664856933210196 3.98157 4.33771 0.092079994647567 3.4416756520428637 16.7315 12.488 0.80147 0.36191 1754483208.548116 2 3 2
25.948407227568016 79.60036058380487 0.229466 -1.25805 0.05416305460569837 1.241866153487715 21.762 16.7448 0.768629 0.669989 1754483208.548116 2 3 1
26.53376149405388 79.31997560652962 0.682542 -1.16597 0.17949234106554424 1.2341168916088603 15.8391 10.3744 0.683181 0.500437 1754483208.548116 2 3 2
-80.26476513780685 -23.550452607220876 3.21908 4.21919 -0.02955264802436197 3.439546350355431 18.1059 15.0515 0.791158 0.564416 1754483208.548116 2 3 1
-80.27023126020251 -23.617112768493516 3.71207 4.25004 0.0023922334067991713 3.440296841933788 14.6902 11.6061 0.778336 0.358181 1754483208.548116 2 3 1
25.841089463332402 79.64110977630358 0.0767082 -1.31664 -0.01034373640895514 1.2432432182675386 16.6943 11.6767 0.63697 0.603769 1754483208.548116 2 3 2
25.989096028082532 79.75597235316127 0.272115 -1.33775 -0.026144258182109192 1.2420075251571265 18.8389 16.3773 0.768451 0.669626 1754483208.548116 2 3 1
26.9015485560814 79.48850053101992 0.888627 -1.30117 0.05924322214560096 1.2306262331048716 12.723 10.0098 0.625151 0.416131 1754483208.548116 2 3 1
23.369796209769703 80.3659672564405 9.41591 -1.11356 0.059198129846876 1.2741756886006341 14.8696 10.1862 0.612386 0.362405 1754483208.548116 2 3 1
-83.6367151161933 13.046624337581122 -4.95123 4.50568 0.04337554442294067 2.994627017437036 9.9388 10.8153 0.797351 0.285888 1754483208.548116 2 3 1
-83.63154152575682 13.200184420600328 -5.36037 4.54415 0.08279348469113934 2.9927944217224423 11.5367 12.7409 0.860296 0.448934 1754483208.548116 2 3 1
26.49702314506225 79.61502521152906 -0.0833208 -1.42066 -0.08199078087742939 1.235701650569671 14.3853 11.515 0.514884 0.521764 1754483208.548116 2 3 1
23.098676906944533 80.65025552785694 9.73261 -1.21784 -0.06289069109583134 1.2782807030013248 17.2085 13.029 0.774176 0.570972 1754483208.548116 2 3 1
8.66862939998106 83.58495482284006 12.334 -0.337345 0.03585283680550855 1.455148878739926 16.1612 12.2764 0.666666 0.482867 1754483208.548116 2 3 1
7.449344278822349 83.6256770503396 12.8402 -0.267227 0.04055122971206393 1.4697555392498667 17.0638 11.5885 0.518792 0.366924 1754483208.548116 2 3 1
-83.82671722231132 13.218648314746998 -5.1167 4.41251 -0.048910177501464425 2.992916594770082 13.3074 13.8197 0.829302 0.265349 1754483208.548116 2 3 2
-83.83155609769038 13.155883673625986 -5.37376 4.45682 -0.004989784267101172 2.99366708634844 16.2131 16.9094 0.845139 0.379485 1754483208.548116 2 3 1
-82.37194143140647 12.366099761124635 16.991 4.49259 0.027318870202489798 3.000561136893817 15.2798 10.4714 0.699529 0.289276 1754483208.548116 2 3 2
9.291284180363911 83.81949652137234 11.7739 -0.506809 -0.10197265205877837 1.448078549940097 19.0729 13.5375 0.65784 0.498855 1754483208.548116 2 3 2
8.233113824031319 83.9003915197348 12.3209 -0.457912 -0.10983682846569676 1.460760112285088 23.9959 19.9726 0.707706 0.538332 1754483208.548116 2 3 2
7.76195712243023 83.9153847008413 12.7687 -0.418026 -0.09513918785221609 1.4663835631350135 24.3959 20.784 0.759333 0.506529 1754483208.548116 2 3 1
7.507684127746123 83.85576361321586 13.3682 -0.3498 -0.040152554760479464 1.46933840555864 19.4507 14.637 0.735298 0.454596 1754483208.548116 2 3 1
7.840032388812783 84.08323482693088 12.4355 -0.523479 -0.19737074393025444 1.4656644874831921 21.5013 16.8565 0.621062 0.466834 1754483208.548116 2 3 1
7.768946026873069 84.05253249517874 12.8714 -0.481606 -0.15911015117791727 1.4664708295976134 24.4795 19.6698 0.739488 0.476042 1754483208.548116 2 3 1
7.5203570494417695 84.00777131125791 13.6072 -0.441147 -0.1316481515173294 1.4693715668144278 20.155 15.5277 0.794809 0.433439 1754483208.548116 2 3 2
6.00731753726184 84.14044473643627 13.9205 -0.274036 -0.045960082088961046 1.4875317176814289 21.135 16.4273 0.80376 0.443148 1754483208.548116 2 3 1
4.932681742057043 84.28785320881298 14.3153 -0.23756 -0.06756447348626332 1.5004750794142188 19.739 15.2455 0.809178 0.469867 1754483208.548116 2 3 2
6.019862988927869 84.3414521283695 14.0343 -0.38604 -0.1581911352845423 1.4875823322297368 19.9932 15.0544 0.842247 0.414012 1754483208.548116 2 3 1
4.639142674200665 84.53219917797595 14.1861 -0.336071 -0.18265314195279872 1.5041681961114388 18.715 13.4023 0.781998 0.372736 1754483208.548116 2 3 1
-86.2777613599618 -9.123662172752146 -5.48855 4.52921 0.08680427581687855 3.257438696202343 12.558 11.3092 0.488423 0.351956 1754483208.548116 2 3 1
-86.63378653231307 -8.954357570801113 -5.32282 4.31277 -0.13123287565883768 3.2550126885420703 10.4445 10.783 0.553504 0.3547 1754483208.548116 2 3 1
-83.80045856550419 11.696301951906992 21.7422 4.46704 -0.0030213347867391604 3.0108934860656236 23.7312 16.3773 0.884682 0.354272 1754483208.548116 2 3 1
-83.63177770919079 11.821719750467855 22.4206 4.51383 0.044544338307875186 3.0091481568136293 21.5206 13.6757 0.796265 0.341258 1754483208.548116 2 3 2
10.072571838544993 86.1910771090512 12.975 -0.355934 0.07409877688226457 1.4424446271146594 16.6901 13.4052 0.711451 0.520264 1754483208.548116 2 3 1
-84.05281748619244 11.717365512945937 22.1714 4.2991 -0.17102280042898155 3.0110331124057828 20.1921 13.5081 0.802168 0.349154 1754483208.548116 2 3 1
10.547941206142438 86.39674908863456 13.1483 -0.541409 -0.08833826515428611 1.4372906698335202 23.6508 20.7046 0.742938 0.623908 1754483208.548116 2 3 2
10.362491893737804 86.42324479577562 13.2317 -0.508049 -0.06467415229317525 1.439460114093749 29.3764 25.6228 0.769153 0.61676 1754483208.548116 2 3 1
9.712921612903564 86.50558350377887 13.2582 -0.447689 -0.03820733915404706 1.4470400790351603 24.1057 20.4254 0.75445 0.504126 1754483208.548116 2 3 1
7.637815671360884 86.88677989469758 11.6681 -0.348812 -0.04836254716634786 1.4713909127589853 18.2738 17.1064 0.758627 0.475004 1754483208.548116 2 3 1
7.742407342815997 86.7693516319602 12.444 -0.269485 0.03697145082553954 1.4700504998934538 17.019 15.7335 0.79134 0.548238 1754483208.548116 2 3 1
10.618783247920245 86.50265129097369 13.3267 -0.608021 -0.15204893187109414 1.4366414073517781 23.5887 19.126 0.745726 0.607475 1754483208.548116 2 3 1
10.366119189847176 86.53871661850242 13.3476 -0.565208 -0.12242605023594988 1.4395927591169007 28.9279 25.0349 0.768316 0.584088 1754483208.548116 2 3 1
9.3603409194262 86.74704226475599 13.1127 -0.509811 -0.11995971147021534 1.4514278367746742 23.2771 21.5366 0.727274 0.440689 1754483208.548116 2 3 2
7.81756105674082 87.07431883064075 12.2635 -0.467175 -0.15844260334880444 1.4695426090811234 24.5551 23.0182 0.807356 0.588908 1754483208.548116 2 3 1
7.84360987360084 87.01683814482718 12.7229 -0.412098 -0.10172321765556147 1.4691760899382047 24.8567 22.3421 0.818453 0.672909 1754483208.548116 2 3 2
6.368763391288452 87.18414374144974 12.7256 -0.345741 -0.11212986393105911 1.4862977699002689 16.1597 13.4229 0.782186 0.541113 1754483208.548116 2 3 2
8.684614245121947 87.13325639061574 12.1025 -0.597839 -0.24492595994961408 1.4596797534781034 13.1883 11.5914 0.674777 0.527834 1754483208.548116 2 3 1
7.879825367113504 87.19488063610746 12.5912 -0.534264 -0.22296637159596178 1.468970141086469 20.3595 18.5175 0.827769 0.653393 1754483208.548116 2 3 1
7.849160717161814 87.17429549549863 12.7457 -0.481228 -0.17139285408066296 1.469296517656592 21.086 18.2676 0.801947 0.698312 1754483208.548116 2 3 1
6.665797441046999 87.29526465633859 13.4936 -0.431091 -0.18267668806936657 1.4829973522847477 15.3216 12.3969 0.791855 0.598718 1754483208.548116 2 3 1
6.576243124224053 87.29639064430957 14.2463 -0.376972 -0.13316823074273348 1.4840253512141723 22.5135 18.2441 0.833661 0.423873 1754483208.548116 2 3 2
6.061380321959621 87.24629093645426 15.1466 -0.307201 -0.08970323986481105 1.489889657500873 23.6713 18.8085 0.902262 0.409442 1754483208.548116 2 3 1
6.509314404459469 87.56145202306324 14.5198 -0.473286 -0.23410085946369158 1.4850550954728488 18.8179 14.199 0.824985 0.422782 1754483208.548116 2 3 1
5.876924596023639 87.62377112277652 14.3589 -0.421814 -0.21535764883543443 1.4923505717461854 17.7157 13.0113 0.799921 0.403496 1754483208.548116 2 3 1
12.48594449964485 88.63634706073184 12.7273 -0.486691 0.04791403045736331 1.4190275445406515 17.6097 12.8173 0.494413 0.252265 1754483208.548116 2 3 1
9.554487877156578 89.17922568724966 12.691 -0.528812 -0.14383434400663608 1.4525169222279186 14.6405 10.9858 0.651812 0.500598 1754483208.548116 2 3 2
8.60993267230181 89.72251517932519 14.1617 -0.412624 -0.07780618397341432 1.4637201906964703 23.7583 18.2117 0.857948 0.608899 1754483208.548116 2 3 1
8.540080579120694 89.83690067480136 13.7312 -0.37067 -0.03994098693709652 1.4646329978952635 19.4672 13.8286 0.832883 0.584688 1754483208.548116 2 3 1
6.247366918717345 90.09902112781396 13.9616 -0.210815 0.004419767967876159 1.4903940576546997 16.0503 9.90694 0.845885 0.717871 1754483208.548116 2 3 1
8.525238869133185 89.56491106875227 14.9147 -0.441921 -0.1104883491111297 1.464475918262584 19.0356 13.5669 0.843072 0.430544 1754483208.548116 2 3 2
8.679118232040656 89.86182814474661 14.2134 -0.47945 -0.14194295111414867 1.4631197974337842 22.5911 16.7948 0.841111 0.57803 1754483208.548116 2 3 1
8.470464621872704 90.06088184194758 13.3601 -0.42218 -0.09608738160160546 1.465667978141696 18.991 14.3313 0.778571 0.582481 1754483208.548116 2 3 2
6.407113336710376 90.29249971830025 13.9272 -0.374992 -0.1525769259393604 1.488793590730621 22.0898 16.3509 0.867007 0.708208 1754483208.548116 2 3 2
6.230438042224764 90.30523442824862 14.1514 -0.328056 -0.11448914715731781 1.4907658127853745 23.8921 18.5439 0.89724 0.75973 1754483208.548116 2 3 1
5.976874877874789 90.302806981301 14.1807 -0.259045 -0.058101994695154535 1.4935792835395891 16.5557 10.9946 0.8086 0.639697 1754483208.548116 2 3 2
8.897883224435327 89.62860460034861 15.6087 -0.545403 -0.19574121264679478 1.4604058104469329 18.1467 11.4591 0.849992 0.413069 1754483208.548116 2 3 1
6.141541506133278 90.50345100275804 13.8696 -0.444691 -0.2363316766789556 1.4919264567379507 17.0329 10.7565 0.857038 0.704935 1754483208.548116 2 3 1
6.12139094854524 90.47769249142335 14.1348 -0.396214 -0.188755255559368 1.49212716960193 20.1914 14.2166 0.857741 0.713368 1754483208.548116 2 3 1
8.73405365564164 91.86369521730892 10.5886 -0.33865 -0.008992095731848282 1.4648721080027867 13.0875 11.1152 0.846018 0.444077 1754483208.548116 2 3 1
8.826140282411611 91.91725019164649 11.8638 -0.498016 -0.16415977041415553 1.4639348661944656 15.1108 11.806 0.779588 0.382716 1754483208.548116 2 3 2
9.05947750272426 92.07911512949899 10.4882 -0.447693 -0.1033617893611487 1.461596124996793 21.1087 18.8085 0.894676 0.698057 1754483208.548116 2 3 1
8.764810940326157 92.1807724664276 10.1699 -0.410397 -0.08087982675668537 1.4649035239293222 18.0573 15.9128 0.854246 0.59818 1754483208.548116 2 3 2
7.315856219023734 92.07930363747266 13.5067 -0.374691 -0.11511541832032363 1.4805085127714037 14.4374 10.5625 0.698814 0.487344 1754483208.548116 2 3 1
9.030476976388094 92.2279142176717 10.5907 -0.517323 -0.17518825437236019 1.4620865625166035 17.8455 15.513 0.867254 0.672918 1754483208.548116 2 3 1
8.812078570992874 92.34763797254506 10.3284 -0.465324 -0.13438389473167228 1.4645858740054594 16.805 14.2284 0.795181 0.58552 1754483208.548116 2 3 1
11.621298199006597 92.16610499621484 12.2563 -0.497692 -0.030288065931655894 1.4340827546683546 21.9729 17.7237 0.793914 0.581786 1754483208.548116 2 3 1
11.609474301831547 92.3200838872872 11.661 -0.46994 -0.004118878817793881 1.4344370565065094 29.8584 25.6316 0.819682 0.50884 1754483208.548116 2 3 1
11.40986733315617 92.30547956547817 11.3733 -0.434444 0.02190241973887591 1.4365576315476825 25.936 22.395 0.82447 0.552889 1754483208.548116 2 3 1
11.883500042519909 92.48016444198174 11.4285 -0.591171 -0.1133048326336063 1.4317405228121782 28.8058 23.8707 0.795236 0.544869 1754483208.548116 2 3 2
11.672303804430578 92.4814407451547 11.2071 -0.555676 -0.08790561022195481 1.4340007241935109 37.051 33.0427 0.823594 0.52831 1754483208.548116 2 3 1
11.482081888654928 92.47897052213526 11.5763 -0.529812 -0.0711259553667562 1.4360340327720842 34.9744 30.9202 0.816519 0.619549 1754483208.548116 2 3 2
10.900210047645816 92.49933750885862 12.2277 -0.481861 -0.05118833952405066 1.442301510115996 23.93 19.0907 0.73615 0.546103 1754483208.548116 2 3 2
11.645423310607088 92.75612193799964 10.8527 -0.676048 -0.2113652927212165 1.4346918745773005 24.3113 22.3362 0.779482 0.431416 1754483208.548116 2 3 1
11.628359797148665 92.60404493339769 11.3744 -0.618423 -0.1535609515405263 1.4346517320045047 33.7799 31.7669 0.82633 0.586831 1754483208.548116 2 3 1
11.472115419242899 92.58393762661223 11.8037 -0.588985 -0.1314609533860664 1.4362940868306315 32.5054 29.7737 0.806887 0.634718 1754483208.548116 2 3 1
10.965538319610499 92.57467900100953 12.6889 -0.544857 -0.11151565199852242 1.4417046075118136 22.8558 18.879 0.703677 0.481791 1754483208.548116 2 3 1
11.039602779580948 92.89835335689372 11.8701 -0.757923 -0.3230522982747206 1.4413625229784228 14.9529 12.2235 0.66719 0.512163 1754483208.548116 2 3 1
11.2524690326314 92.84986653319649 12.2144 -0.712307 -0.26697408430763814 1.4390220364514983 16.0875 11.806 0.712549 0.55419 1754483208.548116 2 3 1
10.04162840244722 94.33029455568241 11.8014 -0.486637 -0.10755673690249812 1.4538346458131743 15.8242 12.1588 0.674674 0.412553 1754483208.548116 2 3 2
9.566601935465668 94.4240128643555 11.8521 -0.453476 -0.0973275229739734 1.4589571871677776 24.5211 19.7257 0.850217 0.499987 1754483208.548116 2 3 1
9.412333221239795 94.46479025945676 11.5828 -0.415142 -0.06649626699670386 1.4606327032496922 22.4713 17.124 0.865313 0.411118 1754483208.548116 2 3 2
9.686675684786694 94.48707196687252 12.4344 -0.579376 -0.2178980547931597 1.4577668726179176 14.0486 11.1887 0.722714 0.435321 1754483208.548116 2 3 1
9.471420326498444 94.56287482384764 11.8595 -0.51379 -0.1628698933704288 1.4601248124373618 23.2511 19.5376 0.8704 0.472759 1754483208.548116 2 3 1
9.493137973499918 94.6168216919859 11.4435 -0.483524 -0.13186141983312694 1.4599590061584224 21.3026 17.2299 0.8483 0.375562 1754483208.548116 2 3 1
11.12462553278135 95.3903981325739 11.8653 -0.504173 -0.08043027736877117 1.4438513624917668 15.4105 11.6737 0.799467 0.442321 1754483208.548116 2 3 1
10.66871240950203 95.57608058551719 11.1508 -0.457245 -0.05578946544337904 1.4488342775062106 16.0783 12.3793 0.786269 0.62042 1754483208.548116 2 3 1
11.202198523928393 95.62945003012736 11.3247 -0.58284 -0.15691205117190832 1.4433626703012086 16.5084 13.7257 0.820374 0.535839 1754483208.548116 2 3 2
10.794064888814727 95.72620066080837 11.0276 -0.520943 -0.11452173127881526 1.4477242481019423 18.3348 15.6659 0.766685 0.52167 1754483208.548116 2 3 1
12.0951327065346 95.60260876881118 15.2224 -0.496441 -0.02899028417651539 1.4340722826928425 20.1362 15.3161 0.623823 0.330914 1754483208.548116 2 3 1
12.764625153749845 98.33146211452846 12.2334 -0.526226 -0.04556151036763445 1.4311139496107121 17.0833 14.2901 0.550214 0.541664 1754483208.548116 2 3 2
11.940052252106945 98.35252564813673 13.0239 -0.501514 -0.0580611399865002 1.4394426608012292 20.2109 17.418 0.589313 0.433323 1754483208.548116 2 3 2
11.36287661078357 98.44385807297013 13.124 -0.46196 -0.045046759105647205 1.445378525587262 20.5104 17.5503 0.731625 0.537355 1754483208.548116 2 3 1
11.80999400442483 98.57352940042993 13.697 -0.506161 -0.0698702296655554 1.44104487305456 14.1395 11.2004 0.726543 0.592894 1754483208.548116 2 3 2
11.532200791511986 98.57547122310623 12.8769 -0.560219 -0.13642945003022788 1.4438408905162547 18.8274 15.8776 0.679585 0.493921 1754483208.548116 2 3 1
11.567557947515635 98.58352386767943 13.029 -0.524162 -0.09882717396080132 1.44349531532436 20.1502 17.1328 0.759226 0.562123 1754483208.548116 2 3 1
11.304061415002016 99.70073850312215 10.3072 -0.393894 0.013339228088602884 1.4475427338597349 12.4466 10.3802 0.738066 0.417043 1754483208.548116 2 3 1
10.763912640004484 99.86731025916357 10.7661 -0.542923 -0.16064790792788142 1.4531208061491085 11.7506 10.9564 0.829144 0.525682 1754483208.548116 2 3 2
10.831106880259505 99.83764127318665 11.0903 -0.497375 -0.11195213738150955 1.452417438460555 15.1558 13.614 0.818845 0.530431 1754483208.548116 2 3 1
10.909165166247266 99.81709612087789 11.8617 -0.471699 -0.08268338179844259 1.4516145870046375 11.9819 10.2774 0.751003 0.451637 1754483208.548116 2 3 2
14.335122036548839 101.10071614221943 11.4704 -0.636009 -0.1038948683665808 1.4195860499012896 17.4211 12.8702 0.743723 0.523653 1754483208.548116 2 3 2
14.48181359739771 101.08469110927327 11.3685 -0.588078 -0.049480095644053645 1.4181321906343782 21.1336 16.395 0.760991 0.5321 1754483208.548116 2 3 1
8.972985599119786 101.70218462532179 12.1812 -0.523705 -0.22952123329933616 1.4727889214898329 15.1061 11.515 0.680199 0.6911 1754483208.548116 2 3 1
11.489445758092167 101.5145982862862 11.7402 -0.46048 -0.05496439406159925 1.4479267062951737 24.0934 19.8991 0.839259 0.50599 1754483208.548116 2 3 1
11.663821696264042 101.5963773404544 11.3233 -0.417137 -0.004439011191691322 1.446321003383339 18.5525 14.4929 0.784212 0.471042 1754483208.548116 2 3 1
14.124055358722929 101.29218689286117 11.5217 -0.651093 -0.12940351453457655 1.42192304576971 18.1434 12.5704 0.767959 0.380426 1754483208.548116 2 3 1
10.536798266276506 101.70425298629179 12.3845 -0.599022 -0.23619223271201778 1.4574649306573226 17.4934 13.7962 0.857811 0.747352 1754483208.548116 2 3 2
11.663903443210796 101.62237613380853 11.7585 -0.525486 -0.1129285259287448 1.4463524193098747 26.177 21.8511 0.827039 0.448713 1754483208.548116 2 3 1
11.971576124655824 101.70322342065221 11.319 -0.482025 -0.05648726269032772 1.443449936763808 20.258 15.6865 0.766268 0.483935 1754483208.548116 2 3 2
11.87852598407147 101.95386774936279 11.2328 -0.637608 -0.21751795253874562 1.4446681765817002 16.8112 13.6404 0.766557 0.380319 1754483208.548116 2 3 1
11.919334017227815 103.81453702701069 12.0174 -0.406925 0.004828409693271474 1.44653218822283 14.3447 10.4243 0.770312 0.371678 1754483208.548116 2 3 1
12.674382957202262 103.97625502406385 12.2668 -0.613014 -0.16993560029008337 1.4395264366053249 14.7347 11.0975 0.780841 0.45873 1754483208.548116 2 3 1
15.988287806689433 103.76509484828 11.8806 -0.527031 0.05774459699237655 1.4077701708652879 16.8757 13.6345 0.606096 0.269302 1754483208.548116 2 3 1
14.151883564772739 104.09992376506226 11.8675 -0.477234 0.027827793495499964 1.425649323722718 19.6395 16.3744 0.684637 0.388242 1754483208.548116 2 3 1
12.59643671796502 104.19879445797145 12.4298 -0.429333 0.009189217721955856 1.4405457088884897 18.4923 16.0569 0.756073 0.59622 1754483208.548116 2 3 1
16.74537106388911 103.88879955350262 11.1911 -0.682777 -0.06706447777970337 1.4008202697838468 12.8185 9.7776 0.609982 0.401805 1754483208.548116 2 3 2
15.028520204585462 104.08779606969243 12.1131 -0.608433 -0.06627067236055251 1.4173328298369647 21.5653 18.4645 0.727809 0.500654 1754483208.548116 2 3 2
13.662398243930541 104.13234464372607 13.1303 -0.558186 -0.07404530611867549 1.4303355327643226 25.2135 22.5684 0.727565 0.588379 1754483208.548116 2 3 2
12.593176808475702 104.40481221240223 12.5062 -0.521378 -0.08414314247173155 1.4408336882150685 26.4942 24.3734 0.810819 0.658176 1754483208.548116 2 3 1
11.969647584583115 104.56016710051661 12.2531 -0.487782 -0.0778475422769439 1.4469388499385447 20.4772 18.2705 0.786629 0.607722 1754483208.548116 2 3 2
14.992284206989074 104.28304460143822 12.2443 -0.702503 -0.16314237343358484 1.4179611483676828 14.1385 10.783 0.73978 0.464345 1754483208.548116 2 3 1
13.426323051588572 104.33698989060586 13.088 -0.623947 -0.1510153781052299 1.4328453162286905 20.241 17.5326 0.743755 0.663564 1754483208.548116 2 3 1
12.547542590890076 104.54312783193252 12.6043 -0.57864 -0.14409701265186492 1.4414358268070064 23.5132 21.1427 0.818932 0.667293 1754483208.548116 2 3 1
11.962970473127386 104.69221054971645 12.4234 -0.550163 -0.14120440283851987 1.4471570160950442 19.5253 16.8095 0.781365 0.594495 1754483208.548116 2 3 1
15.737751767914071 106.99376729794605 11.94 -0.576969 -0.024162169715191695 1.4149452194202368 15.1735 12.0735 0.787695 0.599557 1754483208.548116 2 3 1
15.645480433285748 107.0554108002328 12.3325 -0.556885 -0.00824845067298996 1.4158807158993056 23.2938 20.0726 0.804575 0.665573 1754483208.548116 2 3 1
15.390324923773024 107.13419250021107 12.232 -0.531078 0.006601503644908191 1.4183381394861136 22.079 18.7909 0.819273 0.593458 1754483208.548116 2 3 1
14.048015219597474 107.60956409244524 12.0034 -0.500885 -0.021093504355379544 1.4313094264869357 20.2724 16.6507 0.846519 0.462657 1754483208.548116 2 3 1
15.378926371848253 107.22027007694933 12.2861 -0.663288 -0.12661253678400308 1.418563286959621 16.5741 13.2406 0.761186 0.626837 1754483208.548116 2 3 2
15.594853912808858 107.23776024183643 12.2355 -0.624115 -0.07871541776070468 1.4166067728681353 27.0343 23.5562 0.80687 0.616929 1754483208.548116 2 3 2
15.408136538084946 107.33606305876683 12.0033 -0.603291 -0.06614853784853048 1.4184585672045014 27.6786 23.8355 0.815236 0.505661 1754483208.548116 2 3 1
15.363763652386282 107.54036824888584 11.1356 -0.570873 -0.036820623351390136 1.419151462917543 20.2523 16.3273 0.715181 0.252992 1754483208.548116 2 3 2
13.651501420260587 107.76633203012474 12.2863 -0.558907 -0.09625947764150788 1.435147405512071 20.3192 17.5238 0.850682 0.557168 1754483208.548116 2 3 1
15.297978655551583 107.4998290991026 12.0581 -0.710255 -0.17863906807400431 1.4196977509734172 19.8444 16.1921 0.799841 0.519207 1754483208.548116 2 3 1
15.37766582871809 107.38327490602 12.4562 -0.664349 -0.12875544025274477 1.4188058877256482 21.8557 18.6556 0.803894 0.431781 1754483208.548116 2 3 1
14.663127771639594 107.75226075772035 11.5996 -0.622547 -0.11841220436500333 1.4258570179037053 19.853 16.3773 0.728572 0.430452 1754483208.548116 2 3 1
7.615682596849304 110.0134695776085 10.2103 -0.41362 -0.20803292009838667 1.4925443032931567 13.9691 11.2563 0.439521 0.454122 1754483208.548116 2 3 2
9.910901272876174 109.91942750715769 9.66696 -0.376541 -0.07707712210866985 1.4716108242447368 17.5441 14.9427 0.890127 0.652298 1754483208.548116 2 3 1
10.316485355134606 110.12458732240499 9.12487 -0.462425 -0.14732663675502977 1.4681219110700001 14.6112 10.9829 0.865282 0.450012 1754483208.548116 2 3 1
9.96476698940425 108.88007636085884 18.7639 -0.411484 -0.10555939672857212 1.4701691822825893 17.5571 11.2533 0.853306 0.29997 1754483208.548116 2 3 1
8.515918676372927 110.31016936871552 9.68237 -0.364475 -0.12320753075710517 1.4845908378918182 12.5405 10.2068 0.880372 0.209623 1754483208.548116 2 3 2
15.172531781458146 110.4976327730988 11.6442 -0.479378 0.029080002570788965 1.4248883601688485 19.1788 15.075 0.715139 0.445485 1754483208.548116 2 3 1
14.61605780761319 110.56052118110378 12.184 -0.440151 0.045774447236296256 1.429935852365616 23.9971 20.2901 0.792048 0.669146 1754483208.548116 2 3 1
14.478035353607332 110.54348642173295 12.4903 -0.390347 0.09016939373071053 1.4311471108665 20.7279 17.127 0.803225 0.460823 1754483208.548116 2 3 1
15.701190699820838 110.30394199768388 13.2708 -0.614204 -0.08353777963473119 1.4199106811421605 13.6828 10.3773 0.583626 0.480497 1754483208.548116 2 3 2
15.179245802092206 110.68558124779845 11.9483 -0.570751 -0.06311865427252483 1.4250733650695597 27.0712 23.3063 0.774494 0.75798 1754483208.548116 2 3 2
14.40758679600157 110.77997310350541 12.3547 -0.532959 -0.05657391483669161 1.4320721353700572 33.3909 29.6238 0.811952 0.590829 1754483208.548116 2 3 1
13.961158861918529 110.66309664387991 13.4197 -0.501827 -0.04261065784994966 1.4359153503829485 30.3325 27.2838 0.816476 0.526752 1754483208.548116 2 3 2
13.602521996550447 110.73060198963887 13.1618 -0.432365 0.012164416040541692 1.4392018053644537 18.0963 15.1456 0.797489 0.619625 1754483208.548116 2 3 2
15.006717404781002 110.85378317110982 12.0011 -0.638435 -0.13863167516815894 1.4268274209678142 23.8018 20.4783 0.770648 0.766885 1754483208.548116 2 3 1
14.30484698328476 110.9176879254688 12.4032 -0.588787 -0.11725087585819088 1.4331577301647975 30.8247 27.6542 0.808207 0.528947 1754483208.548116 2 3 1
13.821187727099202 110.8250711328764 13.3076 -0.559616 -0.10684944827424675 1.437358737674348 28.9959 26.0168 0.80446 0.576857 1754483208.548116 2 3 1
13.312516474890723 111.00262258194769 12.6268 -0.507217 -0.0756859729495451 1.4421095238982764 17.1774 14.1284 0.760053 0.553242 1754483208.548116 2 3 1
13.613145835963271 111.13451785681124 13.065 -0.715912 -0.2730832422202425 1.4395822871413886 12.9465 9.70998 0.706208 0.593987 1754483208.548116 2 3 1
13.380703167422858 111.17214179179085 13.1452 -0.674553 -0.24118044019053608 1.4416976261948058 13.6328 10.3038 0.74378 0.589467 1754483208.548116 2 3 1
17.406402784357834 113.21795078310178 12.56 -0.620216 -0.04071854486570059 1.4089552494273923 23.6545 17.9383 0.766124 0.490435 1754483208.548116 2 3 1
17.250306394145152 113.03304646817766 14.0525 -0.58604 -0.01140941748319324 1.4100478255391404 27.6126 22.5626 0.794996 0.466235 1754483208.548116 2 3 1
16.482928651590072 113.29640426817743 13.2327 -0.546234 -0.0029121419797087933 1.4170727757784178 25.9582 20.9075 0.811948 0.51736 1754483208.548116 2 3 1
14.675816703655478 113.63002845118243 12.7296 -0.475925 -0.004575985204176847 1.4331996180668454 19.8481 14.7928 0.818352 0.408151 1754483208.548116 2 3 1
17.550877317901495 113.31393851122586 12.8078 -0.683243 -0.09877831650670621 1.4078399840353677 24.5415 18.5586 0.786081 0.455933 1754483208.548116 2 3 2
17.349596597119454 113.17434894317888 13.9022 -0.641037 -0.06345977811662884 1.4093863457526348 30.0687 24.5469 0.812307 0.497962 1754483208.548116 2 3 2
16.28835943551161 113.50175935666209 13.0222 -0.603111 -0.06853710475034269 1.4190345258576595 30.4142 24.8644 0.834405 0.513954 1754483208.548116 2 3 1
14.799718735605747 113.83015744377396 12.678 -0.568203 -0.09312754695527592 1.432365350684392 26.8909 22.0834 0.871536 0.524979 1754483208.548116 2 3 2
15.019988493348592 113.71062060293723 13.5373 -0.499172 -0.014906604677987711 1.4303076074962908 20.3665 15.1044 0.820498 0.691381 1754483208.548116 2 3 2
17.414528031224584 113.37889005273773 13.9153 -0.732044 -0.15324621254491977 1.4091123290600718 20.8157 16.4067 0.795384 0.491465 1754483208.548116 2 3 1
15.83487188875825 113.77692266778078 12.8081 -0.671432 -0.15599555841649315 1.4233245451590613 23.7751 19.4082 0.839473 0.519628 1754483208.548116 2 3 1
14.764075148399483 113.98140290945709 12.73 -0.627388 -0.15450315381929547 1.4328557882042026 23.7781 19.3465 0.870662 0.571211 1754483208.548116 2 3 1
15.181635815532031 113.88848628690629 13.4011 -0.576813 -0.08726372941554095 1.4291242742634387 17.9755 13.4787 0.790008 0.679087 1754483208.548116 2 3 1
15.818976710440694 116.83895896839611 11.5232 -0.502522 -0.004806674777184661 1.4272951692073486 20.8048 15.6512 0.801451 0.310008 1754483208.548116 2 3 1
15.971874525209389 116.7808915787855 11.9053 -0.474243 0.029549034614466174 1.425933812390793 20.658 15.3043 0.815654 0.393773 1754483208.548116 2 3 1
15.633793284359141 117.04224849744605 11.4735 -0.582569 -0.09293400845683736 1.4291050756416668 26.1528 21.7277 0.812737 0.337235 1754483208.548116 2 3 1
15.863430581488808 116.946645589529 12.0598 -0.553215 -0.054416706134376214 1.4270525684413213 25.8293 19.8991 0.81604 0.434568 1754483208.548116 2 3 2
35.74652574147369 112.67076038366476 8.69231 -1.24402 0.0166370985082136 1.2538460934734041 17.2675 12.6115 0.691332 0.324054 1754483208.548116 2 3 2
34.01906466946449 113.12582481260007 10.5657 -1.20587 -0.010704859901223163 1.2690042780269748 18.8434 13.6581 0.77219 0.304953 1754483208.548116 2 3 1
15.664324389354455 117.16103217237813 11.9388 -0.667873 -0.17772368649565579 1.428989883911035 19.983 17.7031 0.780904 0.369426 1754483208.548116 2 3 1
15.812643287027967 117.10599671689648 12.2715 -0.62727 -0.13124541098068376 1.4276739056550312 19.7391 16.3185 0.79347 0.457778 1754483208.548116 2 3 1
18.608308900825914 119.5803935976952 11.8319 -0.6241 -0.03864817599011716 1.4076183272203646 18.5639 14.8957 0.83009 0.437103 1754483208.548116 2 3 2
18.160724283475066 119.22653101376565 15.1806 -0.58643 -0.015243961002327944 1.4108210063977742 23.6216 20.0696 0.825026 0.429525 1754483208.548116 2 3 1
17.506831337945684 119.43009697683887 14.6978 -0.546597 -0.0005749017083434005 1.4164671465279757 21.0584 17.3621 0.792925 0.529091 1754483208.548116 2 3 1
16.41642285043223 119.76171120521684 13.6628 -0.488724 0.015418585623645453 1.4258552725744533 15.6463 11.9471 0.758096 0.496195 1754483208.548116 2 3 1
18.270754030939145 119.38775792885944 14.8192 -0.697987 -0.12372184941348652 1.4101298560139843 17.6103 13.7198 0.850686 0.445995 1754483208.548116 2 3 1
17.83453944720198 119.41580653356982 15.1254 -0.639027 -0.08090687513462824 1.4137531595411248 23.6307 19.8521 0.818806 0.488401 1754483208.548116 2 3 1
16.86352804256035 119.74658615565711 14.2169 -0.602325 -0.08168670214796347 1.4221586652187295 23.1862 19.4082 0.782018 0.618443 1754483208.548116 2 3 2
16.16211859169767 120.01948258155562 13.7013 -0.576279 -0.0828412970764163 1.4282533549666936 21.9709 18.0353 0.834615 0.539052 1754483208.548116 2 3 2
16.20820737452137 120.1321576522142 13.8193 -0.531799 -0.03726262937794189 1.4280072635421623 17.6779 13.1701 0.848802 0.404912 1754483208.548116 2 3 2
16.643605277547792 120.07311551362179 13.7821 -0.686417 -0.17561453852986897 1.424363016063998 14.9866 10.9006 0.788678 0.501171 1754483208.548116 2 3 1
16.553073122515553 120.11174742066775 14.0337 -0.643169 -0.13588717422547658 1.4251519048858996 18.4447 14.2842 0.876663 0.446753 1754483208.548116 2 3 1
16.34442191675444 120.24820263047712 14.2559 -0.608398 -0.10948284076845294 1.4270263885025414 17.1444 12.1118 0.882769 0.427119 1754483208.548116 2 3 1
16.35515729961855 122.3560760865645 15.3159 -0.500443 -0.01212501398928506 1.4294000362852537 14.8325 10.1068 0.738838 0.430878 1754483208.548116 2 3 1
17.432829419373054 122.40554157917923 15.6985 -0.627934 -0.10115250560677025 1.4207816004389058 19.1451 15.0339 0.782759 0.439885 1754483208.548116 2 3 1
17.587590509682027 122.7284518565258 14.4693 -0.524445 0.006127804813026438 1.4199316250931846 23.6443 19.6434 0.707174 0.505892 1754483208.548116 2 3 1
18.562251927138007 122.49064444808165 14.872 -0.477848 0.08887439831228222 1.4118228253884189 18.6083 14.8398 0.725489 0.488324 1754483208.548116 2 3 1
18.074524036501987 122.47405423915033 16.1475 -0.714481 -0.16509749927845452 1.4157131642911143 16.0098 11.1916 0.682214 0.427805 1754483208.548116 2 3 1
16.090079361444438 123.33290520649763 13.0108 -0.694248 -0.22037307894767444 1.432634131389199 15.1096 11.6414 0.564699 0.456308 1754483208.548116 2 3 2
17.741292779148214 122.82837498345114 14.5984 -0.597542 -0.062026276250903956 1.418823341018168 26.5788 22.4126 0.762914 0.558156 1754483208.548116 2 3 1
19.15771912753439 122.51248139398633 15.1891 -0.551598 0.036224398219528164 1.4070860017985063 20.5271 16.3597 0.712094 0.499008 1754483208.548116 2 3 2
18.278627617707564 122.93161630567815 14.8719 -0.713242 -0.15913594578069035 1.4146537494351537 17.1274 12.8055 0.780955 0.556093 1754483208.548116 2 3 1
14.771490007738496 126.71503996683059 13.4309 -0.556976 -0.1455192387786296 1.4465985107344057 13.2751 10.489 0.681431 0.427605 1754483208.548116 2 3 1
18.925431915093725 128.50895865463932 15.236 -0.528904 0.017328195057326745 1.416420022638172 13.1336 8.98974 0.813083 0.444414 1754483208.548116 2 3 1
19.073984997149704 128.74491445258454 14.9934 -0.627144 -0.0771147099828936 1.4155683019631988 16.9291 12.8379 0.841374 0.472047 1754483208.548116 2 3 1
19.555718093395537 128.96254165542365 13.0979 -0.585293 -0.02007157054358255 1.4121596739340538 15.9702 11.6326 0.865316 0.482873 1754483208.548116 2 3 2
-98.81562875104487 90.04484893279273 -2.9506 3.42651 0.011000691472748514 2.4022622693101607 13.0184 10.3714 0.795765 0.657917 1754483208.548116 2 3 1
-98.28379565760508 90.59131788510406 -4.26159 3.51083 0.1121788714536942 2.39650268277858 10.6471 8.06078 0.721404 0.690245 1754483208.548116 2 3 2
21.43832131521219 130.68733947075748 13.5357 -0.705627 -0.08680841969834407 1.4001221380830489 16.7902 12.147 0.740303 0.602568 1754483208.548116 2 3 2
21.063345626948784 130.77795846579278 13.5824 -0.649105 -0.043279497518189936 1.4030420739216354 22.1278 17.4474 0.799272 0.558 1754483208.548116 2 3 1
20.200537399430207 131.02298380561206 12.95 -0.61285 -0.03712314490228352 1.4098017341146094 20.6327 16.295 0.782072 0.438659 1754483208.548116 2 3 2
18.39601526993264 130.9545997068244 16.0402 -0.533501 -0.017753050226293476 1.4232547319889817 15.0179 9.90106 0.820737 0.287642 1754483208.548116 2 3 1
-98.8872786773674 90.28114401722692 -2.90299 3.33103 -0.08167746498943762 2.4013023382215644 11.6417 9.61885 0.775265 0.670891 1754483208.548116 2 3 1
21.065115691126366 130.97394130415194 13.3085 -0.720142 -0.11536517939096325 1.4032776933706548 19.4665 14.8751 0.800586 0.55333 1754483208.548116 2 3 1
19.946106732800047 131.21975755588903 12.9375 -0.677719 -0.11152543312742236 1.4119415077775546 19.8813 15.4836 0.822311 0.432121 1754483208.548116 2 3 1
17.61590347157001 131.25604559168076 15.7007 -0.631618 -0.14351042709609374 1.4294471601750576 14.3905 9.90106 0.714645 0.240405 1754483208.548116 2 3 2
22.520789536868193 132.68172391840642 13.1031 -0.637547 0.005441811856826573 1.3946871827923384 14.2597 9.33075 0.740765 0.296362 1754483208.548116 2 3 1
22.16905546783307 130.06024670888615 29.9406 -0.59914 0.04766589615202643 1.3938284808003572 23.5185 12.3499 0.789503 0.260495 1754483208.548116 2 3 1
22.30673030330883 132.73121905681248 12.9923 -0.546764 0.08893845326440664 1.3963260469599612 14.0241 10.2274 0.749504 0.399438 1754483208.548116 2 3 1
22.871998241538304 132.75326710079068 13.7584 -0.721958 -0.06792267667936236 1.3922018339374986 16.636 11.6561 0.787723 0.428532 1754483208.548116 2 3 2
22.56210174659392 132.96942810261547 11.8308 -0.676594 -0.033931058806643266 1.3947604866209224 20.0996 16.101 0.799976 0.301217 1754483208.548116 2 3 1
21.520928939066586 133.10570292921602 12.7535 -0.645672 -0.03777253690990201 1.402576071011353 19.5179 15.5366 0.848742 0.508309 1754483208.548116 2 3 2
22.73357658606187 132.9652295370802 14.5282 -0.777645 -0.12937291152391306 1.3934986135717302 14.3922 9.27196 0.761517 0.349843 1754483208.548116 2 3 1
21.553005253141134 133.30247389720736 12.8758 -0.735065 -0.1272121413180195 1.402586542986865 14.5162 10.3038 0.861606 0.467172 1754483208.548116 2 3 1
20.496931490428494 134.1968343649438 11.2614 -0.69186 -0.1232634251800333 1.4114022010386882 13.7436 8.44589 0.457835 0.377632 1754483208.548116 2 3 1
20.98460262989991 136.88035981160712 10.8606 -0.570084 0.0003088902477648148 1.4109990299814774 16.5896 12.6056 0.802963 0.533786 1754483208.548116 2 3 1
21.24848609153 136.99151245973547 11.4516 -0.654499 -0.07626095697163282 1.4092379927662153 22.737 18.0824 0.842121 0.54852 1754483208.548116 2 3 1
21.15087353012738 137.09019239415485 11.0996 -0.617363 -0.042747967699348854 1.4100513161976447 17.3785 13.2994 0.838415 0.494368 1754483208.548116 2 3 2
20.947021622317052 137.1836151065973 12.025 -0.732998 -0.16535794255030623 1.4116168765366834 17.7453 13.0554 0.855072 0.534523 1754483208.548116 2 3 1
20.8205839389823 137.26449697338 11.9158 -0.690186 -0.1269867024900717 1.4126134595395723 15.3614 10.6301 0.871611 0.454498 1754483208.548116 2 3 1
47.66267959097265 133.50795327154557 2.73739 -1.31547 0.09172828930104293 1.219677782707111 13.4653 9.0309 0.749511 0.465213 1754483208.548116 2 3 1
46.80862397157701 133.87491444846776 0.618279 -1.27486 0.10430056130783116 1.2262437113531137 14.0784 9.31606 0.682516 0.594618 1754483208.548116 2 3 1
22.803580464766245 139.5315797557928 12.758 -0.659542 -0.045685490799529216 1.4012374034750734 17.1881 12.1206 0.821744 0.520912 1754483208.548116 2 3 1
22.573819656470103 139.26619234686717 16.1508 -0.563602 0.0444994147548744 1.4025306924508012 17.8382 12.1558 0.868655 0.38733 1754483208.548116 2 3 1
48.89160741956797 133.3073675440139 2.6417 -1.42107 0.02291999221084784 1.2110401482389912 15.8111 10.8918 0.786945 0.523031 1754483208.548116 2 3 2
47.91504838764286 133.7171840148837 0.752268 -1.38319 0.028973062102399805 1.2185136480960308 17.9407 12.3411 0.756057 0.615665 1754483208.548116 2 3 1
22.87366886521159 139.8300825206971 11.4127 -0.735107 -0.1206602825930817 1.4011047584519216 14.4662 10.098 0.768885 0.35919 1754483208.548116 2 3 1
23.068495928942223 139.43273032067205 15.3322 -0.692295 -0.0696486182155599 1.3992616907618156 18.577 13.8932 0.665907 0.330916 1754483208.548116 2 3 2
22.752691214436304 139.37593929179062 16.3463 -0.635975 -0.022871798540615607 1.4014067004125166 20.7525 15.6453 0.906599 0.411217 1754483208.548116 2 3 1
21.790170476821377 139.71965924503442 15.2687 -0.596859 -0.015589117445018785 1.4085573143579375 14.3946 10.4243 0.855253 0.369214 1754483208.548116 2 3 2
25.20481046864458 141.93073571548877 13.9313 -0.681278 -0.0066576689699942015 1.3875679847734537 17.6549 13.5581 0.722952 0.487338 1754483208.548116 2 3 1
25.42125411286767 141.93622256590336 13.466 -0.630505 0.05066385054427747 1.3860931815555186 17.7256 12.8584 0.717448 0.44278 1754483208.548116 2 3 1
22.84939872494429 142.49518706307614 13.0279 -0.585266 0.014499989253921153 1.404403430738191 14.1803 8.58406 0.59307 0.27244 1754483208.548116 2 3 1
25.19298999039641 142.11381387170388 13.7388 -0.756424 -0.08319105896318901 1.3878803987095605 19.1785 14.0873 0.716157 0.505841 1754483208.548116 2 3 1
25.85177486046156 142.0092112945064 13.6719 -0.695881 -0.002053310227098648 1.3832413135577597 19.0586 13.7727 0.508239 0.392643 1754483208.548116 2 3 2
23.260169649092862 142.28932066277105 15.9125 -0.676758 -0.06337521835810545 1.4013438685594448 20.0198 14.9251 0.757769 0.281772 1754483208.548116 2 3 1
23.258713204293098 142.75331950732897 13.3461 -0.755226 -0.14430516028233875 1.401897137932327 15.638 10.9711 0.767164 0.285868 1754483208.548116 2 3 1
22.899588916930615 145.45476390752506 11.6995 -0.559982 0.026402528777666356 1.4074088877101252 12.4825 8.28126 0.755432 0.387684 1754483208.548116 2 3 1
23.5928869244534 145.35192002865546 11.7195 -0.511978 0.09568067293071014 1.4026301762181645 16.0258 11.7502 0.824271 0.331661 1754483208.548116 2 3 1
23.56614855962537 145.5611018282612 12.2599 -0.669899 -0.0640968011946228 1.4030473099093912 23.9277 18.7585 0.835735 0.450836 1754483208.548116 2 3 2
23.940010294417057 145.4684906688168 13.1048 -0.58242 0.03502418671286456 1.4004310613606519 19.6248 13.2171 0.894924 0.457795 1754483208.548116 2 3 2
23.904729026662537 145.58573443249725 13.3826 -0.694534 -0.07874382266400781 1.4008028164913267 27.5818 23.3857 0.892079 0.380282 1754483208.548116 2 3 1
23.83846618211872 145.6341964485435 13.4166 -0.660339 -0.04677759895363409 1.401303725986649 19.1676 14.9692 0.906859 0.543494 1754483208.548116 2 3 1
-149.72460122699638 6.370234514348002 11.4523 4.51138 0.019718155639719015 3.1042162411697602 14.7281 9.32781 0.867441 0.398996 1754483208.548116 2 3 1
-149.79546043384215 5.961469831582003 10.7475 4.55574 0.06403440866661736 3.1069738613879117 13.5663 8.49587 0.886345 0.484319 1754483208.548116 2 3 1
-149.98437789981435 6.403089639932698 10.914 4.40366 -0.087998324209142 3.104059161537081 14.6078 9.70704 0.852953 0.442496 1754483208.548116 2 3 1
-150.07364887008484 6.221588109197873 9.89817 4.45441 -0.03727308279323438 3.105298345305997 14.3114 9.25138 0.853725 0.503952 1754483208.548116 2 3 2
-135.834324656892 -66.59475060522615 10.9547 3.95124 0.0005425226855644283 3.6050035634444932 16.5342 8.47529 0.687321 0.209589 1754483208.548116 2 3 1
26.155123234826533 154.14579426212737 12.1795 -0.684479 -0.04670453217619719 1.3958600440496787 17.1371 13.0143 0.691302 0.435855 1754483208.548116 2 3 1
26.475047065349525 154.07655957605078 12.782 -0.652885 -0.00576879271738473 1.3937586676302776 22.7548 17.8678 0.808044 0.565946 1754483208.548116 2 3 1
26.645550855518266 153.976370143748 13.4411 -0.598991 0.05341552549370032 1.3925683530804174 17.8446 13.0789 0.851228 0.456192 1754483208.548116 2 3 1
26.275379524226118 154.22495169530953 13.1199 -0.762291 -0.12153679912685966 1.395189837616913 19.0026 13.6404 0.772949 0.433343 1754483208.548116 2 3 2
26.626230560506787 154.15950072498134 13.2694 -0.720772 -0.06983146749057512 1.3928982203090443 24.7591 19.4376 0.849714 0.529982 1754483208.548116 2 3 1
26.87103253541068 154.0587919354977 14.071 -0.685081 -0.026756929953982933 1.3912366668611458 20.4443 15.272 0.880072 0.412619 1754483208.548116 2 3 2
27.217277482660116 154.22136759213421 14.1723 -0.837593 -0.17039092912195175 1.3892382648676123 15.3801 9.21022 0.82495 0.262637 1754483208.548116 2 3 1
28.413795902752874 159.42687633497258 13.6244 -0.601585 0.07213624780868522 1.387770442966685 16.429 11.3621 0.81422 0.479561 1754483208.548116 2 3 1
28.67929544077073 159.52601797962578 14.2238 -0.738495 -0.05809329610434921 1.3862659691514658 20.417 15.269 0.773779 0.508381 1754483208.548116 2 3 2
28.38252328177851 159.674088901415 13.4372 -0.704994 -0.0333578013881215 1.3882399365354714 23.7285 18.4293 0.835832 0.56525 1754483208.548116 2 3 1
29.16630354754465 159.62561119215158 12.6196 -0.6483 0.0447453904270404 1.3834175918122111 16.8386 12.0882 0.790235 0.439202 1754483208.548116 2 3 2
26.700478181631162 160.01683860117484 14.56 -0.592735 0.03168925059429384 1.398862010363109 16.4564 10.7448 0.645964 0.34579 1754483208.548116 2 3 1
25.663065094557783 160.27608414159639 13.6556 -0.524254 0.07082675702127883 1.4054558642771435 13.9725 8.2989 0.606168 0.419186 1754483208.548116 2 3 1
28.722791862067425 159.68271009635188 14.5933 -0.828415 -0.14762584576161364 1.3861787026888661 16.1706 10.686 0.756318 0.438804 1754483208.548116 2 3 1
28.410420084207527 159.830890062179 13.4925 -0.774979 -0.10336605556047973 1.3882451725232277 20.3124 14.6605 0.820807 0.507485 1754483208.548116 2 3 1
29.183878461543628 159.69348667911243 13.6704 -0.719711 -0.02653393391762271 1.3833879212149274 15.6937 10.8829 0.703595 0.315572 1754483208.548116 2 3 1
26.402004133019837 160.36491653315545 13.5454 -0.670418 -0.0557072455791533 1.4010454172573539 20.8064 15.0662 0.712284 0.432176 1754483208.548116 2 3 1
25.674222118287723 160.55599931123137 13.2115 -0.638535 -0.04442555950813054 1.4056740304336428 19.6415 13.8609 0.727797 0.485226 1754483208.548116 2 3 2
26.53893655512175 161.11294105256826 11.0335 -0.603477 0.011474492164656791 1.4009913120505422 17.7359 12.7497 0.825025 0.291487 1754483208.548116 2 3 1
26.33071055321182 160.70940648317102 12.2997 -0.769058 -0.15786532784390062 1.4018360514085073 14.8101 9.52184 0.642379 0.33666 1754483208.548116 2 3 1
25.971373120168103 160.73391777657645 13.1224 -0.727806 -0.12645510718331943 1.4040473835707843 16.2077 10.4096 0.70363 0.437772 1754483208.548116 2 3 1
26.899542310225645 161.1554192564575 11.7612 -0.723831 -0.09936793242111908 1.398853283716849 15.7979 11.1446 0.748632 0.238614 1754483208.548116 2 3 2
25.786959660195105 162.4921639323553 12.4673 -0.641403 -0.0529199796021278 1.4069376488120868 12.7561 8.44295 0.704642 0.35982 1754483208.548116 2 3 1
17.16952175982416 164.46235465167294 14.2507 -0.343475 0.005553709445613619 1.4605471821163445 12.8422 9.40425 0.499501 0.351985 1754483208.548116 2 3 2
14.944407008945603 172.04972359343896 17.74 -0.369431 -0.0997756515526475 1.4782605286948352 12.6012 7.94613 0.675724 0.286553 1754483208.548116 2 3 2
14.19138735433543 172.16398466821926 17.3202 -0.322838 -0.07300691846310345 1.4826814476901367 13.5597 8.90449 0.74634 0.437212 1754483208.548116 2 3 1
2.35465 -6.91675 0.664826 2.16675 4.443838637295374 -1.104914239673053 -1.17829 17.9325 0.803675 0.570163 1754483208.548116 1 5 1
2.46922 -6.89029 0.591428 2.21999 4.566126134975972 -1.0884330955464705 -2.02769 16.9182 0.777806 0.461481 1754483208.548116 1 5 1
-1.1949192784294809 -8.608111156977069 0.589762 0.564059 0.5177839676573004 -1.6105518319390781 5.66323 22.3979 0.855293 0.39287 1754483208.548116 2 5 1
3.35996 -6.99454 2.14834 2.30415 5.051084835123528 -0.9894083497760682 28.6987 18.9849 0.917648 0.35741 1754483208.548116 1 5 1
-0.6297932359360651 -8.571307173011936 0.752266 0.393593 0.6925186875439593 -1.5383685047350966 10.034 27.4308 0.675477 0.62131 1754483208.548116 2 5 1
-0.6846945673041308 -8.5843945952347 0.709596 0.435251 0.7004041535311891 -1.5454388335349258 13.175 30.2911 0.567868 0.619906 1754483208.548116 2 5 1
-1.162256205446431 -8.917712381700245 0.538113 0.502812 0.4828932473369262 -1.605043572819784 6.63653 19.2759 0.659288 0.547363 1754483208.548116 2 5 1
3.44095 -7.10356 2.16828 2.19449 4.945143542972962 -0.9884588906629833 26.576 17.7619 0.899476 0.396918 1754483208.548116 1 5 2
3.55816 -7.30454 0.621032 2.23331 4.977132616940393 -0.9902024745857256 22.4143 20.4959 0.904507 0.484644 1754483208.548116 1 5 1
-0.2964160619459571 -8.739117766022693 0.781857 0.304804 0.7992724566345717 -1.497358503300986 16.6864 32.4577 0.508772 0.354226 1754483208.548116 2 5 2
-1.2137528208418835 -9.127422922250666 0.582551 0.408321 0.3630814909626614 -1.6103354111118309 11.9017 23.8884 0.737768 0.621275 1754483208.548116 2 5 2
-0.17558940907732024 -8.903859743077808 0.275416 0.223461 0.7810562393674292 -1.4840852743395692 14.2579 25.0261 0.652196 0.296726 1754483208.548116 2 5 1
0.030349160416545964 -8.937698859904815 0.341573 0.270218 0.9445268874565498 -1.459488349191213 20.7031 28.8448 0.530258 0.47342 1754483208.548116 2 5 1
0.29919347738083746 -9.220593346726075 0.301381 0.194764 0.9996489649718436 -1.4318667684491508 18.9506 29.9883 0.733954 0.270739 1754483208.548116 2 5 1
-1.2251221481917691 -9.319720838994705 0.625819 0.3182 0.27085604264832575 -1.6107752340833335 8.56419 22.4714 0.605793 0.461144 1754483208.548116 2 5 1
0.147001 -9.30432 0.415921 0.788987 1.4221209517062579 -1.4681748528783887 -0.51773 15.9893 0.854401 0.506352 1754483208.548116 1 5 1
0.23885068067019954 -9.176937292157806 0.374094 0.167258 0.9422682013075709 -1.4381970776461344 12.2962 23.4092 0.780142 0.543954 1754483208.548116 2 5 1
-16.9532 10.443 0.0396312 7.05541 3.0536233528761967 -3.7519346884544653 18.4825 18.7321 0.880527 0.429135 1754483208.548116 1 5 1
-16.9675 10.4746 0.148469 7.0847 3.0852958483068216 -3.7528422596655022 21.4829 21.8276 0.879111 0.428849 1754483208.548116 1 5 1
-17.0717 10.5398 0.126353 6.98605 2.9858665930336254 -3.7525455536926633 18.8271 19.3994 0.894352 0.384032 1754483208.548116 1 5 2
-17.0805 10.5538 0.100485 7.03119 3.031877548546586 -3.7528771662505416 23.1285 23.6561 0.880013 0.372178 1754483208.548116 1 5 1
-17.1798 10.6247 0.225052 7.03719 3.0380609636451306 -3.7529469794206216 21.3368 21.7012 0.860652 0.404637 1754483208.548116 1 5 2
-17.3815 10.591 0.0664452 7.04701 3.029363899297441 -3.745860942657525 14.2751 18.3558 0.85586 0.516122 1754483208.548116 1 5 1
-16.8178 10.3646 0.6 6.98831 2.988218251848032 -3.7525804602777026 26.48 18.3205 0.849909 0.367988 1754483208.548116 1 5 1
-17.4864 10.7205 0.0485421 6.99644 2.984928709767048 -3.748217137147717 20.7171 21.2191 0.857466 0.480652 1754483208.548116 1 5 1
-17.6519 10.6022 0.264586 7.02113 2.9853031607223564 -3.7388272657719877 13.214 17.9178 0.828284 0.452356 1754483208.548116 1 5 2
8.445649386190828 -20.393340024034817 0.857219 -2.27051 -0.08740463788859465 -1.1271148277584209 15.7652 25.3494 0.768937 0.472713 1754483208.548116 2 5 1
8.48373197860645 -20.388308249908338 0.897554 -2.23286 -0.04259374043172359 -1.1254323303594984 21.0971 30.9438 0.786531 0.473497 1754483208.548116 2 5 1
8.549371651330654 -20.48589717015181 0.865748 -2.33262 -0.13900569718849898 -1.1246451868668488 17.6389 25.5199 0.762327 0.483685 1754483208.548116 2 5 2
8.562053961226535 -20.501253026857057 0.914112 -2.29318 -0.09863798775565424 -1.1244270207103495 23.5648 30.9056 0.776017 0.444417 1754483208.548116 2 5 1
7.457430351226884 -20.827971704808338 3.92938 -2.13816 -0.16922244015994603 -1.1768008609041956 20.3933 26.1285 0.720624 0.510235 1754483208.548116 2 5 2
8.720316881134892 -20.65945039029521 0.955429 -2.38481 -0.17594262123134996 -1.1210550445954965 15.0763 21.4307 0.603795 0.310741 1754483208.548116 2 5 1
8.783681506179239 -20.468332078855177 -2.63042 -2.33347 -0.09754087702581238 -1.1146688848624493 19.2917 21.4043 0.502204 0.356665 1754483208.548116 2 5 1
7.6359554977165836 -20.969858707451884 3.72563 -2.20343 -0.21256564377655507 -1.1717673313414436 17.5027 22.7301 0.712631 0.392804 1754483208.548116 2 5 1
10.293688216389281 -23.395771884965495 -0.309809 -2.4552 -0.2081885114480575 -1.1120474003259537 10.6431 16.5449 0.819261 0.507883 1754483208.548116 2 5 2
10.326519446592542 -23.41141671864412 -0.252813 -2.42367 -0.17289903244275573 -1.1111572824074367 12.6427 18.785 0.827021 0.563025 1754483208.548116 2 5 1
10.376730289904891 -23.544937153157065 -0.243945 -2.4882 -0.23980245694911062 -1.1117192784265788 11.7035 17.5914 0.842058 0.566708 1754483208.548116 2 5 1
-27.3593 9.49432 0.0698591 3.29388 -1.2128056784544055 -3.514412830550557 13.3966 16.7713 0.904439 0.726074 1754483208.548116 1 5 1
-27.4824 9.57951 0.0454588 3.22804 -1.2766776922207255 -3.515634561026953 13.8846 16.7918 0.906251 0.742198 1754483208.548116 1 5 1
-27.522 9.62407 0.0770578 3.26647 -1.2366967001851634 -3.5165944921155496 13.7603 17.1123 0.908746 0.740948 1754483208.548116 1 5 2
-13.825601882322253 -28.231411363239673 2.44819 1.52257 -0.38599854912506526 -2.0111607458078407 16.4955 18.9937 0.895274 0.476333 1754483208.548116 2 5 1
-13.848785024019964 -28.363407696911562 2.45455 1.45903 -0.44448281334763373 -2.0100088285015243 13.7367 18.6938 0.903734 0.452859 1754483208.548116 2 5 1
-32.0755 0.0850296 0.976764 6.56137 1.7763902125626059 -3.1733056815407847 16.9781 19.7169 0.94029 0.582234 1754483208.548116 1 5 1
-32.0655 0.00289536 0.215259 6.63702 1.8520361275396802 -3.170705140955313 19.4927 19.3347 0.95283 0.6387 1754483208.548116 1 5 1
-32.0499 -0.881692 0.315528 6.8346 2.051660133642037 -3.142430807073005 21.3898 22.1304 0.928325 0.64307 1754483208.548116 1 5 1
-32.1066 -0.916277 0.515593 6.8559 2.0731143454680483 -3.1413487029367686 17.6329 19.4258 0.926277 0.624848 1754483208.548116 1 5 1
-31.8343 0.209462 1.29276 6.48651 1.701605807113972 -3.1775293783306116 13.3867 18.7703 0.935473 0.729803 1754483208.548116 1 5 1
-32.2221 0.234023 1.2049 6.49488 1.7099869121410975 -3.17791335076605 18.4413 25.2289 0.942728 0.585769 1754483208.548116 1 5 2
-32.3513 0.305293 0.724706 6.50092 1.716101297736409 -3.1800426524534826 20.1328 25.8433 0.966931 0.66987 1754483208.548116 1 5 1
-32.4575 0.940071 0.560903 6.51819 1.7351123999700242 -3.1999219526336984 19.7848 24.9055 0.891572 0.741318 1754483208.548116 1 5 1
-32.3591 -1.37784 0.366825 6.67513 1.8949667599449525 -3.126775203682616 18.6724 22.9712 0.559697 0.685692 1754483208.548116 1 5 1
-32.2891 -0.905346 0.625961 6.7975 2.0146614852171227 -3.1417152220796876 19.612 22.7742 0.856084 0.591299 1754483208.548116 1 5 2
-32.437 -0.86247 0.948162 6.7907 2.0076683849418258 -3.143094032188763 17.1052 19.5464 0.915467 0.415532 1754483208.548116 1 5 2
-28.2917 14.7338 0.00594482 3.18174 -1.0461550398304618 -3.659030812370807 15.8013 16.5978 0.855472 0.683002 1754483208.548116 1 5 2
-28.119850847814924 15.28848921138807 0.203617 3.20272 -0.9906242451425213 -3.6742326301556774 18.5722 18.4734 0.822474 0.554461 1754483208.548116 2 5 1
-32.1497 0.232731 0.700823 6.45226 1.6673679566705255 -3.17794825735109 9.02487 15.9158 0.897817 0.564905 1754483208.548116 1 5 1
-32.6212 0.619079 0.747991 6.40717 1.622951494408846 -3.1895896034618922 20.9567 26.9487 0.971728 0.782544 1754483208.548116 1 5 2
-32.702 0.725393 0.727327 6.4115 1.627581401974516 -3.192801009285562 27.0454 33.178 0.965267 0.806515 1754483208.548116 1 5 1
-32.6592 0.867294 0.687795 6.4744 1.690985014004334 -3.1973039587557066 22.1468 28.2245 0.946299 0.803216 1754483208.548116 1 5 2
-32.5254 0.454041 0.72224 6.65302 1.8684289790470316 -3.1845281486311086 13.8086 19.6199 0.566294 0.615348 1754483208.548116 1 5 1
-32.5944 -0.686792 1.20719 6.72674 1.9430249926964462 -3.1486267259175853 16.3974 21.2867 0.885296 0.505601 1754483208.548116 1 5 1
-32.8728 -1.64022 0.284579 7.06766 2.2893354794878977 -3.118903768756122 9.56309 16.148 0.880456 0.915368 1754483208.548116 1 5 1
-28.1819 15.3347 0.254527 3.12101 -1.0654774124249098 -3.677199689884068 15.9543 17.5503 0.823801 0.478434 1754483208.548116 1 5 1
-32.8649 0.694713 0.7282 6.33658 1.5525448189463082 -3.1916141853942053 20.2219 19.2465 0.962775 0.810039 1754483208.548116 1 5 1
-33.0899 -1.33464 0.215348 6.97228 2.1917455715568526 -3.1285379862271303 12.8502 20.3166 0.899557 0.955818 1754483208.548116 1 5 1
-33.089 -1.98519 0.177086 7.00895 2.2335305834894132 -3.1084317932441556 10.4062 18.1147 0.891588 0.787074 1754483208.548116 1 5 2
-33.253322196643424 2.670872204751312 -0.236681 4.79133 0.02004759766567954 -3.247377454995424 14.5326 22.0334 0.936742 0.870098 1754483208.548116 2 5 1
-33.2031732006326 3.0668068806704256 -0.0175209 4.82577 0.059286763284954525 -3.2596471196369445 15.5831 21.9893 0.938577 0.879953 1754483208.548116 2 5 1
-33.34035380682164 3.38851954792192 -0.0537883 4.70654 -0.05584252600604156 -3.2689148179650345 17.7995 24.7144 0.8365 0.821141 1754483208.548116 2 5 1
-33.38571883842721 2.785145768232447 -0.222074 4.74996 -0.02019485163834389 -3.2504317811864145 16.5316 22.7125 0.844059 0.794307 1754483208.548116 2 5 2
-33.77708631730863 2.431067541557379 0.144501 4.88328 0.10897107963023167 -3.2384937291027733 14.8858 19.5816 0.949825 0.867987 1754483208.548116 2 5 1
-12.854875838823135 -29.473086085955263 11.5328 1.33549 -0.3726127238617787 -1.9659043583036278 29.3342 17.5856 0.93444 0.550692 1754483208.548116 2 5 1
-13.504628676310606 -29.279818592341663 11.8187 1.45075 -0.35352471552706444 -1.9875115344433176 30.3499 16.8624 0.872658 0.742964 1754483208.548116 2 5 1
-4.281078144064682 -33.14051313440745 5.60073 0.210444 -0.14567229830874198 -1.6753733603581475 12.6733 17.5944 0.500254 0.218518 1754483208.548116 2 5 1
-33.9668323018925 2.534294473596901 0.112033 4.74744 -0.02604511907469398 -3.2410244565181645 19.6739 22.9506 0.904196 0.837357 1754483208.548116 2 5 2
-33.969508541967215 2.5170364604419353 0.134678 4.78491 0.011251930802751886 -3.2405008577425662 24.8804 26.7987 0.961823 0.880829 1754483208.548116 2 5 1
-33.91720888913524 2.5847748390569585 0.129298 4.8484 0.07547711539780266 -3.242699972600079 18.3999 19.0613 0.960661 0.85156 1754483208.548116 2 5 2
-34.11455347193886 2.5298268696765978 0.13829 4.67331 -0.10035955267348218 -3.240465951157527 17.3426 21.8012 0.862565 0.795089 1754483208.548116 2 5 1
-34.09643489949077 2.5566365946987464 0.159276 4.71439 -0.05900234390240122 -3.241303709198484 22.2715 25.7375 0.934894 0.860706 1754483208.548116 2 5 1
-35.29920766253095 0.7765715254380051 0.176689 4.66439 -0.12007784451820669 -3.1863956509307423 13.6695 18.15 0.576796 0.546009 1754483208.548116 2 5 1
-35.54800597905881 -1.849220150562717 3.68666 4.80077 0.02477365016942379 -3.1103691087138694 11.994 16.9065 0.735485 0.210115 1754483208.548116 2 5 2
-35.6639 1.05332 0.558929 6.43752 1.654218261867208 -3.1982115299667444 10.8877 16.7066 0.925279 0.865959 1754483208.548116 1 5 1
-35.74321748097638 -2.236344300822295 0.0693746 4.72197 -0.050538203536108384 -3.099443347596385 15.4297 20.3372 0.82031 0.309612 1754483208.548116 2 5 1
-35.249150905759734 -3.8074508319742 6.20854 4.7019 -0.049616854258204945 -3.0533317487586946 16.3347 16.0422 0.583953 0.250313 1754483208.548116 2 5 1
-35.37073012700324 -3.009931701677202 6.52552 4.72951 -0.03387958167058258 -3.0766318942728192 21.9371 19.7962 0.902172 0.461006 1754483208.548116 2 5 1
-35.8227 1.03576 0.740132 6.36092 1.5775264864489351 -3.1974784916809065 13.7582 19.0995 0.96242 0.835609 1754483208.548116 1 5 1
-35.8156 0.968028 0.543504 6.40412 1.6204983037774445 -3.1955586295037124 12.1265 17.4827 0.92605 0.623447 1754483208.548116 1 5 2
-35.956488482895345 0.3747710659107125 0.197472 4.56459 -0.22038198900283312 -3.1741085329967027 10.6166 15.8158 0.660638 0.352431 1754483208.548116 2 5 2
-35.71164975063729 -1.7908380514129774 4.02551 4.64423 -0.13229063477183267 -3.1121842511359437 14.9676 20.5224 0.656522 0.419238 1754483208.548116 2 5 1
-35.631663449576386 -3.265986895381528 -5.88945 4.65255 -0.10761277655073354 -3.0697727503124814 18.2675 16.589 0.846777 0.464983 1754483208.548116 2 5 1
-13.261078836983222 -32.597761781419905 11.7691 1.27289 -0.3263634752476985 -1.9416617349934264 21.5975 14.2607 0.523469 0.53275 1754483208.548116 2 5 2
-13.974341460507254 -32.633011593523975 11.6616 1.31946 -0.36482513122760496 -1.960581104085045 20.6651 14.3166 0.575408 0.339918 1754483208.548116 2 5 1
-37.51542337217558 -9.59311631415923 -4.47528 4.50577 -0.11024716142390822 -2.9051358419718563 14.7783 17.8972 0.807703 0.64426 1754483208.548116 2 5 2
-37.63489907204931 -9.994944778455178 -2.86292 4.55001 -0.05374173442960739 -2.8955714376709274 13.4225 17.8325 0.870258 0.337834 1754483208.548116 2 5 1
-37.707694831974116 -10.19762132828912 2.72175 4.59894 0.0013863856380247341 -2.8908590486905426 9.32587 15.3866 0.748022 0.262093 1754483208.548116 2 5 1
-37.68360516634771 -9.543334090758444 -4.8597 4.41518 -0.203750353663116 -2.9074571298770087 10.2989 14.3989 0.724602 0.516258 1754483208.548116 2 5 1
-37.309050089668965 -9.939284305221099 7.29795 4.48042 -0.1224427642226722 -2.8948907592626494 13.0363 17.1564 0.889632 0.325159 1754483208.548116 2 5 1
-36.64000743495041 -9.342354689910037 10.3202 4.51287 -0.10448637597484378 -2.9062004928155725 21.7357 17.9236 0.805786 0.376959 1754483208.548116 2 5 1
-38.90535219074111 -1.761694603385971 5.48846 4.6568 -0.12061435986481062 -3.1154131102521334 10.4718 16.1157 0.612444 0.294186 1754483208.548116 2 5 1
-38.99436038925497 -2.420035114195652 4.81722 4.70651 -0.06557273295336774 -3.098221617119989 8.56697 13.3994 0.709592 0.329051 1754483208.548116 2 5 2
-12.137481298421031 -35.92949122101224 11.2813 1.0154 -0.3054723236757877 -1.880557757881105 22.3465 18.1088 0.920763 0.59362 1754483208.548116 2 5 1
-12.179428583352298 -35.94010587380406 11.3229 1.05189 -0.2735569912999436 -1.8815525955547419 30.0066 25.0231 0.953964 0.581428 1754483208.548116 2 5 1
-12.335819942961727 -35.892515696851184 11.3945 1.0926 -0.25313619913635166 -1.8859682785622875 28.6155 23.7767 0.941065 0.628156 1754483208.548116 2 5 1
-12.819628079097358 -35.73478068634531 11.4555 1.156 -0.252839355235126 -1.8997389263605224 22.9996 17.7267 0.892 0.643462 1754483208.548116 2 5 1
-38.14746233566721 -10.642174933046991 3.71676 4.51369 -0.07264036544825014 -2.8825163748660096 5.77484 12.8908 0.467947 0.478972 1754483208.548116 2 5 1
-38.197482640302205 -9.31065702159116 6.94323 4.6129 -0.01711801322213713 -2.916480482109819 8.28111 12.8731 0.489719 0.241637 1754483208.548116 2 5 1
-12.170396632457052 -36.11404406380381 11.2515 0.934767 -0.38297453443909035 -1.8798770794728272 23.4136 17.4209 0.915864 0.534268 1754483208.548116 2 5 2
-12.205693147353145 -36.06788864067114 11.3377 0.994927 -0.32875448530921225 -1.881168623119303 31.9052 25.5582 0.960111 0.552291 1754483208.548116 2 5 1
-12.39269676954211 -36.000363471071594 11.4595 1.0376 -0.31070056195372087 -1.8865267839229256 31.5853 24.8703 0.946767 0.591455 1754483208.548116 2 5 2
-12.848210088951278 -35.889152959850136 11.5539 1.08408 -0.32196567695116096 -1.8991280611223247 28.3309 21.1427 0.929379 0.576066 1754483208.548116 2 5 2
-13.018651511495372 -36.12459797645073 10.2207 1.16575 -0.25074931402391365 -1.901414442442437 25.7908 17.1916 0.796537 0.336193 1754483208.548116 2 5 2
-13.697051515331864 -35.715506078374545 11.6098 1.22567 -0.2856024327461415 -1.9222187671262096 27.6863 21.0368 0.823726 0.542589 1754483208.548116 2 5 1
-13.551596898746414 -35.7487480974065 11.682 1.2813 -0.21189402248610612 -1.9182394164316625 23.4332 17.3857 0.619577 0.318923 1754483208.548116 2 5 1
-38.51494819869711 -9.188936246560234 7.06429 4.47241 -0.16349699254362182 -2.921402310600443 9.11799 12.9143 0.624984 0.496759 1754483208.548116 2 5 2
-39.28685754180602 -8.464734473843427 -0.347992 4.55483 -0.10641220921488781 -2.9437599783184907 5.83465 13.2788 0.541062 0.353235 1754483208.548116 2 5 2
-39.3848236617175 -8.434202142679478 -0.178163 4.60199 -0.060588389624063765 -2.9449991620874068 8.53509 15.1926 0.410501 0.465569 1754483208.548116 2 5 1
-40.17993529151765 -0.9398639214652066 1.28768 4.74749 -0.03464878983640318 -3.137177366024502 11.4467 14.537 0.832161 0.354731 1754483208.548116 2 5 1
-39.97067807519561 -0.5877074576172472 4.75981 4.80876 0.025330882330496962 -3.146165811672273 12.8927 13.1377 0.917755 0.467057 1754483208.548116 2 5 1
-12.893522602784463 -36.02775150346552 11.6688 1.02081 -0.3849961943843083 -1.8990757012447648 23.078 13.5052 0.933579 0.463697 1754483208.548116 2 5 1
-13.267663068614088 -36.194597632167735 10.2899 1.10696 -0.33544182000592504 -1.9070867625114187 23.6425 13.9609 0.736873 0.373514 1754483208.548116 2 5 1
-13.648850563835147 -35.828617835993924 11.767 1.16882 -0.3322267797994398 -1.9199672923911368 27.5069 19.8286 0.809185 0.559411 1754483208.548116 2 5 1
-14.56565968045705 -35.78336954990625 11.3363 1.26919 -0.33738150837422864 -1.9432848911977811 21.5576 14.3048 0.65433 0.348839 1754483208.548116 2 5 2
-14.635986324915358 -35.74395936419521 10.8931 1.32752 -0.2886450874382942 -1.9454141928852142 24.0306 15.5983 0.855535 0.462722 1754483208.548116 2 5 1
-38.34578408978203 -13.522471037295364 0.21255 4.46045 -0.020703039834484294 -2.8134013364870345 12.262 18.4234 0.568591 0.42075 1754483208.548116 2 5 2
-38.427827006607586 -13.328210621207498 0.202359 4.52215 0.03215745616734189 -2.818707137413097 12.8974 18.5645 0.631873 0.424122 1754483208.548116 2 5 1
-40.148906079676344 -0.774808559236889 5.08946 4.63161 -0.15118071652315201 -3.141383609521809 15.4565 17.4327 0.714073 0.34812 1754483208.548116 2 5 2
-40.2051125968961 -0.6629394360645557 4.58017 4.71259 -0.07059367631289337 -3.1442284962025595 16.6072 18.0677 0.830044 0.421582 1754483208.548116 2 5 1
-40.23292173774776 -0.3479296995639543 4.82363 4.75024 -0.03384060773159092 -3.152222104176693 12.5816 13.2259 0.750533 0.304339 1754483208.548116 2 5 2
-14.719921130614896 -35.81958796164809 11.1573 1.26012 -0.3620962821780065 -1.94675809640925 21.8726 13.6904 0.885931 0.530649 1754483208.548116 2 5 1
-15.616605365693992 -35.4517316949293 12.4014 1.37458 -0.3628180526452409 -1.9724667962911262 21.301 14.6517 0.858846 0.780416 1754483208.548116 2 5 2
-15.568072914106247 -35.4218463108471 12.5614 1.42862 -0.3048866830919885 -1.971594131665129 23.8215 17.1711 0.857708 0.812318 1754483208.548116 2 5 1
-38.643491390913994 -13.36495786585575 0.117723 4.35862 -0.132785509982412 -2.819562348746574 10.1873 14.59 0.813595 0.632335 1754483208.548116 2 5 1
-38.68780769034079 -13.3232625668976 0.157079 4.40049 -0.09312924801822842 -2.8209062522706096 11.7546 16.1216 0.801839 0.577624 1754483208.548116 2 5 1
-15.468860685491457 -35.668382038721504 12.6257 1.34964 -0.36173874713580845 -1.9666373965894655 18.0422 12.5998 0.728524 0.75034 1754483208.548116 2 5 1
-40.24637959350005 -6.542855861792845 6.18648 4.63337 -0.07786348824074629 -2.9958755097830414 14.8492 14.3342 0.546503 0.471762 1754483208.548116 2 5 2
-40.4221533536641 -6.400661012567939 6.1895 4.65066 -0.06402340667338358 -3.000046846695308 14.0742 15.2573 0.546875 0.326854 1754483208.548116 2 5 1
-40.62953681325543 -6.849340809931855 5.55289 4.68608 -0.019923178788639362 -2.9897319508160214 13.4198 17.5003 0.666602 0.339296 1754483208.548116 2 5 1
-41.01131524969458 -6.481308424113009 1.93002 4.73951 0.024769551920485355 -3.0001166598653874 7.05806 13.0437 0.702843 0.247459 1754483208.548116 2 5 1
-40.889309083806054 -6.457537448205086 5.03407 4.57168 -0.1431887072256508 -3.000273739498067 10.2582 15.3984 0.513212 0.28775 1754483208.548116 2 5 2
-40.74210969634363 -6.956172634304982 5.89447 4.6135 -0.0905877860692259 -2.987532835958508 16.1582 20.2078 0.595216 0.348986 1754483208.548116 2 5 1
-41.08394872147063 -7.575646996073739 2.55647 4.71525 0.023640250379889594 -2.973797094745313 8.31561 13.9873 0.414155 0.26266 1754483208.548116 2 5 2
-40.699180929317166 -8.081961234827807 7.18265 4.52698 -0.15109107484488948 -2.9598868206069184 10.5794 14.8545 0.61489 0.263794 1754483208.548116 2 5 1
-41.92630669161892 2.1727178911326988 0.00359115 4.67709 -0.10379516832249092 -3.2130817351937355 8.14937 13.7433 0.541473 0.344041 1754483208.548116 2 5 1
-40.604335046946375 11.741856614462804 -2.16106 4.67986 0.07464541681153403 -3.446659148988137 17.4619 19.3465 0.854312 0.316462 1754483208.548116 2 5 1
-40.74174519158364 11.536065439046213 -1.89089 4.70577 0.09323747356493506 -3.4409693756266355 15.7977 17.0682 0.882114 0.418052 1754483208.548116 2 5 1
-12.32098563717683 -39.30404794104227 11.1948 0.932086 -0.29080857577150865 -1.859317100884334 24.4715 20.687 0.919881 0.810722 1754483208.548116 2 5 2
-12.420430595008089 -39.31400868432551 11.0777 0.964416 -0.26905235432102537 -1.8616034822044467 26.3101 22.5684 0.925662 0.788257 1754483208.548116 2 5 1
-12.672200514514426 -39.28399713402327 11.0753 1.00884 -0.25333047212722604 -1.8678168543415463 18.4416 13.8139 0.810065 0.588943 1754483208.548116 2 5 1
-14.166063174872631 -38.842004386287925 11.3158 1.20097 -0.238485244743601 -1.9064409906881807 21.7038 14.4342 0.908475 0.744288 1754483208.548116 2 5 1
-14.1797415488944 -38.76914469157402 11.5098 1.25924 -0.1844358284885299 -1.907366015191738 22.2381 14.343 0.801204 0.632252 1754483208.548116 2 5 1
-14.804826571850771 -38.719084737262634 12.0047 1.28271 -0.22927556510977287 -1.9223758467588892 27.5868 17.8737 0.929327 0.676855 1754483208.548116 2 5 2
-40.82426592654441 11.62212902025249 -2.4466 4.59463 -0.016120528847955562 -3.4423656390282305 19.0724 20.0579 0.785222 0.277495 1754483208.548116 2 5 2
-41.01587421786592 11.416877184400299 -1.71645 4.61044 -0.007952991245550045 -3.4363267998163303 19.5058 20.8105 0.810421 0.381421 1754483208.548116 2 5 1
-41.27178277069723 10.804113279024474 -1.04179 4.6611 0.02359668947951743 -3.4206013832558617 12.8295 14.0873 0.553375 0.306424 1754483208.548116 2 5 2
-12.393493715352637 -39.464226175708745 11.1948 0.848526 -0.3771135317498734 -1.859910512830012 21.8107 15.3984 0.930119 0.791151 1754483208.548116 2 5 1
-12.51200644565093 -39.44420300603726 11.0672 0.902655 -0.3366221543852479 -1.8628601192658825 24.0263 18.2646 0.917037 0.71043 1754483208.548116 2 5 1
-14.240125506356799 -38.969176079050506 11.3766 1.13336 -0.3092807051673332 -1.9071391223889786 26.8806 18.685 0.883486 0.672777 1754483208.548116 2 5 1
-14.36996104034996 -38.909003298161586 11.4185 1.19877 -0.2599465071796625 -1.910664687478007 26.7581 17.7296 0.646165 0.498859 1754483208.548116 2 5 2
-15.129167079028148 -38.68225277397432 11.7617 1.22439 -0.32304619975006155 -1.9301949218078236 27.8237 18.5469 0.812312 0.537692 1754483208.548116 2 5 1
-14.81825504893702 -38.83872426906933 12.0778 1.21948 -0.2892565491340886 -1.9216602617655714 26.6822 15.466 0.919078 0.621009 1754483208.548116 2 5 1
-16.06473425570134 -38.604821964093695 12.4574 1.38614 -0.2611925926537153 -1.9523431500156319 30.9726 18.832 0.949851 0.800797 1754483208.548116 2 5 1
-16.134407913241002 -38.553414779025054 12.5661 1.40996 -0.24662130605141064 -1.9544026385329851 28.423 16.736 0.956129 0.727396 1754483208.548116 2 5 1
-40.13296670526505 -16.775346928713954 -0.147389 4.43287 0.058640850237102526 -2.754304488014506 13.8996 16.0892 0.582561 0.65839 1754483208.548116 2 5 1
-41.4153782686747 11.620639450221956 1.99035 4.61418 -0.0018675464659301255 -3.4381943021159644 15.1316 15.8276 0.859904 0.377636 1754483208.548116 2 5 2
-39.95261889020839 10.928886493312618 11.3426 4.67517 0.05196214460287685 -3.432452168876903 27.7733 16.8065 0.744036 0.319519 1754483208.548116 2 5 1
-15.065839582408483 -38.812031169522264 11.8729 1.17766 -0.35807518767878355 -1.927611834514872 27.2676 17.2416 0.851879 0.53074 1754483208.548116 2 5 1
-16.11351822696623 -38.71430546128053 12.4945 1.32531 -0.32257144048167685 -1.9524653230632711 32.4004 19.7874 0.958367 0.756262 1754483208.548116 2 5 1
-16.17772152576506 -38.669622368335965 12.6207 1.34745 -0.30881790517584373 -1.954332825362905 30.3701 17.5826 0.956775 0.651754 1754483208.548116 2 5 2
-40.38548765095155 -16.983329741127623 0.133996 4.24109 -0.12872698578478836 -2.7520355599869135 11.2776 13.3553 0.930659 0.810424 1754483208.548116 2 5 2
-40.41020615355089 -16.96482076205158 0.121912 4.2762 -0.09480709002401078 -2.7526464252251115 17.0193 18.538 0.934751 0.819093 1754483208.548116 2 5 1
-40.41686305642207 -16.97769123895574 0.187915 4.33255 -0.03804923800737825 -2.7524369857148723 12.1709 13.5405 0.812753 0.740564 1754483208.548116 2 5 2
-42.28875078982374 -13.166561944284144 1.1414 4.49022 -0.05025214258364841 -2.850611756139553 12.1758 13.6875 0.861432 0.517972 1754483208.548116 2 5 1
-40.88599551918366 -12.500463156972907 11.3599 4.51925 -0.029688546216972256 -2.856266622916015 22.5893 13.317 0.859807 0.347777 1754483208.548116 2 5 1
-42.538267738012806 -13.124560460257953 0.779448 4.38968 -0.154651391116424 -2.8531773901399853 11.841 16.0628 0.880529 0.544818 1754483208.548116 2 5 1
-12.615488888310141 -42.270518457210585 11.5093 0.975592 -0.18688732089916993 -1.8462794913719365 25.7968 17.0976 0.787085 0.659213 1754483208.548116 2 5 1
-12.793237940319676 -42.28123339386897 11.1929 1.02743 -0.15310608755154864 -1.8501715756038837 28.2325 21.0133 0.773591 0.62205 1754483208.548116 2 5 1
-13.59596401769156 -42.19478931240574 10.4693 1.09493 -0.17054294500568234 -1.868532439334864 21.9781 16.5096 0.836433 0.378621 1754483208.548116 2 5 1
-12.794673895402585 -42.470525206761764 11.3593 0.873889 -0.30122382722495666 -1.8490022050050474 30.074 22.0716 0.89076 0.744193 1754483208.548116 2 5 2
-12.730550919316572 -42.48810820924435 11.2225 0.925324 -0.24266329892640903 -1.8474663152632926 31.7724 23.518 0.883044 0.726421 1754483208.548116 2 5 1
-13.111562365179983 -42.421926267208384 10.9395 1.00743 -0.20165255231420787 -1.8563325878634236 23.9679 15.9952 0.550882 0.497458 1754483208.548116 2 5 2
-12.642009440344559 -42.72799687876003 11.3886 0.765885 -0.3860598120567492 -1.8440105633443435 23.1111 17.0505 0.864158 0.656349 1754483208.548116 2 5 1
-12.325643487618622 -42.78169346111525 11.3693 0.825363 -0.2925069916166708 -1.8366801804859674 24.133 16.6831 0.855358 0.593092 1754483208.548116 2 5 1
-22.73414176719244 -40.31275249189707 0.971414 1.99028 -0.19680165966498486 -2.075580848498951 12.3142 13.6345 0.86683 0.812827 1754483208.548116 2 5 1
-10.85739291935011 -45.21905364637196 0.758122 0.830809 -0.07583952519437542 -1.7915110594443542 20.6579 18.344 0.836129 0.738057 1754483208.548116 2 5 1
-10.983037914354082 -45.093100012778315 0.935547 0.924066 0.0018423151985289543 -1.7948271850231434 20.0902 16.7477 0.512589 0.498488 1754483208.548116 2 5 1
-41.61319766659451 20.561125863612112 -0.0306468 4.41058 0.1067306251750697 -3.6239671476982407 16.8423 14.8928 0.756187 0.733417 1754483208.548116 2 5 1
-10.991111197942129 -45.56255978261242 0.701483 0.588875 -0.32343092928556527 -1.7927153366282305 12.2223 14.052 0.837722 0.720305 1754483208.548116 2 5 1
-10.924210230171537 -45.49455588755784 0.577983 0.687769 -0.2194535248084314 -1.791633232491994 20.2058 20.6106 0.970932 0.823233 1754483208.548116 2 5 1
-11.06556066664775 -45.43773222296857 0.473427 0.74039 -0.18224342122214388 -1.7949144514857431 18.1121 16.9888 0.968784 0.820513 1754483208.548116 2 5 1
-29.178191011455098 -37.20742515981167 5.72292 2.66329 -0.15629717648005936 -2.2310198716815663 12.6559 13.3053 0.962965 0.609735 1754483208.548116 2 5 1
-3.94380730068164 -47.49746256464403 0.819081 0.0170665 -0.1518975950126606 -1.6361994452971347 12.5595 14.4871 0.658933 0.379427 1754483208.548116 2 5 1
-29.40474518218345 -37.28712389517817 5.71792 2.56531 -0.26506210049142087 -2.233812398484757 11.1939 13.2759 0.890606 0.602272 1754483208.548116 2 5 1
-29.467151589778698 -37.24314873059473 5.65274 2.65863 -0.1781352113483523 -2.235470461274152 11.008 12.9319 0.923404 0.658896 1754483208.548116 2 5 1
-29.575891309249847 -37.59156512694917 -4.31941 2.63318 -0.19288077479818133 -2.232695387763481 17.9954 18.3146 0.942572 0.586366 1754483208.548116 2 5 1
-29.60963553323955 -37.556216453523376 -4.53381 2.68483 -0.14520540527368064 -2.2337251320221574 23.1183 21.7394 0.947815 0.559398 1754483208.548116 2 5 1
-29.74249660149816 -37.45653069684014 -4.70651 2.73572 -0.10803504270778674 -2.237285603696226 18.9802 16.0246 0.883306 0.574858 1754483208.548116 2 5 1
-3.2976306537626368 -47.97291151387858 1.30402 0.0424417 -0.058135646018498105 -1.6219017080647973 13.5999 14.9927 0.549668 0.612415 1754483208.548116 2 5 1
-29.641825456905757 -37.712372776698025 -4.41809 2.57859 -0.24565087638485839 -2.2322241488654426 19.3678 18.3587 0.943658 0.539976 1754483208.548116 2 5 2
-29.631117857954642 -37.73331985834836 -4.49255 2.61818 -0.2043077888561311 -2.231770363259924 24.3421 23.5268 0.950311 0.505157 1754483208.548116 2 5 1
-29.781770362126185 -37.63165555207039 -4.60371 2.67606 -0.16131047034515378 -2.2356275409068314 21.3774 20.3195 0.858251 0.522261 1754483208.548116 2 5 2
-30.55816445340056 -37.13043179997676 -4.56958 2.72617 -0.18623541620038608 -2.2552450416992476 19.8904 17.7384 0.960626 0.686206 1754483208.548116 2 5 2
-30.52486213110429 -37.33377688379211 -4.34526 2.74686 -0.15307236423921067 -2.2519638227054983 16.8312 14.5841 0.933026 0.697913 1754483208.548116 2 5 1
-3.063890590615291 -48.21344138964867 1.50598 -0.0582576 -0.13408570015794066 -1.616728552161886 16.0218 17.2504 0.457663 0.664271 1754483208.548116 2 5 1
-13.271946562993445 -45.542887561055544 11.0656 0.89691 -0.2397898166776492 -1.8407293443505943 22.8911 15.7688 0.92186 0.769653 1754483208.548116 2 5 2
-13.421930036092999 -45.493525699291766 11.1075 0.94346 -0.2089711511092227 -1.8441152830994634 23.8851 14.7605 0.937633 0.728894 1754483208.548116 2 5 1
-29.73207718083338 -37.97297167432626 -4.44192 2.50533 -0.31162501509360574 -2.230339193273289 14.6507 14.784 0.896332 0.41186 1754483208.548116 2 5 1
-30.52180244682269 -37.43348942339341 -4.4954 2.66025 -0.23443170436617322 -2.2505850125964226 15.6505 15.8834 0.897513 0.674195 1754483208.548116 2 5 1
-30.471806469855487 -37.638308213806596 -4.26804 2.67977 -0.20139428748323773 -2.2470419942148743 17.8089 18.2205 0.930193 0.595554 1754483208.548116 2 5 1
-46.383059783728356 -16.692046660194617 0.729226 4.45802 -0.008709575287090487 -2.804901583029822 16.0869 20.6605 0.728978 0.694837 1754483208.548116 2 5 1
-46.4476855509 -16.607162093587153 0.826963 4.49705 0.0267363864912582 -2.806995978132215 21.4861 26.3313 0.917451 0.76942 1754483208.548116 2 5 1
-46.450468251293884 -16.5579502847461 0.842804 4.54769 0.07568083664715086 -2.807990815805852 16.5714 20.2842 0.800702 0.664165 1754483208.548116 2 5 1
-13.230973362494355 -45.66226733903284 11.198 0.830547 -0.29901264642942016 -1.8391934546088393 22.2447 16.3803 0.938418 0.733401 1754483208.548116 2 5 1
-13.426550158811285 -45.56600458959647 11.3 0.888254 -0.2626370341137215 -1.8437836705415844 22.7504 16.4302 0.928426 0.666757 1754483208.548116 2 5 1
-15.387220781409365 -45.26064903553514 11.2819 1.07686 -0.26863576858826255 -1.8859159186847276 27.4117 18.9231 0.827202 0.709005 1754483208.548116 2 5 2
-15.186255961120132 -45.359635552503406 11.2184 1.10494 -0.21874148530921222 -1.881168623119303 29.1287 19.7727 0.742236 0.548172 1754483208.548116 2 5 1
-29.90847261780572 -38.19799049902643 6.9942 2.60363 -0.21339252272019227 -2.2303566465658085 11.7363 14.1049 0.772339 0.234705 1754483208.548116 2 5 1
-46.59785047721877 -16.757397484242958 0.807547 4.36485 -0.10220892806843018 -2.8050935692475414 24.3204 27.954 0.92463 0.768997 1754483208.548116 2 5 2
-46.62808168312053 -16.69646457415219 0.851688 4.40165 -0.06779926715290596 -2.8064898326491368 30.4177 34.4097 0.967559 0.74632 1754483208.548116 2 5 1
-46.644008416419126 -16.657194622910755 0.901991 4.43919 -0.03174880459218521 -2.807362497275134 25.3853 29.5327 0.956497 0.681301 1754483208.548116 2 5 2
-15.405388074030625 -45.389067554621136 11.3345 1.01832 -0.3249315723478641 -1.8854272264941692 25.6931 18.8614 0.758988 0.620801 1754483208.548116 2 5 1
-15.16969204206476 -45.503707295708004 11.2293 1.04584 -0.27198181871911253 -1.879894532765347 27.25 20.5576 0.634861 0.512496 1754483208.548116 2 5 1
-46.73504982663744 -16.77959138080238 0.813249 4.30073 -0.16719643250146543 -2.8055997147306195 21.0436 22.5714 0.932242 0.764613 1754483208.548116 2 5 1
-46.74499560751681 -16.744647799901497 0.866052 4.34139 -0.1277907889100467 -2.8063327530164575 27.38 29.5709 0.962325 0.716595 1754483208.548116 2 5 1
-46.76002392004049 -16.72838159187404 0.99329 4.38224 -0.0876564858227562 -2.806751632036936 22.5725 25.3906 0.947327 0.631309 1754483208.548116 2 5 1
-17.310475677521065 -45.17825653922889 11.1909 1.20585 -0.31841142028839586 -1.9250811070994804 28.5152 18.2264 0.818939 0.526581 1754483208.548116 2 5 2
-17.42873845859151 -45.101635025247816 11.3359 1.23668 -0.30071609205505867 -1.927978353657791 29.7864 18.6909 0.846151 0.638731 1754483208.548116 2 5 1
-12.135188215760163 -49.26847127973442 0.550009 0.85549 -0.08516482347040444 -1.7987541758401309 15.1686 16.3567 0.95818 0.794784 1754483208.548116 2 5 1
-12.233893877446564 -49.26953537457946 0.609292 0.882816 -0.06684434050091048 -1.8006740380173245 12.708 13.9373 0.968925 0.808832 1754483208.548116 2 5 1
-12.052670279399045 -49.49103351758971 0.547111 0.705486 -0.2228829919351082 -1.7961361819621393 13.5892 16.1304 0.95901 0.508272 1754483208.548116 2 5 2
-12.216999981734332 -49.452108199574084 0.55014 0.76068 -0.18357744819743915 -1.7995221207110084 21.5116 24.006 0.976339 0.822908 1754483208.548116 2 5 1
-12.341907350350214 -49.43085680247094 0.555527 0.794536 -0.16158978137669455 -1.8020528481264 19.3699 21.4366 0.981955 0.803448 1754483208.548116 2 5 2
-12.263746731239927 -49.6211001130867 0.532851 0.676583 -0.26832941110878095 -1.7996617470511678 16.2504 16.4361 0.974516 0.806913 1754483208.548116 2 5 1
-12.42306966225702 -49.603296699551 0.559054 0.708622 -0.2511858156387924 -1.8028382462897974 14.6252 15.3102 0.974099 0.746369 1754483208.548116 2 5 1
-4.070436823425517 -51.43036500555286 0.782525 -0.00758768 -0.16424063087877933 -1.6336250846504432 15.1647 13.9932 0.880231 0.671419 1754483208.548116 2 5 1
-15.315246106686413 -48.391436355249205 10.3577 1.00197 -0.24738722334015062 -1.8650417808308752 20.9255 16.4802 0.907437 0.588966 1754483208.548116 2 5 1
-15.468881844938364 -47.92366244460765 12.7829 1.02547 -0.25030892713505026 -1.8707664607774168 21.939 15.3484 0.58088 0.374422 1754483208.548116 2 5 1
-15.764433971023106 -48.161254937994954 11.7415 1.07416 -0.22124702522870865 -1.875025064152283 23.0708 17.3122 0.466733 0.315351 1754483208.548116 2 5 1
-17.25823063868853 -47.93076041938098 12.4881 1.24849 -0.1841938138351229 -1.9049574608239856 22.4292 13.9197 0.867141 0.644564 1754483208.548116 2 5 1
-15.75674042457079 -48.140089119907415 12.3501 0.964704 -0.33062262990499347 -1.875007610859763 23.3601 18.3793 0.466397 0.281801 1754483208.548116 2 5 2
-16.087108597777952 -48.22272937283196 11.8209 1.00532 -0.3168365730730758 -1.880837010561424 27.1805 22.148 0.441728 0.209827 1754483208.548116 2 5 1
-16.30026490858493 -48.12178903598678 11.6068 1.03343 -0.3103024985662344 -1.8855319462492888 27.8793 19.7463 0.45339 0.278163 1754483208.548116 2 5 2
-17.166986437097908 -48.0794619135713 12.6874 1.18123 -0.23917755313884337 -1.9022696537759145 26.4564 17.4915 0.836026 0.655318 1754483208.548116 2 5 1
-17.81638643370268 -48.01009476999426 11.9039 1.2624 -0.21586946399918627 -1.914958197437913 25.0353 14.2842 0.799184 0.627558 1754483208.548116 2 5 2
-4.412820912885451 -52.12344624252188 -0.255073 -0.0392081 -0.22356162722177653 -1.6394178324378126 17.2193 17.4974 0.878586 0.694913 1754483208.548116 2 5 2
-4.465478751093121 -52.15001344081018 0.225578 -0.010282 -0.19934211624445858 -1.6404021981359374 19.0642 18.5145 0.907936 0.629344 1754483208.548116 2 5 1
-16.45108974120229 -48.35352071775909 11.4736 0.878039 -0.47226467781034254 -1.8869631162359242 24.264 14.1137 0.4065 0.248558 1754483208.548116 2 5 1
-18.11082482842235 -47.995494640857196 12.2726 1.12548 -0.3782626537040983 -1.9205607043368151 26.1988 15.2543 0.451131 0.488661 1754483208.548116 2 5 1
-47.21707694445291 -26.068772119026455 1.60362 4.04474 -0.08395179220615123 -2.6417482045533918 14.5745 13.8697 0.867834 0.646342 1754483208.548116 2 5 2
-47.36647867558838 -25.95561344837726 1.39601 4.0614 -0.07507982266178104 -2.6449770636695815 20.5365 20.1049 0.941187 0.711178 1754483208.548116 2 5 1
-47.40832728367536 -25.76273052123206 1.35413 4.13893 -0.006171150517943147 -2.64857244192869 15.9766 15.2808 0.861661 0.647747 1754483208.548116 2 5 2
-47.566375401572515 -25.954430694547934 1.34247 3.92625 -0.2145890279645788 -2.6467922060916553 13.7713 17.3974 0.940846 0.740644 1754483208.548116 2 5 1
-47.53942507510985 -25.92045004142129 1.34375 3.9935 -0.14813394775062516 -2.6471238186495345 19.1945 22.686 0.96879 0.748297 1754483208.548116 2 5 1
-47.593131321907485 -25.85381351865007 1.26762 4.03507 -0.11036487924031935 -2.6487120682688494 14.8411 17.1946 0.927119 0.728361 1754483208.548116 2 5 1
-4.758900191568752 -53.91820041877754 0.507649 0.0474785 -0.15680999168621837 -1.6435874240208268 17.9549 15.7894 0.833542 0.71752 1754483208.548116 2 5 1
-13.97308799057666 -51.70993111082311 11.0425 0.885233 -0.16561262123809406 -1.8222986674495343 21.9195 14.7458 0.851955 0.655438 1754483208.548116 2 5 1
-14.605419999236341 -51.69313882865477 10.6843 0.918899 -0.18646174348283495 -1.8339923734378962 23.0376 17.6885 0.784112 0.475742 1754483208.548116 2 5 1
-39.92774606403674 -37.807548121037044 0.15484 3.34757 -0.02316498376280185 -2.382514450754674 12.1544 13.4111 0.907152 0.654532 1754483208.548116 2 5 1
-40.00220858495832 -37.7083202541318 -0.409069 3.40048 0.021988803703114623 -2.3848008320747867 11.1828 13.4052 0.910881 0.604909 1754483208.548116 2 5 1
-14.321356530157328 -51.88319143017952 10.9346 0.786736 -0.2900837073703223 -1.8278662677633961 23.6263 15.1544 0.848196 0.591176 1754483208.548116 2 5 2
-14.767190798958545 -51.86732273300912 10.6651 0.833794 -0.28131490106464996 -1.8360867685402895 27.4152 20.4636 0.864068 0.39475 1754483208.548116 2 5 2
-16.256275586441348 -51.430351035912345 11.526 1.02473 -0.22623948378424563 -1.8653908466812743 29.4505 22.833 0.871124 0.438967 1754483208.548116 2 5 1
-40.129531880295204 -37.93975572409945 0.215337 3.239 -0.13440132045651865 -2.383299848918072 21.6233 20.4783 0.933504 0.732368 1754483208.548116 2 5 1
-40.17282036826906 -37.89176502545296 -0.592663 3.2806 -0.09688566128134246 -2.3845041261019477 20.4602 19.8639 0.913883 0.673767 1754483208.548116 2 5 2
-40.53681661770301 -37.50516134876522 -2.20877 3.3282 -0.08242794903588724 -2.3943303297906757 15.9049 14.6723 0.827078 0.353301 1754483208.548116 2 5 1
-40.21497398270108 -38.03967742828758 0.230804 3.17646 -0.19611201639663278 -2.3830555028227924 19.0249 16.2009 0.93157 0.743854 1754483208.548116 2 5 1
-40.3083579580455 -37.945265955247606 -0.791866 3.22335 -0.15750598765403367 -2.3854989637755843 18.4629 15.5513 0.864028 0.61395 1754483208.548116 2 5 1
-44.02905731453595 -35.19696174677697 0.042889 3.60982 -0.038797763280427944 -2.4680704906874364 13.7057 15.7629 0.876781 0.835833 1754483208.548116 2 5 2
-4.595378054059083 -55.97190252450525 0.560886 0.0794278 -0.09786551017404545 -1.637941283890625 20.6708 18.5733 0.905961 0.746952 1754483208.548116 2 5 1
-4.667261730300057 -55.99748482903625 0.89709 0.108566 -0.074769411613753 -1.6392049022690691 20.6853 18.8555 0.912482 0.772153 1754483208.548116 2 5 1
-44.08483665251953 -35.16951568686854 -0.00581315 3.50839 -0.1433596951418994 -2.4690827816535927 15.5267 17.8002 0.933042 0.832834 1754483208.548116 2 5 2
-44.076342280308815 -35.193452965515164 -0.00658721 3.54461 -0.10579018318373912 -2.468646449340594 19.8641 22.1569 0.948653 0.857896 1754483208.548116 2 5 1
-44.25225788709023 -35.28717518946395 0.0659404 3.50291 -0.1495411666169053 -2.469309674456352 11.4871 13.7492 0.857904 0.780035 1754483208.548116 2 5 1
-4.631457655232965 -56.13024164916282 0.729627 0.0124849 -0.16699494968772557 -1.6383985601546478 22.4252 21.4043 0.914129 0.750394 1754483208.548116 2 5 2
-4.625377322565509 -56.17546805956279 1.11539 0.0352995 -0.1433875247876632 -1.6382327538757082 24.3819 23.4357 0.931419 0.834773 1754483208.548116 2 5 1
-4.679897302334194 -56.259126477740566 1.1084 0.0552593 -0.12762546762245985 -1.6391106544894616 19.2421 18.0353 0.917442 0.861244 1754483208.548116 2 5 2
-44.26264340864612 -35.261229578882315 0.0619942 3.40878 -0.24512746806560504 -2.4697809133543904 12.2385 13.8139 0.896049 0.702766 1754483208.548116 2 5 1
-44.21043047347232 -35.28105996343387 0.0330714 3.47011 -0.18115395091537767 -2.468925702020913 16.6789 18.7762 0.920232 0.828433 1754483208.548116 2 5 1
-4.658229281380233 -56.361521167597104 1.22292 -0.0361696 -0.21659248761560898 -1.6385957823601232 17.5148 17.1622 0.932312 0.861596 1754483208.548116 2 5 1
-4.690684559525592 -56.430577168249144 1.13801 0.00736586 -0.17543545485308773 -1.6390932011969415 16.5556 15.8746 0.933646 0.875203 1754483208.548116 2 5 1
-4.680860467358239 -56.61761872865928 0.694697 0.0224858 -0.15838774043268908 -1.6386900301397307 16.8865 15.9364 0.921937 0.846463 1754483208.548116 2 5 2
-4.896871158355634 -56.65126447422265 0.287083 0.064828 -0.1342455201948937 -1.6424965932383302 19.5009 18.4792 0.927263 0.831855 1754483208.548116 2 5 1
-5.009057083191732 -56.81086749287542 0.17653 -0.00738499 -0.2150025927493603 -1.6442838103923725 16.5283 15.7276 0.954472 0.851242 1754483208.548116 2 5 1
-4.72721360318814 -57.071109606275854 1.35239 0.0785902 -0.1035935626307527 -1.638964046832294 17.6255 15.3719 0.952041 0.790109 1754483208.548116 2 5 1
-4.986743791965352 -57.154362681354826 0.194003 0.0994105 -0.10419380114743172 -1.6434443070221634 16.8924 14.1167 0.880799 0.793876 1754483208.548116 2 5 1
-4.999128374513892 -57.35690601472054 -0.0324735 0.0314636 -0.17194044946849216 -1.6434024191201153 19.9751 15.1132 0.922009 0.806055 1754483208.548116 2 5 2
-5.187259200445648 -57.42687452657395 -0.0951684 0.0585578 -0.16020615926245413 -1.646615570273037 22.9571 17.565 0.934989 0.825594 1754483208.548116 2 5 1
-5.231808266701023 -57.514876935016204 0.0832486 0.073607 -0.14832711549659616 -1.6472787953887948 20.6544 15.3425 0.914657 0.859843 1754483208.548116 2 5 1
-14.81500769176525 -54.81478282793972 11.326 0.809354 -0.24507620861134372 -1.8230666123204116 20.6566 18.5527 0.923133 0.574442 1754483208.548116 2 5 2
-15.235990239154026 -54.71932465470742 10.8125 0.88298 -0.2075054824118182 -1.8307984209067467 30.7606 24.7556 0.970431 0.594762 1754483208.548116 2 5 1
-15.416737001586613 -54.480428787098745 11.7149 0.942901 -0.16733443102838064 -1.8350395709890928 21.6132 14.4048 0.97487 0.43041 1754483208.548116 2 5 1
-5.172223176552939 -57.59763926214765 0.00697169 -0.00353378 -0.2199534301863255 -1.6461251327532267 19.7227 16.4538 0.926863 0.836414 1754483208.548116 2 5 1
-5.161852218605536 -57.6585844671354 0.123578 0.0220287 -0.19313951830127524 -1.6458633333654276 20.8077 17.4944 0.934562 0.855544 1754483208.548116 2 5 1
-5.252292900422751 -57.91668255469064 0.950014 0.0789669 -0.1421079458926402 -1.6470990264758394 17.1918 13.5816 0.860271 0.617243 1754483208.548116 2 5 1
-14.520738189308991 -55.04878007189936 11.3774 0.731213 -0.29460484795877073 -1.8169405066459114 20.6811 17.759 0.961165 0.551468 1754483208.548116 2 5 1
-15.157510142633239 -54.859869860773564 10.9924 0.813404 -0.26772793921898663 -1.8287912922669531 31.8122 26.9428 0.991189 0.654227 1754483208.548116 2 5 2
-15.400618268807287 -54.56679912695676 12.0281 0.885288 -0.22177902228104396 -1.834358892580815 22.6994 16.736 0.903333 0.424757 1754483208.548116 2 5 2
-5.308104831334102 -58.08003449038593 0.891728 0.0113261 -0.21334428243127793 -1.647851263383449 17.7844 17.1299 0.877167 0.637273 1754483208.548116 2 5 1
-14.8181440745167 -55.20796514343487 10.968 0.660832 -0.3856950001704941 -1.8213736429459773 21.1172 14.5312 0.976968 0.568237 1754483208.548116 2 5 1
-15.21251706662984 -55.0198253845839 11.3193 0.704689 -0.37750051532338047 -1.8290181850697125 22.8552 16.4802 0.969892 0.68144 1754483208.548116 2 5 1
-5.3671136490329125 -58.95596535996243 0.727728 0.0480655 -0.175895795897746 -1.6477029103970295 15.4934 14.8398 0.888194 0.737017 1754483208.548116 2 5 1
-5.755109876422104 -59.024451259242895 0.0721165 0.0736472 -0.18150901903417985 -1.6542304417994882 13.6763 13.5757 0.738369 0.731893 1754483208.548116 2 5 2
-5.704292593353703 -59.29917299501144 -0.265592 0.0444858 -0.2046908033876603 -1.6529790407258083 16.8061 13.9697 0.917275 0.686749 1754483208.548116 2 5 1
-5.473847589384989 -59.391389765641335 0.235424 0.0773033 -0.15258914287095504 -1.6489438394951976 15.3084 13.4876 0.922807 0.767476 1754483208.548116 2 5 2
-40.52236920662762 -44.6726552601796 0.192932 2.94634 -0.15187058839425394 -2.3051614583062854 15.1986 15.1221 0.905046 0.744226 1754483208.548116 2 5 2
-40.67652766318456 -44.59497523737058 -0.0132212 2.98277 -0.12567502084378956 -2.3079714384019963 16.2079 16.8771 0.906029 0.729195 1754483208.548116 2 5 1
-40.84706721638186 -44.535622695173025 -0.0800068 3.01649 -0.10210156952600435 -2.3107639652051875 14.1988 15.3631 0.912642 0.823862 1754483208.548116 2 5 2
-5.114028148890823 -59.763675136710354 1.25242 0.0542917 -0.14426448200659914 -1.6423883828247068 15.4901 15.2514 0.431897 0.715893 1754483208.548116 2 5 2
-5.398067372506603 -59.84891995784375 1.07689 0.080971 -0.1399453390678596 -1.6470658652200516 23.3015 23.7061 0.532556 0.720074 1754483208.548116 2 5 2
-5.635511416922756 -59.8900709782381 0.705742 0.101334 -0.13840953307851578 -1.651005073341803 24.7002 24.397 0.821494 0.779116 1754483208.548116 2 5 1
-5.788189329510327 -59.886996766192084 0.435547 0.173828 -0.07819251445694433 -1.6535741980007383 17.8042 16.6566 0.803738 0.629812 1754483208.548116 2 5 1
-59.8142391721292 5.578839704849753 1.89565 4.78157 0.010829706476631173 -3.2488609848596193 21.5111 20.5282 0.527903 0.554535 1754483208.548116 2 5 2
-60.111607767765314 3.027817791329734 1.71896 4.8089 0.026660201200315647 -3.2055593661176403 25.0075 23.5973 0.619726 0.414255 1754483208.548116 2 5 1
-57.70055567977705 3.3513071726178367 16.3715 4.85905 0.07833596646393737 -3.213936946527213 33.3867 20.6106 0.883585 0.431843 1754483208.548116 2 5 1
-40.98779710182227 -44.65530004995037 -0.135427 2.94483 -0.17521813852725066 -2.3111653909331458 13.6877 14.8575 0.91116 0.812627 1754483208.548116 2 5 1
-5.566329570684542 -59.98717554582226 0.828846 0.0221626 -0.2114084782459938 -1.6497135296953271 21.4241 17.371 0.716708 0.759616 1754483208.548116 2 5 1
-5.6267594431719195 -60.02550830724889 0.611145 0.0437821 -0.19438499236636708 -1.650675206113176 24.925 20.9339 0.894338 0.786808 1754483208.548116 2 5 1
-5.6201725302151555 -60.04433721216257 0.314974 0.102755 -0.13476983130335507 -1.6505408157607724 18.3807 14.0726 0.795627 0.694544 1754483208.548116 2 5 2
-57.986183509026304 2.892753007059278 16.1449 4.73062 -0.05161696897938928 -3.2055768194101604 39.3879 24.2117 0.743872 0.436877 1754483208.548116 2 5 1
-58.288407274227424 3.2956337311205557 15.6586 4.76457 -0.016479420201652495 -3.212243977152778 32.2653 21.319 0.860722 0.372443 1754483208.548116 2 5 2
-40.208436264865846 -45.662231972373895 7.22152 2.93097 -0.11209538947820219 -2.290134173446614 12.4061 12.7997 0.870619 0.509062 1754483208.548116 2 5 1
-40.63626844885815 -45.39684520737818 6.62828 2.98483 -0.0888719085807046 -2.2984593939786273 10.9289 11.4944 0.784758 0.443885 1754483208.548116 2 5 1
-44.920778191972765 -37.80379839268462 17.2291 3.2584 -0.30926612721862146 -2.4423094309280002 21.0169 13.0525 0.845432 0.527875 1754483208.548116 2 5 1
-44.95813744513104 -37.81713328019149 17.0353 3.32207 -0.2463751687488367 -2.442553777023279 20.0801 13.0113 0.884581 0.501791 1754483208.548116 2 5 2
-58.532941797236255 3.0166263423658966 15.3334 4.58271 -0.1992722402489342 -3.2071127091519154 32.4125 14.9633 0.533664 0.420987 1754483208.548116 2 5 1
-57.4892517079731 19.40644747870632 2.01897 4.61488 0.06129094882639219 -3.4839393818107354 21.1379 14.7193 0.522739 0.565377 1754483208.548116 2 5 1
-57.71907341855657 18.90386729664336 2.01 4.66909 0.10222265818780052 -3.4747764032377653 18.7757 14.3224 0.517552 0.646806 1754483208.548116 2 5 1
-61.06760448129573 -3.0379612776107927 2.19868 4.83763 0.06364342981092275 -3.103859030603931 12.3939 12.9084 0.769242 0.369896 1754483208.548116 2 5 1
-61.08822080770985 -2.7698828477245123 1.54501 4.94066 0.16527227968513536 -3.1083270734890363 13.0399 13.6845 0.587431 0.331872 1754483208.548116 2 5 1
-14.673950965768924 -58.1988727514529 11.395 0.741294 -0.23544351244614448 -1.8064510778414256 20.0152 17.6032 0.896773 0.575414 1754483208.548116 2 5 1
-16.73392071677562 -57.77987978987301 10.5843 0.841416 -0.3010426821894604 -1.8419685281195104 16.9183 15.4248 0.72627 0.488228 1754483208.548116 2 5 2
-16.067633150632364 -57.76152236616493 11.691 0.932581 -0.1596120474881565 -1.8311649400496655 19.4726 17.0623 0.889345 0.540623 1754483208.548116 2 5 1
-17.10953736560938 -57.57902298504716 11.0391 0.967783 -0.20732982722495674 -1.8490022050050474 21.6334 16.3803 0.810855 0.423711 1754483208.548116 2 5 1
-40.46094970060479 -45.664716821753416 7.23431 2.84917 -0.20554551440929192 -2.2932932193927242 11.8543 10.7124 0.885004 0.490088 1754483208.548116 2 5 1
-40.731994748975765 -45.47052175136254 7.16747 2.90973 -0.16531580574553262 -2.2988259131215463 11.0262 10.1039 0.776229 0.347228 1754483208.548116 2 5 2
-5.674727199426614 -60.80158890897119 0.747604 0.0603898 -0.17665958853181654 -1.6504413319934086 19.1472 14.4694 0.790168 0.734808 1754483208.548116 2 5 1
-5.749207720139077 -60.85135950969979 0.719944 0.110601 -0.1320200955565598 -1.6516072119337408 19.9401 15.8247 0.702401 0.753814 1754483208.548116 2 5 2
-57.69747955284181 19.944061792930082 1.05442 4.64152 0.09864527001543077 -3.4911475916214725 20.6393 16.151 0.550849 0.601528 1754483208.548116 2 5 1
-61.29115772622183 -3.253321942554013 2.52122 4.72946 -0.043389396193060925 -3.100438185270022 23.8983 22.2039 0.771924 0.677993 1754483208.548116 2 5 1
-61.30453146344706 -3.3379220577655317 2.01694 4.78612 0.013744748219096437 -3.0990593751609463 23.8984 22.7977 0.767852 0.648855 1754483208.548116 2 5 2
-14.699479523484715 -58.49965708167239 11.4574 0.554145 -0.41899498902359766 -1.8056831329705483 20.5766 16.8418 0.507823 0.418602 1754483208.548116 2 5 1
-16.582898444355205 -58.069543895909845 10.9179 0.691127 -0.4338875133181683 -1.8382160702277226 15.3026 12.2558 0.710083 0.480488 1754483208.548116 2 5 1
-16.330762676126767 -57.835559636050164 12.0452 0.851101 -0.259621832908118 -1.8351442907442126 18.0117 14.0696 0.845252 0.387235 1754483208.548116 2 5 1
-17.31300500977486 -57.66182364274215 11.2396 0.901943 -0.2866845009266251 -1.851916904855878 24.9477 18.2705 0.844637 0.414582 1754483208.548116 2 5 1
-6.060531567588915 -61.14818177592872 0.885505 0.0560337 -0.20916269943508478 -1.6563318182188895 16.4532 13.2142 0.674132 0.674406 1754483208.548116 2 5 1
-5.826674054623368 -61.196814041554504 0.519736 0.116863 -0.12964475024233663 -1.6524205353651702 18.6405 15.1515 0.451051 0.657754 1754483208.548116 2 5 1
-57.77002717170237 20.36367807933 0.88726 4.54722 0.013583290190402053 -3.4972387907109326 20.9488 16.6801 0.672844 0.53453 1754483208.548116 2 5 2
-61.461985640057044 -3.3724863862141223 2.07637 4.6503 -0.12191721984169934 -3.0986055895554276 23.3923 21.6483 0.635377 0.573296 1754483208.548116 2 5 1
-61.49845158958165 -3.3646954246427416 2.24133 4.69193 -0.08033594972171088 -3.0987452158955873 23.7186 21.7541 0.77071 0.716004 1754483208.548116 2 5 1
-61.570420963300435 -3.131159877370671 2.93906 4.72051 -0.053076849131754145 -3.1026373001275345 18.2283 15.4778 0.727828 0.338787 1754483208.548116 2 5 2
-26.558619645808207 -56.150208757462806 1.07809 1.64644 -0.23459800753543125 -2.004895013793181 13.1669 10.5596 0.936501 0.793784 1754483208.548116 2 5 1
-45.034709096735135 -39.62207753164504 17.3096 3.23294 -0.262377282055577 -2.4198994033323924 18.8675 10.8271 0.85254 0.776066 1754483208.548116 2 5 2
-45.06631276306569 -39.62283795905307 17.3634 3.26668 -0.22977776423270235 -2.4202484691827917 26.4663 18.3264 0.921688 0.776306 1754483208.548116 2 5 1
-44.98025447603437 -39.655117686912234 17.4877 3.31154 -0.18041037879577093 -2.418869659073716 22.9318 14.3195 0.878706 0.679008 1754483208.548116 2 5 2
-6.078699776909263 -61.58929724187304 1.08324 0.198658 -0.0650040944103829 -1.6560106776365227 16.3077 17.2945 0.605345 0.530379 1754483208.548116 2 5 1
-6.1267762772191725 -61.70388381356758 1.39481 0.207906 -0.05874129315896606 -1.6566355055087365 17.1307 16.5096 0.470214 0.507492 1754483208.548116 2 5 1
-61.88572101903077 -7.274357078413967 1.52607 4.6681 -0.07245937054511309 -3.0353024975855933 16.2293 12.7938 0.489278 0.274672 1754483208.548116 2 5 1
-60.75712140735305 -14.228693283826455 2.47471 4.71329 0.07854351841038376 -2.9204249262193263 16.9779 14.5047 0.478704 0.645668 1754483208.548116 2 5 1
-45.196166405560234 -39.77056307099235 17.4056 3.17007 -0.32496209495995876 -2.4198121368697927 24.1486 12.9966 0.887444 0.75674 1754483208.548116 2 5 1
-45.07605275799677 -39.74509375408115 17.7353 3.21758 -0.2741419801004983 -2.4187998459036364 21.9192 10.9682 0.898804 0.636352 1754483208.548116 2 5 1
-6.119120339729353 -61.97881494216722 1.11812 0.0257098 -0.23851098472243415 -1.6561276146964061 13.8469 16.1421 0.859388 0.703019 1754483208.548116 2 5 1
-6.229527928914799 -62.0097270689997 0.824314 0.0588638 -0.21370355030425095 -1.6578746892776524 16.7801 19.0496 0.798782 0.634888 1754483208.548116 2 5 1
-5.685361469933176 -62.11362915324946 0.856709 0.144413 -0.08535431681140127 -1.6489176595564174 12.3551 13.4552 0.451821 0.414684 1754483208.548116 2 5 1
-60.977622102903524 -14.20571975314052 2.24379 4.58213 -0.05398376065571586 -2.9215768435256426 20.5136 22.3156 0.751789 0.655406 1754483208.548116 2 5 2
-61.07138904767396 -14.084806847280763 2.40835 4.60099 -0.037757917395410345 -2.9238108649681958 26.4148 27.5101 0.875111 0.6178 1754483208.548116 2 5 1
-61.13388985973341 -13.971631940560576 2.86155 4.61907 -0.022045124911174163 -2.925835446900509 23.1405 23.0799 0.913169 0.540733 1754483208.548116 2 5 1
-61.2134875574923 -13.58598418903117 -2.77763 4.68036 0.03192048276316939 -2.932205898670288 11.7088 11.3121 0.677826 0.283625 1754483208.548116 2 5 1
-26.88768710799424 -57.18374548231915 -0.759194 1.69178 -0.17957791423016722 -2.0026958989356682 18.4699 14.4489 0.9586 0.796122 1754483208.548116 2 5 1
-26.85165149292963 -57.19840447651758 -0.691 1.73389 -0.13470050897751573 -2.00206758040495 22.2941 19.9021 0.970288 0.77586 1754483208.548116 2 5 1
-26.874618785761907 -57.16830334400608 -0.385819 1.79022 -0.08075359654345604 -2.002608632473068 13.8051 13.273 0.911529 0.593061 1754483208.548116 2 5 2
-61.23815086984481 -14.370167626664601 2.33914 4.44045 -0.19367295796860162 -2.919901327443728 17.1418 20.0814 0.789999 0.622195 1754483208.548116 2 5 1
-61.228052632808065 -14.076215087879042 2.48818 4.53828 -0.10128634416736038 -2.924508996668993 25.1576 27.5836 0.94073 0.582276 1754483208.548116 2 5 1
-61.29788404050483 -13.947307961867136 2.88667 4.55643 -0.08578061223353917 -2.926777924696586 24.159 25.1466 0.92938 0.426905 1754483208.548116 2 5 2
-61.53909184026798 -13.540946724785845 -1.99762 4.56287 -0.08762194697267844 -2.9340210410923624 15.7059 16.1127 0.704905 0.398252 1754483208.548116 2 5 2
-59.78492435923096 -10.291425002289392 17.9158 4.51818 -0.18032571999214042 -2.981267103943849 28.532 13.9138 0.599373 0.305208 1754483208.548116 2 5 2
-26.96346816634749 -57.292509764489516 -0.835397 1.6329 -0.24014874270796427 -2.003079871371107 18.9274 16.1069 0.967792 0.816469 1754483208.548116 2 5 2
-26.946017109668915 -57.280986942584306 -0.756915 1.6762 -0.19600336297256304 -2.0028878851533873 22.3613 18.7291 0.959621 0.752773 1754483208.548116 2 5 1
-46.40291205067103 -39.9820318908895 17.2526 3.29572 -0.23385142315766094 -2.4304411920144386 19.2705 11.2798 0.42523 0.431725 1754483208.548116 2 5 1
-46.90840461038037 -39.29990623295439 17.4861 3.40396 -0.1708763713305408 -2.4445609056630726 18.7618 10.3773 0.774464 0.376121 1754483208.548116 2 5 2
-51.962957582819534 32.571814396785065 12.1688 4.22422 0.140352864837606 -3.7198555368028092 30.8133 16.4332 0.820641 0.218319 1754483208.548116 2 5 1
-61.505549733607054 -14.301387435301 -1.38204 4.37122 -0.2653068732013075 -2.9219259093760415 13.4591 14.7428 0.719449 0.316644 1754483208.548116 2 5 1
-61.607742844586184 -13.959939469015495 -1.44711 4.45575 -0.18747127571310696 -2.927650589322583 15.4826 16.8536 0.72292 0.354306 1754483208.548116 2 5 1
-6.361118550295878 -62.82023804745982 0.926227 0.120139 -0.15707238430749026 -1.6588468376710133 15.5988 16.6507 0.781383 0.76375 1754483208.548116 2 5 1
-48.55982268949177 -41.677990205169216 -0.146937 3.30555 -0.23033018773711333 -2.432395960776672 9.88128 11.5179 0.518426 0.36095 1754483208.548116 2 5 1
-48.48870532656875 -41.71950386226687 -0.749887 3.38898 -0.14290244780247674 -2.431156777007756 7.88137 9.94516 0.553821 0.252274 1754483208.548116 2 5 2
-6.510363965955301 -63.69067047616527 1.01303 0.0752878 -0.20737602919059323 -1.6599882830018176 15.7207 10.9065 0.887646 0.723051 1754483208.548116 2 5 2
-6.471167047481149 -63.73674312470522 1.07532 0.110738 -0.16866607797808314 -1.659305859264288 15.956 11.565 0.807692 0.613646 1754483208.548116 2 5 1
-17.30448742360312 -61.07712795484128 10.0866 0.900293 -0.2173333817998464 -1.8366278206084077 26.8487 17.9589 0.930555 0.690069 1754483208.548116 2 5 1
-17.36652396364203 -61.13055347388305 9.81531 0.948108 -0.1729286401042378 -1.8373608588942452 29.6035 23.1476 0.862675 0.579574 1754483208.548116 2 5 1
-17.298603870224078 -61.12615345919804 9.90893 1.00253 -0.11371586831455449 -1.8363311146355685 25.3164 20.587 0.78503 0.594639 1754483208.548116 2 5 1
-6.386991089708435 -63.93711290095839 1.27917 0.0312934 -0.24045684034955314 -1.657703647010957 13.1576 10.6272 0.812019 0.438347 1754483208.548116 2 5 1
-16.475292031094707 -61.532885326479764 10.1464 0.701279 -0.34801853952886197 -1.8219670548916553 22.6548 11.856 0.555879 0.525404 1754483208.548116 2 5 2
-17.283834830316586 -61.24641750817171 9.97776 0.838332 -0.2745027668999488 -1.835598076349731 28.7961 19.2348 0.924694 0.653462 1754483208.548116 2 5 2
-17.37388164623155 -61.256819750351696 9.87924 0.889246 -0.2298419947168795 -1.8369419798737665 32.6495 24.7879 0.841073 0.612191 1754483208.548116 2 5 1
-17.321818807583284 -61.26534958225207 10.0081 0.931304 -0.18388611521980514 -1.8361042218328092 28.9887 22.6948 0.786669 0.626609 1754483208.548116 2 5 2
-18.40587339414767 -60.8903659374818 10.6604 0.978973 -0.22105723620271822 -1.8543778191011902 18.9471 13.2671 0.858119 0.473201 1754483208.548116 2 5 2
-28.296748011072086 -58.00961486536618 0.0834607 1.64194 -0.29400778874328304 -2.0174090245299805 13.0364 12.1323 0.753973 0.443992 1754483208.548116 2 5 1
-28.054623436402554 -58.20838217526245 0.357297 1.68325 -0.23174945833710292 -2.0126268223795156 14.4489 13.1906 0.866459 0.41683 1754483208.548116 2 5 1
-63.34451335625496 -14.58346362437351 2.38549 4.57396 -0.06486986181831966 -2.9238806781382753 13.1134 12.0236 0.780263 0.5246 1754483208.548116 2 5 2
-64.3311273277241 6.63312648665997 3.24345 4.69211 -0.07518589964613387 -3.2576923508747107 16.7053 14.3959 0.711315 0.505419 1754483208.548116 2 5 2
-64.34909244194483 6.641065745114116 3.71876 4.74706 -0.020200008491934263 -3.2577796173373104 19.5655 17.7531 0.91417 0.380744 1754483208.548116 2 5 1
-62.26324202659128 6.534655443768134 16.6753 4.84273 0.07638643278874646 -3.2599787321948233 27.3656 15.8629 0.857158 0.333335 1754483208.548116 2 5 1
-17.211004975306547 -61.55683610573831 9.88162 0.686848 -0.4147746618455125 -1.833189521981979 20.0008 13.9021 0.71295 0.585643 1754483208.548116 2 5 1
-17.396321812610527 -61.44701879755025 9.95226 0.795517 -0.3214597406437265 -1.836488194268248 24.1367 18.2411 0.818528 0.642131 1754483208.548116 2 5 1
-17.38075395636175 -61.431687696364506 10.1192 0.844632 -0.2715326585775102 -1.8363136613430486 21.2304 16.0246 0.780728 0.640751 1754483208.548116 2 5 1
-56.98724968927858 -26.44862228534047 17.6904 4.25561 -0.03329924991771005 -2.712294412919003 20.6657 9.98044 0.681454 0.46584 1754483208.548116 2 5 1
-55.929072051669635 32.441430454644646 2.63732 4.31359 0.1439550360063322 -3.6844253529873243 15.2766 11.2592 0.524455 0.471564 1754483208.548116 2 5 1
-63.67604868728699 -14.319002107577301 2.51903 4.42678 -0.21801084974051932 -2.9290119461391386 8.32959 12.2881 0.668142 0.510225 1754483208.548116 2 5 1
-64.83529302474936 5.8947501362765555 1.93916 4.65443 -0.11756912916911144 -3.245370326355631 14.9948 15.078 0.660927 0.43172 1754483208.548116 2 5 1
-27.88528025517703 -59.39911840208329 -2.05691 1.82359 -0.046307431229170026 -2.002364286377789 12.2234 11.7149 0.750986 0.27718 1754483208.548116 2 5 1
-45.92865567623319 -46.96735814426629 0.116867 3.20915 -0.026636213809950515 -2.3435237952651207 11.997 12.7703 0.838273 0.649778 1754483208.548116 2 5 1
-6.62810078669154 -65.2204356210795 0.667853 0.139733 -0.14153023601438675 -1.6596950676874827 12.5951 14.1167 0.72656 0.631014 1754483208.548116 2 5 1
-6.721526471653391 -65.31662210533354 0.471856 0.147834 -0.13965668657144084 -1.6609988286387223 11.1356 12.4675 0.538197 0.517614 1754483208.548116 2 5 2
-28.05054945032193 -59.550287081568975 -1.77725 1.72925 -0.14656495716226448 -2.003708189901825 17.9306 14.9486 0.786583 0.386978 1754483208.548116 2 5 1
-28.07569184542077 -59.58247573618795 -1.33682 1.75595 -0.12047957095644879 -2.0038478162419846 13.1533 11.5091 0.766872 0.36173 1754483208.548116 2 5 2
-46.19197082274225 -47.01549484698446 -0.0728143 3.10867 -0.1355356395144005 -2.3459148963403527 15.6248 14.4518 0.894668 0.770003 1754483208.548116 2 5 1
-46.35659473161521 -46.92996868412391 -1.60346 3.12787 -0.1259613679691438 -2.348655063265984 11.9922 12.7791 0.543437 0.313945 1754483208.548116 2 5 2
-6.70324775185219 -65.53660068111797 0.390734 -0.00600054 -0.29069852072993524 -1.660414143339304 9.46844 10.8506 0.503889 0.575737 1754483208.548116 2 5 1
-61.947656579010804 -23.269047600857995 0.551072 4.39567 -0.04233921524332018 -2.788512941353595 10.2498 11.4062 0.433151 0.536686 1754483208.548116 2 5 1
-45.796846597918226 -46.173047972562095 15.7056 3.10069 -0.16042102910910971 -2.3507320050758573 18.423 12.394 0.774045 0.278121 1754483208.548116 2 5 1
-6.407792650173764 -65.96860123008976 1.53048 0.0514578 -0.2089354671438265 -1.6553265085697406 9.40383 10.8682 0.870668 0.645875 1754483208.548116 2 5 1
-59.69666775333577 28.238909539574607 4.98493 4.5397 0.1865288938542653 -3.5997768842655993 18.1908 13.1554 0.805701 0.516172 1754483208.548116 2 5 1
-59.7614717831743 28.215495949419424 5.35705 4.55964 0.2049446915987767 -3.599008939394722 17.7981 12.5998 0.77431 0.396219 1754483208.548116 2 5 1
-47.281524974278604 -47.50087852614403 2.09761 3.02016 -0.24742358792521957 -2.3525820540829714 11.6821 11.7061 0.813258 0.202852 1754483208.548116 2 5 1
-46.40127935453497 -48.80585306037917 0.324286 3.12578 -0.059352149069987536 -2.3292470019838074 11.7495 13.1289 0.892701 0.782632 1754483208.548116 2 5 1
-59.95386274209908 28.30854466119641 5.12811 4.42357 0.06884008048163359 -3.598991486102202 24.3354 14.1225 0.873504 0.478805 1754483208.548116 2 5 2
-59.773305075962924 28.751442980513726 5.3293 4.45073 0.11047752327434601 -3.6062346024979783 26.1264 17.418 0.786587 0.350858 1754483208.548116 2 5 1
-59.479517695205544 29.517838110875488 5.09657 4.48201 0.16705375489529395 -3.618626440187138 20.2497 13.5787 0.719518 0.324401 1754483208.548116 2 5 1
-16.94344397698621 -64.14769242045806 10.3312 0.87344 -0.16183809664427362 -1.818965088578225 24.9577 17.6649 0.953468 0.685548 1754483208.548116 2 5 1
-16.9657011693504 -64.16059400450882 10.2528 0.90781 -0.12877262638218667 -1.8192443412585442 26.5135 20.9222 0.956619 0.723274 1754483208.548116 2 5 1
-17.44014286256236 -64.12369917891152 9.74638 0.967089 -0.10289434076276482 -1.826400191191721 19.0939 15.4337 0.875807 0.531777 1754483208.548116 2 5 1
-46.47341241220013 -48.994332675210956 0.281518 3.04029 -0.14066431616995878 -2.328077631384971 16.2394 17.3563 0.931762 0.844527 1754483208.548116 2 5 1
-46.49847728054722 -48.98632206417755 0.102484 3.08502 -0.09724425446707041 -2.32844415052789 10.0998 12.5998 0.837393 0.774353 1754483208.548116 2 5 2
-59.77127721669132 29.41442756053796 4.8049 4.4158 0.09379419420544455 -3.6152055948532293 22.459 14.3548 0.803285 0.403086 1754483208.548116 2 5 2
-60.2388453821771 28.924497168948545 3.63832 4.43653 0.09462646140008246 -3.605414297749541 21.19 14.8075 0.81014 0.522766 1754483208.548116 2 5 2
-60.224483989362234 29.074232287438747 3.61735 4.50073 0.16311824470300085 -3.607543599436974 17.2488 12.247 0.549527 0.246435 1754483208.548116 2 5 1
-66.56594251937511 8.468797770476991 -3.31997 4.63485 -0.12141955936972071 -3.281289202361674 12.9948 11.2181 0.775181 0.257222 1754483208.548116 2 5 1
-16.94738034929838 -64.33707319037302 10.2821 0.790476 -0.2417850625816813 -1.8183193167549871 32.1153 24.882 0.96421 0.725217 1754483208.548116 2 5 2
-17.030291022718853 -64.33930702617269 10.1883 0.827585 -0.2103020752852518 -1.8195235939388634 34.13 28.3832 0.96405 0.757567 1754483208.548116 2 5 1
-17.593485379435503 -63.99712323616142 12.1828 0.871233 -0.2116073037001741 -1.8291578114098719 25.9156 24.4087 0.901188 0.517193 1754483208.548116 2 5 2
-46.6466203916773 -49.15426621070863 0.0929289 2.93007 -0.2517576558586274 -2.3283219774802504 10.0056 11.2769 0.80842 0.80784 1754483208.548116 2 5 1
-60.542663569958776 28.76254044185461 3.48908 4.3726 0.02227630229451716 -3.6012080542522344 19.557 11.906 0.790599 0.360201 1754483208.548116 2 5 1
-58.018864243676475 28.03220219508112 18.6492 4.39917 0.06342883666989163 -3.6084686239405315 30.7901 12.1088 0.704298 0.332997 1754483208.548116 2 5 2
-57.665916353826304 28.540438583589186 19.0453 4.46959 0.15347935500843946 -3.6180679348264997 28.4804 9.87461 0.589709 0.362487 1754483208.548116 2 5 2
-17.01865796833295 -64.49035692610684 10.278 0.707517 -0.3269457245543359 -1.8187905556530257 27.7917 22.8889 0.95523 0.752764 1754483208.548116 2 5 1
-17.088532115182588 -64.48434841297558 10.1734 0.761158 -0.2781964835516375 -1.8198377532042223 30.0134 25.5582 0.957081 0.775984 1754483208.548116 2 5 1
-17.819481213339486 -64.01832500760435 12.59 0.820269 -0.2777774410286865 -1.8324215771111012 25.1398 22.6684 0.783191 0.545559 1754483208.548116 2 5 1
-19.435910493266846 -63.817588640063335 11.645 0.965077 -0.24691424583998645 -1.8569609063941417 18.1978 14.7752 0.582788 0.240806 1754483208.548116 2 5 2
-6.745381129748333 -67.86509191059619 0.50322 0.137791 -0.13510152449801516 -1.6579427571184802 20.2036 19.4523 0.89376 0.825108 1754483208.548116 2 5 1
-6.639678803413795 -67.80365930242256 0.691204 0.207927 -0.057869772225879273 -1.656457481925033 18.3313 18.0971 0.9036 0.814985 1754483208.548116 2 5 1
-6.861227588019247 -68.02027880700246 0.14656 -0.00533126 -0.2854356536125009 -1.6594524669214552 11.7936 12.1265 0.597908 0.557013 1754483208.548116 2 5 2
-6.772277296986847 -67.99097190678953 0.562824 0.0726184 -0.20139971770352247 -1.6581783765674996 21.7046 22.101 0.865795 0.827451 1754483208.548116 2 5 1
-6.756217011979227 -67.99094283101262 0.75784 0.109696 -0.1631881867139628 -1.6579410117892281 19.0652 19.7169 0.846188 0.820804 1754483208.548116 2 5 2
-59.80402723617129 25.983905638993704 19.442 4.60532 0.19083687614674272 -3.5677849990765433 28.6711 12.3734 0.452228 0.387789 1754483208.548116 2 5 1
-66.93763163632475 13.521729918539293 4.16357 4.69759 -0.007540111061919319 -3.3546279375304757 15.2296 12.4263 0.677163 0.488283 1754483208.548116 2 5 1
-66.99470080996198 13.14388562646763 4.07698 4.78198 0.07200234657759541 -3.348973070754014 22.496 19.4494 0.915254 0.627059 1754483208.548116 2 5 1
-66.94342157442216 13.184358777216733 3.99545 4.84195 0.13260702860232687 -3.349723562332372 18.4303 15.3896 0.851097 0.576762 1754483208.548116 2 5 1
-60.018770136861995 26.019953615152236 19.6693 4.4829 0.06680744935953076 -3.5669123344505462 30.3311 12.538 0.667853 0.451582 1754483208.548116 2 5 2
-60.34127690352745 26.0417776267878 19.5246 4.54503 0.1257607071596194 -3.5651844584910717 30.0907 14.1637 0.427401 0.342839 1754483208.548116 2 5 2
-66.96678777097198 14.211051953606955 4.63513 4.66195 -0.0343829791050867 -3.364471594511724 23.1516 17.7443 0.810044 0.562545 1754483208.548116 2 5 1
-67.23215536302754 13.222633483352206 3.88932 4.71055 0.0009262606095505888 -3.3493919497744926 19.2281 13.6757 0.827231 0.551748 1754483208.548116 2 5 2
-60.52094454204907 25.37017760707285 20.1889 4.4077 -0.030664479321402816 -3.5546426698090263 29.6101 10.8918 0.708049 0.324502 1754483208.548116 2 5 1
-67.62440838819002 14.728651029636705 3.52644 4.77187 0.08041823576479601 -3.369725035560227 18.6968 12.8643 0.881211 0.472473 1754483208.548116 2 5 1
-67.88213639852837 14.473791669269563 3.6818 4.60951 -0.08610146628204607 -3.3652569926751217 18.9809 15.1338 0.76483 0.507025 1754483208.548116 2 5 2
-69.63133078444153 3.5191531172893695 3.06345 4.77572 -0.006790054343669638 -3.2038489434506854 15.1581 13.0054 0.452794 0.458717 1754483208.548116 2 5 1
-69.65193756644821 3.472374575182271 3.04449 4.84498 0.062363658093631535 -3.203150811749888 12.976 11.3121 0.54034 0.381672 1754483208.548116 2 5 1
-69.8617426885826 3.5396104414699097 3.38792 4.7441 -0.03839660450322757 -3.203936209913285 15.9757 12.5939 0.477001 0.395877 1754483208.548116 2 5 2
-17.066278834908925 -67.23491986515106 11.6738 0.886007 -0.1055233339819791 -1.8096101237875355 11.6372 10.3685 0.869745 0.712757 1754483208.548116 2 5 1
-19.308281648511983 -66.77772339858122 11.0848 1.03054 -0.11662180602180983 -1.842980819085667 11.2908 10.636 0.848338 0.703112 1754483208.548116 2 5 1
-19.3528303348563 -67.08302368983962 10.8888 0.972748 -0.1718191241408873 -1.8424223137250288 15.364 15.7188 0.919998 0.572422 1754483208.548116 2 5 2
-20.284334842422755 -66.99141095942836 9.96616 1.01893 -0.1875666462035901 -1.8557740825027855 12.7982 11.4268 0.819727 0.526168 1754483208.548116 2 5 1
-20.03507352941394 -66.63841516614235 13.1297 1.09034 -0.10669872958015736 -1.8537320472779522 14.155 12.7085 0.880127 0.510726 1754483208.548116 2 5 1
-7.191753536450152 -69.96150024023574 1.14584 0.156928 -0.1339888271461619 -1.6617161589612919 14.9863 13.5052 0.611857 0.461967 1754483208.548116 2 5 1
-17.24493720416961 -67.49682833679053 11.7046 0.747727 -0.25148189928248554 -1.81125073328441 15.7391 14.4636 0.889474 0.765799 1754483208.548116 2 5 1
-18.642459295171584 -67.24965913961763 11.2995 0.810949 -0.28433355403492555 -1.8318281651654233 15.8861 15.7806 0.685906 0.686733 1754483208.548116 2 5 1
-19.29497942648234 -67.04897949761347 11.149 0.909401 -0.23200337296536155 -1.841741635316751 18.5674 18.6938 0.876442 0.725651 1754483208.548116 2 5 1
-19.651313982694973 -67.30510338857727 9.63616 0.90443 -0.25545676418720975 -1.845720986011298 14.6429 12.0236 0.858318 0.524266 1754483208.548116 2 5 1
-20.18382124673393 -66.78475685331229 13.2637 0.939045 -0.2648653637526085 -1.8552155771421475 18.0049 16.098 0.905503 0.561118 1754483208.548116 2 5 2
-20.054105780030458 -66.82682928046691 13.2516 0.98988 -0.20489455484206742 -1.853243355087394 19.3251 17.3915 0.896891 0.533545 1754483208.548116 2 5 1
-65.66831431943687 25.50160766201868 4.94283 4.53231 0.045896718882352694 -3.5268046682397167 24.0032 18.9408 0.836289 0.357997 1754483208.548116 2 5 1
-70.79857584581572 3.1039318453623896 3.47471 4.89448 0.11101407464002921 -3.196885079735228 14.2492 14.0726 0.865186 0.622975 1754483208.548116 2 5 1
-70.80926534439713 3.083689248718202 2.97449 4.96109 0.17758850039856355 -3.1965883737623892 16.1097 16.1245 0.844859 0.358518 1754483208.548116 2 5 1
-19.420854158765376 -67.26942147178785 11.2313 0.770524 -0.375097256759672 -1.842649206527788 15.7447 14.59 0.796867 0.682887 1754483208.548116 2 5 1
-20.213891368242237 -66.98172213983409 13.423 0.839172 -0.3629600766799632 -1.8548316047067086 12.844 10.1598 0.868411 0.556489 1754483208.548116 2 5 1
-19.99463948332586 -67.0383898270883 13.3149 0.9067 -0.28022860363589197 -1.8515503857129592 14.5663 12.197 0.856473 0.553138 1754483208.548116 2 5 1
-71.12729955101813 2.963424894546413 3.84312 4.72123 -0.06249534456851613 -3.194633605000156 20.2204 19.3935 0.91316 0.597449 1754483208.548116 2 5 2
-71.09123251291092 2.9785254713962668 3.40292 4.79357 0.009871636426191266 -3.194877951095435 20.6545 19.9432 0.95216 0.741715 1754483208.548116 2 5 1
-71.05631950857062 3.230478835042347 3.22548 4.86939 0.08612390001774628 -3.198490782647063 11.3408 10.7536 0.900227 0.675599 1754483208.548116 2 5 1
-64.36159208450158 -32.012402146950286 0.638859 4.2006 -0.026967210797980812 -2.6841771586693737 17.6764 17.4797 0.962567 0.753371 1754483208.548116 2 5 1
-64.39799972550082 -31.85554289643358 0.957049 4.26942 0.03689501530943495 -2.6863937268194067 16.4174 16.586 0.863488 0.743324 1754483208.548116 2 5 1
-7.747818767704522 -71.15933291657724 1.00268 0.0184797 -0.3024821875038099 -1.6680080709147316 10.5632 11.4356 0.578738 0.524307 1754483208.548116 2 5 1
-7.63570188374882 -71.25312712216794 1.21406 0.0870862 -0.22574263999748212 -1.666304629564785 15.2889 15.6512 0.582264 0.462033 1754483208.548116 2 5 2
-71.32281392352252 3.096467009678646 3.79244 4.67485 -0.10867635728890157 -3.19637893425215 15.2445 14.052 0.80345 0.321492 1754483208.548116 2 5 1
-7.303614662818281 -71.41979202977929 1.62936 0.256922 -0.032586042838556595 -1.661421198317705 10.8232 10.686 0.529766 0.534365 1754483208.548116 2 5 1
-7.278892945415419 -71.74779800516137 0.632348 0.177166 -0.10869909357132995 -1.6606584894345835 19.4861 19.2818 0.866193 0.695906 1754483208.548116 2 5 2
-64.57811048595046 -32.19724417610194 0.842519 4.06638 -0.15895531355477033 -2.683182320995737 15.9158 14.1461 0.940545 0.780653 1754483208.548116 2 5 1
-64.60615491184267 -32.094021335433176 1.22867 4.13004 -0.09862204903993543 -2.6846658508599326 14.1106 13.2553 0.921323 0.797561 1754483208.548116 2 5 1
-64.56439575651909 -32.533601462012435 1.14376 4.16392 -0.05165595302362558 -2.6788539044507913 11.4969 11.3974 0.814845 0.818009 1754483208.548116 2 5 1
-64.45361622058111 -32.69698908312881 1.05216 4.27345 0.06409318934014507 -2.67611373752516 15.036 14.8898 0.758687 0.736018 1754483208.548116 2 5 1
-7.495876911537094 -71.5557416534482 1.21178 0.00191222 -0.299623850296425 -1.6639397084283327 13.5809 14.0667 0.627131 0.603222 1754483208.548116 2 5 1
-7.332389676117857 -71.75826165583547 0.614087 0.140024 -0.1493506655023171 -1.661393273049673 20.4698 20.5312 0.866021 0.686774 1754483208.548116 2 5 1
-7.1545567309321125 -71.90064559679826 0.851622 0.114708 -0.16195311739414212 -1.6587316459403818 16.8994 18.1911 0.806894 0.6171 1754483208.548116 2 5 1
-7.610261798746795 -72.0570316294738 -0.123858 0.108784 -0.19724438125561317 -1.6648804408951579 10.3053 11.0623 0.526311 0.627891 1754483208.548116 2 5 2
-68.22848834422342 24.018628125317743 4.67665 4.71177 0.17355941167742728 -3.494236824397502 14.8317 11.4209 0.865116 0.584566 1754483208.548116 2 5 1
-64.76550773368879 -32.76231109983358 0.91509 4.11934 -0.09259545140384162 -2.6772482015389567 13.1449 11.5326 0.925567 0.806302 1754483208.548116 2 5 1
-64.7207979655896 -32.91870701795113 1.07362 4.17663 -0.030222342670583657 -2.675014180096404 11.6524 10.4332 0.810253 0.751259 1754483208.548116 2 5 1
-7.209374773582647 -71.91140340954884 0.458893 0.0661589 -0.21409556046568062 -1.6594838828479912 19.1523 20.1255 0.838999 0.722046 1754483208.548116 2 5 1
-7.374328558317766 -72.33987077799402 -0.0176722 0.0159798 -0.27266962228971287 -1.6612414294047495 8.57581 9.91282 0.703668 0.672497 1754483208.548116 2 5 1
-68.4865331796952 23.91846865561287 4.7814 4.56228 0.02024529545466791 -3.49170609698211 22.5273 19.9638 0.838516 0.615575 1754483208.548116 2 5 2
-68.43446768876989 24.114336818924375 5.1449 4.59908 0.0612666692275079 -3.4944986237853017 28.3648 25.5846 0.878247 0.668374 1754483208.548116 2 5 1
-68.39875552293486 24.252877759266944 5.26063 4.62714 0.0923293376337524 -3.4964708458400553 25.2543 22.4714 0.884267 0.557032 1754483208.548116 2 5 1
-68.59598701846868 23.97445146960783 5.02078 4.50648 -0.03526561856999777 -3.49189808319983 22.1616 19.6698 0.831332 0.614534 1754483208.548116 2 5 1
-68.55706467723526 24.16057776946921 5.21285 4.54126 0.0034731641228562538 -3.494516077077821 29.6304 27.0574 0.870993 0.597595 1754483208.548116 2 5 1
-68.55674706291926 24.32307478234951 4.94971 4.56269 0.028119246747952964 -3.4966279254727346 27.686 24.6968 0.864573 0.461711 1754483208.548116 2 5 2
-68.60439236632942 25.263976014430582 3.29087 4.63266 0.11664928105722083 -3.508565977556376 17.1314 13.0819 0.828149 0.552432 1754483208.548116 2 5 1
-68.58837107960544 25.291404995252893 3.87728 4.69624 0.18091985286260126 -3.5090023098693743 15.0438 12.0912 0.873759 0.417377 1754483208.548116 2 5 1
-17.617726098680865 -70.3466542725647 11.6014 0.880932 -0.09752230932668482 -1.8068175969843445 14.8712 12.2146 0.614392 0.445599 1754483208.548116 2 5 1
-19.57981015179637 -70.02169266782045 11.5551 0.938656 -0.168979748843041 -1.8344810656284547 15.4524 15.2279 0.767287 0.492082 1754483208.548116 2 5 1
-19.281776012267557 -70.0599084458768 11.8398 0.98727 -0.10101982637828122 -1.8303271820087081 17.5666 17.0887 0.901019 0.620485 1754483208.548116 2 5 1
-68.82054998853462 24.141841531534418 5.03284 4.44357 -0.09649034375664733 -3.493015093921106 19.0659 15.7629 0.842087 0.420609 1754483208.548116 2 5 1
-68.17527985021661 26.601867961854573 3.37257 4.51322 0.02858061372757259 -3.527869319083433 17.6656 14.3812 0.656537 0.466852 1754483208.548116 2 5 2
-68.80250898215354 25.260650951058203 3.64534 4.56172 0.04408294070687102 -3.507536233297699 23.1757 19.8697 0.863222 0.579666 1754483208.548116 2 5 2
-68.85049369547075 25.28686260110553 4.43865 4.58052 0.06304811247188091 -3.5076409530528188 23.9014 20.5165 0.89997 0.601328 1754483208.548116 2 5 1
-7.674743455570393 -73.49743282628226 1.24582 0.23074 -0.07063770935901897 -1.663906547172545 16.9821 17.2357 0.466073 0.704775 1754483208.548116 2 5 1
-7.667819696230549 -73.53056307929387 0.812288 0.2873 -0.013427592565942836 -1.6637704114908893 13.2108 14.346 0.868236 0.749581 1754483208.548116 2 5 1
-17.48978878237403 -70.61021668747802 11.7383 0.682293 -0.2840591910024206 -1.804234509691393 14.9006 12.2558 0.662177 0.45681 1754483208.548116 2 5 2
-17.412992180878426 -70.61115582034209 11.5054 0.799145 -0.16229908540262405 -1.8031873121401962 17.4105 14.6958 0.574213 0.43364 1754483208.548116 2 5 2
-19.592676416908027 -70.17253437816449 11.7777 0.857548 -0.24830026687296503 -1.8340970931930158 21.2154 21.0398 0.799871 0.534202 1754483208.548116 2 5 2
-19.235595404817698 -70.22291079495953 12.0081 0.907139 -0.17553860858459236 -1.829122904824832 23.0109 22.5508 0.866969 0.538273 1754483208.548116 2 5 1
-21.352700272500677 -69.9249643382631 10.7335 1.00324 -0.21610164070449023 -1.8585491560134564 13.5551 10.1509 0.653093 0.464019 1754483208.548116 2 5 1
-68.9998700120494 25.224622869823012 4.18235 4.48807 -0.031819440830074264 -3.5061050633110638 18.9396 12.3587 0.860185 0.581697 1754483208.548116 2 5 1
-68.98166238164505 25.701837809675297 3.6722 4.51564 0.005568382008556583 -3.5123009821556432 24.4258 18.8967 0.719877 0.383967 1754483208.548116 2 5 2
-7.82131791755087 -73.73588321263298 0.834102 0.147476 -0.16196102297458775 -1.6655942805592234 27.2799 26.4607 0.898271 0.810078 1754483208.548116 2 5 1
-7.777349504667393 -73.76577709036198 0.789243 0.173401 -0.133002422851886 -1.6649589807114975 25.5485 24.5498 0.941561 0.796721 1754483208.548116 2 5 1
-7.620545656462287 -73.81506907231447 1.1093 0.223713 -0.07223022912243876 -1.6627685925002444 12.2946 12.7761 0.707832 0.622524 1754483208.548116 2 5 1
-19.625818049402117 -70.38568594273299 12.0374 0.736523 -0.3678626603430093 -1.8337829339276568 15.6865 14.4929 0.782709 0.5187 1754483208.548116 2 5 1
-19.08519515721352 -70.47227254705452 12.1889 0.807705 -0.2614643341180444 -1.8262256582665215 18.0604 16.1627 0.719674 0.47298 1754483208.548116 2 5 1
-21.253100708049505 -70.2423010862766 10.1806 0.929539 -0.27800821599533754 -1.8560009753055446 16.2644 13.3817 0.726905 0.56614 1754483208.548116 2 5 1
-21.404853055172495 -70.20853126093836 10.2836 0.980129 -0.2372743728995812 -1.8581302769929777 15.8411 12.929 0.829857 0.628067 1754483208.548116 2 5 2
-43.236755654624325 -60.67301222002001 0.375891 2.56912 -0.07441890521542627 -2.186199816490352 10.6818 10.2979 0.914624 0.624609 1754483208.548116 2 5 1
-43.1016656577709 -60.74350810451987 0.759019 2.64608 0.010760877963588822 -2.1841403279729987 10.1892 9.95986 0.734117 0.476062 1754483208.548116 2 5 1
-48.02879870462263 -55.55459995381062 13.1194 2.89925 -0.11128052814457678 -2.281355167309083 11.9097 10.1774 0.931 0.564472 1754483208.548116 2 5 1
-8.027242476012749 -73.82477296095672 0.969347 0.0496254 -0.2726030264373576 -1.6682733609610345 15.9043 14.1578 0.837165 0.756312 1754483208.548116 2 5 1
-7.852187166851723 -73.86924559030984 0.760831 0.0917244 -0.21889602658876967 -1.6658421173130067 26.5492 25.417 0.938214 0.801403 1754483208.548116 2 5 1
-7.805191403623426 -73.89295289746732 0.792899 0.118107 -0.18932152689808807 -1.6651736562094925 25.649 25.323 0.951704 0.801352 1754483208.548116 2 5 2
-7.795764715654736 -73.99109356976639 0.933872 0.139282 -0.16693806941859227 -1.6649205834679535 15.6184 16.0216 0.7698 0.61121 1754483208.548116 2 5 2
-43.377248692706566 -60.8069904812932 0.547547 2.48346 -0.1620973063330724 -2.18670596197343 14.7789 14.3724 0.955833 0.639456 1754483208.548116 2 5 1
-43.32516779784923 -60.856719991195575 0.783773 2.51841 -0.12324909538157547 -2.1857285775923136 14.0958 13.8697 0.942452 0.545192 1754483208.548116 2 5 2
-8.088506622190025 -74.10409968822033 0.76478 -0.0357628 -0.3601742863145223 -1.6687306372250572 12.7274 11.2151 0.88782 0.732175 1754483208.548116 2 5 1
-7.980884227311291 -74.12417476449748 0.803552 0.0171318 -0.3002136615251877 -1.667250598019366 13.2842 13.0672 0.906573 0.784706 1754483208.548116 2 5 1
-70.0941829924546 25.2014556991099 5.51824 4.64409 0.11552634944681905 -3.5005374629972015 20.5275 18.3293 0.555161 0.202835 1754483208.548116 2 5 1
-70.80161983220195 23.768093792646656 3.444 4.67751 0.11681681332976268 -3.4790699131976717 19.443 17.4298 0.753974 0.437637 1754483208.548116 2 5 1
-70.7862329796502 24.195321676777674 3.17572 4.57889 0.0262254799181445 -3.4845677003414535 20.606 19.4876 0.695208 0.368491 1754483208.548116 2 5 2
-70.91470400740712 23.90779182229312 3.71269 4.6176 0.058755162393299365 -3.4803440035516275 22.0786 20.6311 0.686418 0.449908 1754483208.548116 2 5 1
-71.53730207313441 22.75475252529995 -5.00606 4.77434 0.1909161632132701 -3.4629605242017636 16.383 13.9491 0.875042 0.411002 1754483208.548116 2 5 1
-48.26987681626488 -58.67400490986317 0.217605 2.84007 -0.07750121003239396 -2.256606398515803 9.05344 10.6977 0.858232 0.658663 1754483208.548116 2 5 2
-47.887845612448544 -59.233886541216734 1.03927 2.84679 -0.037773697212251545 -2.2479321121333915 11.8943 13.4611 0.893421 0.70066 1754483208.548116 2 5 1
-48.1482684878818 -59.05733820740728 0.579652 2.8991 -0.0013637693853891797 -2.2521034490456575 12.9183 14.3077 0.89888 0.754706 1754483208.548116 2 5 1
-71.42486861133054 23.871645116316664 2.33685 4.55661 -0.006175739959013882 -3.4776212899185164 21.8275 20.7781 0.790133 0.252415 1754483208.548116 2 5 2
-71.78864755922737 22.926160822505626 -5.16683 4.63161 0.04972397476844925 -3.46407753492304 27.5481 25.4582 0.79352 0.371729 1754483208.548116 2 5 1
-6.885534828493739 -75.56689787689092 1.15017 0.308643 0.06954171740561052 -1.6508706829893993 10.5247 12.3705 0.400681 0.367042 1754483208.548116 2 5 1
-48.07653945042772 -58.91505635790667 0.314097 2.73608 -0.16611044553576892 -2.252557234651176 11.7479 13.273 0.917076 0.731555 1754483208.548116 2 5 1
-48.15541439800963 -59.316804120262326 0.600953 2.76118 -0.13130676066269276 -2.250009053943265 20.1681 20.4489 0.946965 0.757923 1754483208.548116 2 5 2
-48.34438021852199 -59.21807058969599 0.542242 2.78468 -0.11837355952453699 -2.2527841274539355 22.4718 23.027 0.955291 0.811397 1754483208.548116 2 5 1
-48.41198834183841 -59.17447245010217 0.828921 2.83062 -0.07648155929145561 -2.253848778297652 17.3272 18.4351 0.947579 0.838881 1754483208.548116 2 5 2
-7.434213485017308 -75.77597281446884 1.10457 0.215012 -0.057730444257913155 -1.6579113411919442 19.6704 20.1402 0.725904 0.572387 1754483208.548116 2 5 2
-17.610947205696927 -73.43105413304238 12.018 0.894527 -0.03818371701509726 -1.7970612064656961 12.7661 12.4792 0.891685 0.779329 1754483208.548116 2 5 1
-48.390524564592525 -59.00156892241678 0.169509 2.60033 -0.3114790155573899 -2.2550879620665683 11.6551 11.6149 0.679611 0.495401 1754483208.548116 2 5 1
-48.31143834372485 -59.38981438987921 0.489662 2.68491 -0.211433901260762 -2.2510213449094216 17.1874 16.4479 0.920229 0.769698 1754483208.548116 2 5 1
-48.428973997653564 -59.32969592604904 0.69221 2.72388 -0.17897439263647508 -2.2527317675763756 21.6561 21.5425 0.959953 0.813826 1754483208.548116 2 5 1
-48.51926820982679 -59.2828976334604 0.919816 2.75962 -0.1482111759166349 -2.2540407645153717 16.7803 17.2416 0.958561 0.84632 1754483208.548116 2 5 1
-7.912041131784764 -75.76306280226304 0.251898 0.10363 -0.19937297687918276 -1.6642468863766837 16.639 16.7154 0.522271 0.62675 1754483208.548116 2 5 1
-7.977035935592254 -75.82967512871103 0.702911 0.118179 -0.18852445476817928 -1.6650218125645693 23.159 23.7179 0.834887 0.726416 1754483208.548116 2 5 1
-7.553363512421455 -75.91384529079194 1.11506 0.162563 -0.11694112343674545 -1.6593268032153117 18.9525 19.7139 0.686718 0.585917 1754483208.548116 2 5 1
-70.28890601246148 22.003846796568475 19.7338 4.63473 0.04537754007741501 -3.458614654364298 25.3156 11.5767 0.60774 0.32945 1754483208.548116 2 5 1
-17.566350538492337 -73.65834886036326 12.1934 0.735397 -0.1913333984700043 -1.7957871161117405 18.9403 18.3411 0.91357 0.796637 1754483208.548116 2 5 2
-17.833095631430595 -73.6679707916262 11.7296 0.779102 -0.16384546716116732 -1.7992428680306891 24.5754 23.9766 0.924793 0.857154 1754483208.548116 2 5 1
-17.95919768906853 -73.64551413040081 11.6227 0.824562 -0.12640794307740244 -1.8009532906976435 20.2147 19.4611 0.928654 0.835298 1754483208.548116 2 5 2
-72.927013834977 23.23068500056222 1.59783 4.56163 -0.02155393065402933 -3.463135057126963 17.8634 15.075 0.621034 0.251459 1754483208.548116 2 5 1
-17.72472377537585 -73.81044798406687 12.2144 0.637802 -0.2964649903520077 -1.7973928190235753 18.444 17.4386 0.902766 0.799859 1754483208.548116 2 5 1
-17.923494653284102 -73.78077047995427 11.7021 0.717125 -0.2297521892624116 -1.8000806260716464 23.8048 22.88 0.92383 0.851361 1754483208.548116 2 5 1
-18.002432303699 -73.78912180139797 11.6163 0.760998 -0.19054487089123795 -1.8010754637452833 19.0792 17.9765 0.904062 0.788479 1754483208.548116 2 5 1
-21.002791701224467 -72.8901806583221 13.3636 0.917164 -0.22934916906673053 -1.8428411927455075 17.7111 15.028 0.829693 0.545196 1754483208.548116 2 5 1
-21.299442585794317 -72.81047139346893 13.452 0.972767 -0.19279051096076294 -1.8469427164876941 15.9382 12.7556 0.922061 0.636976 1754483208.548116 2 5 2
-8.63168267411727 -76.68117583561974 0.235236 0.38298 0.0405150853230713 -1.6725127657141288 10.0574 11.0828 0.4393 0.428309 1754483208.548116 2 5 1
-21.164046657645088 -73.10606643406273 13.4912 0.783241 -0.36927120638943467 -1.8441327363919833 12.9736 11.3651 0.612442 0.458532 1754483208.548116 2 5 1
-21.457792712821924 -73.02527000784829 13.4108 0.871452 -0.299855491163188 -1.8481819002566102 12.1379 10.8212 0.877318 0.646929 1754483208.548116 2 5 1
-22.072363165843324 -72.88135740215729 13.2882 0.95158 -0.25863376769011104 -1.8565769339587028 13.1563 11.9412 0.845889 0.638745 1754483208.548116 2 5 1
-48.48674807178944 -59.75393665279508 12.9318 2.69395 -0.1976718223805669 -2.2497821611405056 17.2333 14.1608 0.938132 0.659439 1754483208.548116 2 5 1
-48.476625057778605 -59.61288273251995 13.3298 2.76329 -0.13238908865596688 -2.250846811984222 14.5263 12.3058 0.905284 0.576055 1754483208.548116 2 5 2
-8.68216689719972 -77.05564924040803 0.706136 0.139843 -0.2033799366591802 -1.6726715906760605 11.1645 10.7418 0.718029 0.606989 1754483208.548116 2 5 1
-8.599903391951743 -77.11391195674527 0.192286 0.1861 -0.15166665241743238 -1.6715284000160042 11.6434 11.5944 0.779823 0.612134 1754483208.548116 2 5 1
-8.451451153528383 -77.41716458073559 0.38722 0.304493 -0.02222645675467627 -1.6692140934278596 11.5411 12.1882 0.731605 0.735152 1754483208.548116 2 5 1
-48.558444675999276 -59.91151849633483 13.0051 2.60009 -0.28940210942106415 -2.249223655779867 13.7198 10.1333 0.917021 0.59665 1754483208.548116 2 5 1
-48.60069917530763 -60.26342846448022 12.5002 2.68839 -0.1917073354507206 -2.2467627415345555 15.6141 14.0226 0.949517 0.735933 1754483208.548116 2 5 2
-48.5117179530205 -60.29052115091328 12.8687 2.73301 -0.14275053412684668 -2.2456282775207588 16.6143 14.8575 0.965049 0.698836 1754483208.548116 2 5 1
-48.504023768985434 -60.29185511624703 13.0345 2.78666 -0.08876678065268129 -2.2455410110581595 12.3396 10.7683 0.904947 0.69731 1754483208.548116 2 5 1
-69.32835397064335 27.6745496010615 20.8222 4.51561 0.043708346530277886 -3.5354265947445684 25.7244 10.3891 0.441862 0.300931 1754483208.548116 2 5 1
-8.46131471098831 -77.6489187623846 0.28983 0.153141 -0.17278692312263985 -1.6690482871489203 19.2782 19.6375 0.841218 0.805352 1754483208.548116 2 5 2
-8.503483024629109 -77.6937321056201 0.245749 0.179314 -0.1489301751529992 -1.6695334886809745 22.3615 22.4832 0.923106 0.808055 1754483208.548116 2 5 1
-74.64533159613912 21.554789617503715 6.6196 4.67985 0.060366527882137255 -3.435454135190333 19.6225 16.7713 0.834453 0.409988 1754483208.548116 2 5 2
-48.620921207621976 -60.404237788793395 13.0199 2.6574 -0.21902797537213425 -2.245802810445958 14.7089 12.0882 0.970635 0.705066 1754483208.548116 2 5 1
-48.56087002805468 -60.50600198893926 13.1187 2.69603 -0.17492237242960185 -2.244371640459323 12.5282 10.2244 0.911393 0.668757 1754483208.548116 2 5 2
-8.631900949587086 -77.80846387955837 0.279471 0.0796776 -0.2557481291026086 -1.6710379624961935 17.4899 18.2176 0.919482 0.811854 1754483208.548116 2 5 1
-8.592184045586407 -77.82283913348995 0.20415 0.117847 -0.21505444026758824 -1.6705091277328394 21.4157 21.7247 0.8923 0.807811 1754483208.548116 2 5 1
-74.74783923018937 21.73444055043218 6.61277 4.61866 0.0014705999407214065 -3.437286730904927 19.5011 16.5978 0.718194 0.356344 1754483208.548116 2 5 1
-74.54215280118353 22.863121211408092 6.65897 4.62687 0.02868316460744147 -3.452017309791759 14.6789 12.05 0.716602 0.399172 1754483208.548116 2 5 2
-17.133107936932838 -76.25373679860922 9.37348 0.709694 -0.15608433856617776 -1.7828193197694224 14.6448 15.7541 0.890357 0.576404 1754483208.548116 2 5 1
-16.778600107821898 -76.23010257362685 9.62652 0.782352 -0.06263772180831317 -1.7784036367618767 11.242 12.3234 0.780978 0.639355 1754483208.548116 2 5 1
-75.00336508249252 23.06515600423262 6.29385 4.62971 0.032402234325566326 -3.4526805349075174 12.9529 10.7712 0.824649 0.566043 1754483208.548116 2 5 2
-74.82308209554314 23.445856143054232 6.6507 4.70844 0.11833191171332746 -3.4580561490036597 12.95 11.2004 0.777345 0.526815 1754483208.548116 2 5 2
-17.07528946444171 -76.4081906251073 9.65377 0.622616 -0.23774083221498987 -1.781667402463106 16.1926 17.8031 0.857073 0.571358 1754483208.548116 2 5 1
-16.99691559645071 -76.39163689392134 9.71609 0.67522 -0.18070020482888827 -1.7807249246670294 12.33 14.0079 0.773315 0.587242 1754483208.548116 2 5 2
-75.10192814968518 23.45868743199236 5.96554 4.54049 -0.050913479148012364 -3.4570962179150633 12.2243 9.78641 0.764747 0.491161 1754483208.548116 2 5 1
-20.072720687642555 -76.3633540848286 12.4863 0.923038 -0.11419686094443193 -1.8193839675987036 11.6787 10.1157 0.605173 0.331834 1754483208.548116 2 5 1
-19.463481393312676 -76.78604042924172 12.1338 0.766197 -0.22949969659469305 -1.8105002417060525 12.4843 12.6556 0.772208 0.631605 1754483208.548116 2 5 2
-18.92564218403825 -76.91421433500537 11.8968 0.841522 -0.12114921085733943 -1.8034491115279954 13.1741 13.1789 0.485027 0.234922 1754483208.548116 2 5 1
-8.389568449061098 -79.63581622742026 -0.166192 0.162781 -0.1470977180998505 -1.6656867830095792 15.0522 14.0432 0.566555 0.652805 1754483208.548116 2 5 1
-8.230663326041947 -79.69161742535643 0.138379 0.192608 -0.10741946055619911 -1.6636238038337219 12.0198 12.3381 0.621947 0.660267 1754483208.548116 2 5 2
-8.457653940822592 -79.83391362295426 -0.343293 0.0727272 -0.2400933064874673 -1.666302884235533 11.4499 11.077 0.671841 0.641747 1754483208.548116 2 5 1
-8.247058723173982 -79.88754311106352 0.130281 0.105381 -0.1945381062161709 -1.663601114553446 10.0393 10.4155 0.607647 0.545609 1754483208.548116 2 5 1
-77.476261364806 20.580600805986364 5.32715 4.74916 0.10329993189280806 -3.4134106267376447 11.4616 9.98044 0.60557 0.276157 1754483208.548116 2 5 1
-49.44659422003427 -64.4722518612771 -0.147773 2.65965 -0.12541389936949932 -2.2221186924963954 8.80578 9.81581 0.902936 0.503644 1754483208.548116 2 5 1
-49.48370116961004 -64.49638775766348 0.0171157 2.69494 -0.09087085729203093 -2.2223106787141145 10.8328 11.903 0.931217 0.68004 1754483208.548116 2 5 1
-17.084742833545132 -78.45822888818823 12.584 0.594429 -0.24102364879822968 -1.7763790548295633 12.4101 9.95986 0.807642 0.478556 1754483208.548116 2 5 1
-17.76260305330364 -78.40243592885479 13.0956 0.723969 -0.15149946699706507 -1.784878808286776 16.2647 13.9844 0.854777 0.506524 1754483208.548116 2 5 1
-18.12637885238609 -78.69052664678563 11.6779 0.759567 -0.13321944721244539 -1.788561453008484 19.1689 20.4371 0.955628 0.718056 1754483208.548116 2 5 1
-18.089594913072098 -78.71688883154687 11.5353 0.800014 -0.09031090805863551 -1.7880378542328856 14.4974 15.1808 0.933508 0.598674 1754483208.548116 2 5 1
-49.54947550539941 -64.62629602441896 0.025541 2.577 -0.2075205927656456 -2.2219790661562357 9.105 10.3273 0.912687 0.524698 1754483208.548116 2 5 2
-49.51061592456847 -64.70346688000255 0.0969509 2.61397 -0.16674592713341152 -2.221001681775119 13.5187 14.9427 0.959924 0.701621 1754483208.548116 2 5 1
-17.80215684468769 -78.89005650030796 11.9187 0.635712 -0.23589728223631745 -1.7840585035383383 17.181 18.688 0.928846 0.613186 1754483208.548116 2 5 2
-17.983159495846383 -78.890257171248 11.674 0.682777 -0.19925893597496602 -1.7862750716883713 24.0751 25.2348 0.982628 0.728612 1754483208.548116 2 5 1
-17.985562613342925 -78.9362461103876 11.4706 0.710972 -0.17065351940916307 -1.7861878052257714 19.7761 19.9932 0.967586 0.560257 1754483208.548116 2 5 2
-9.09844663571129 -81.58576673150965 0.219405 0.182671 -0.15781968505891922 -1.6720991226814061 10.9036 11.2298 0.82792 0.734341 1754483208.548116 2 5 1
-17.726888298038272 -79.123786615184 11.9886 0.512978 -0.3514861392150931 -1.7825400670891034 10.7931 11.6208 0.773352 0.411913 1754483208.548116 2 5 1
-17.957884425486903 -79.05446718746285 11.8959 0.595913 -0.282593134321502 -1.7855245801100137 17.7216 18.5527 0.958422 0.582891 1754483208.548116 2 5 1
-18.075293393306982 -79.41854514677243 8.63181 0.618004 -0.2627185793356528 -1.785995819008052 15.9137 14.8928 0.93051 0.442887 1754483208.548116 2 5 1
-22.96157253671644 -79.2671682905443 13.0036 1.00769 -0.14863140811945263 -1.8449530411404207 12.437 11.3063 0.895742 0.764225 1754483208.548116 2 5 1
-23.185504456500205 -79.36447843432394 13.0738 0.930325 -0.23677141381708344 -1.847274329045573 13.2779 13.4552 0.878905 0.799691 1754483208.548116 2 5 1
-23.401931688413782 -79.34752283380938 12.9719 0.968906 -0.2102541889655467 -1.8498748696310445 9.87646 9.94222 0.828634 0.680067 1754483208.548116 2 5 2
-17.803531848011232 -82.07721935026865 10.6352 0.628746 -0.20473303243953778 -1.7759601758090846 17.1193 18.4734 0.915893 0.672716 1754483208.548116 2 5 1
-17.028079303340135 -82.22554238551012 10.5675 0.68676 -0.1018628025054884 -1.7664481313857157 11.3169 12.2617 0.748112 0.52093 1754483208.548116 2 5 2
-17.94144679578985 -82.23880872743017 10.8659 0.519436 -0.31979900345557155 -1.7771819062854808 16.0214 17.5503 0.774365 0.393518 1754483208.548116 2 5 1
-17.252353324407352 -82.67204761354874 8.43009 0.539604 -0.2565959801903078 -1.7680538342975507 12.2286 11.4533 0.52195 0.30812 1754483208.548116 2 5 1
-83.07701204931509 16.981069420033187 5.03149 4.7331 0.02765113476599712 -3.3542614183875568 12.6823 12.1353 0.853696 0.334332 1754483208.548116 2 5 1
-85.7646335025776 15.804649715582576 4.12322 4.76489 0.043114058523625154 -3.3343995714998615 11.9685 10.783 0.83559 0.6171 1754483208.548116 2 5 1
-85.65896646995026 16.272478516866553 4.45347 4.86667 0.1492552105630125 -3.3399322652286836 12.3098 11.4092 0.880336 0.60337 1754483208.548116 2 5 1
-18.131200818737636 -84.87734502508614 11.3901 0.613979 -0.2057629217898269 -1.7730454759582541 15.7327 16.0363 0.920428 0.774177 1754483208.548116 2 5 1
-17.672649600083545 -85.02526859400886 11.1433 0.677383 -0.11609931459059408 -1.7674778756443925 19.8492 20.6988 0.904662 0.740547 1754483208.548116 2 5 1
-19.03805011974394 -84.7506415168776 11.18 0.730904 -0.13898077591404845 -1.7836919843954195 19.5129 20.3313 0.823806 0.577707 1754483208.548116 2 5 1
-18.918170032317427 -84.73277109444332 11.3854 0.797638 -0.06600473038115096 -1.782365534163904 14.8015 14.7693 0.942752 0.526655 1754483208.548116 2 5 1
-85.93518296709226 15.884402102631629 4.46748 4.68639 -0.03497940411744338 -3.3349231702754603 15.7248 13.4052 0.884645 0.600426 1754483208.548116 2 5 2
-85.89752655983544 16.123533476143088 4.54221 4.75994 0.04076065320764144 -3.337715697078651 16.3817 13.0642 0.911686 0.557182 1754483208.548116 2 5 2
-18.10033733440335 -85.08947925302917 10.9965 0.537827 -0.2779652370840079 -1.772207717917297 17.6484 15.8394 0.883926 0.730792 1754483208.548116 2 5 2
-17.841030884350182 -85.1565237243516 10.853 0.621201 -0.17993951306525313 -1.769101031848747 22.6338 20.8869 0.877036 0.643862 1754483208.548116 2 5 2
-19.114742405457996 -84.83930197100177 11.4764 0.666737 -0.20618611323734914 -1.7843377562186575 23.8215 21.907 0.877866 0.541563 1754483208.548116 2 5 1
-19.02775478784167 -85.09138365960564 8.97792 0.719223 -0.1461446585167544 -1.7827320533068227 20.1546 16.83 0.916067 0.453471 1754483208.548116 2 5 2
-34.25532023700295 -81.01927680576553 7.0144 1.48581 -0.21768914128162087 -1.964874614044951 13.3613 10.7095 0.908827 0.521636 1754483208.548116 2 5 2
-34.16328320558445 -81.05638288933899 7.17365 1.52962 -0.16880530672340788 -1.9637401500311547 17.0989 14.5841 0.938601 0.618038 1754483208.548116 2 5 1
-19.19121619530675 -84.96906298925741 12.0178 0.569439 -0.3061115709199358 -1.7848962615792956 15.8556 12.7115 0.830846 0.466077 1754483208.548116 2 5 1
-19.306963040556433 -87.65142568319133 11.0719 0.755795 -0.09552345491855285 -1.7797475402859124 19.1834 18.1324 0.933944 0.563522 1754483208.548116 2 5 1
-19.43774920418832 -87.67064793004282 10.7938 0.784607 -0.07328513331912956 -1.781143803687508 20.6927 19.7345 0.950209 0.578515 1754483208.548116 2 5 1
-19.461325080306803 -87.82364232460631 8.6062 0.847851 -0.009548165294814281 -1.7810390839323884 13.2163 10.295 0.888777 0.40733 1754483208.548116 2 5 1
-19.37878280330083 -87.79160715252003 11.1426 0.619297 -0.23415808306679342 -1.780201325891431 12.7873 11.5708 0.852289 0.308449 1754483208.548116 2 5 2
-19.597565900825114 -87.8099408041466 10.9617 0.663799 -0.2008294178227117 -1.7825749736741432 28.0163 27.2691 0.956775 0.576995 1754483208.548116 2 5 2
-19.68365426674602 -87.82976043543742 10.7243 0.690624 -0.1781931658054393 -1.7834650915926604 29.9839 29.2358 0.964099 0.532279 1754483208.548116 2 5 1
-19.71057078813008 -88.0372395460755 8.34222 0.732082 -0.13583176846894196 -1.783273105374941 22.0297 19.855 0.911797 0.544139 1754483208.548116 2 5 2
-19.63764931933973 -87.94196250413776 10.935 0.600788 -0.2644153846515679 -1.782697146721783 25.1071 22.6919 0.965532 0.552304 1754483208.548116 2 5 1
-19.784228707450495 -88.16341303449897 8.05293 0.631104 -0.23919138326540124 -1.7837792508580195 28.6724 25.6405 0.958908 0.524091 1754483208.548116 2 5 1
-19.6868165082993 -88.25144235883897 7.97391 0.6591 -0.20519985955415 -1.7825051605040634 20.8025 18.6703 0.823375 0.481527 1754483208.548116 2 5 1
-23.80022011023635 -87.63178317002043 11.2778 0.883678 -0.19720987528895395 -1.8287389323893932 16.0398 15.0074 0.578306 0.210362 1754483208.548116 2 5 2
-24.31291938071264 -87.69841838534573 9.68575 0.945377 -0.16030876042343356 -1.834062186607976 19.9342 19.1466 0.760408 0.581822 1754483208.548116 2 5 1
-24.451846976365076 -87.72700458745351 9.31243 0.993298 -0.11888696544331534 -1.8354584500095714 19.4575 18.832 0.846507 0.611919 1754483208.548116 2 5 1
-24.58366644670317 -87.73112241839434 9.1356 1.06635 -0.05233200220169776 -1.836854713411167 13.5594 12.9613 0.564421 0.527281 1754483208.548116 2 5 1
-27.103491916420808 -87.0520012211822 8.92562 1.1548 -0.09810399509644796 -1.865809725701753 11.8602 10.9976 0.52415 0.423236 1754483208.548116 2 5 1
-23.837410526062136 -87.87861652629829 10.9026 0.788506 -0.2909987903980288 -1.8284422264165543 15.0979 11.7796 0.527198 0.307811 1754483208.548116 2 5 1
-24.363514669870032 -87.87839319620113 9.59984 0.865768 -0.23999901381661715 -1.834079639900496 19.472 16.2156 0.746904 0.598806 1754483208.548116 2 5 1
-23.912531435125317 -88.08698275254471 9.25454 0.909763 -0.17071809548741823 -1.8286516659267935 20.4087 18.3176 0.832314 0.563868 1754483208.548116 2 5 1
-24.77884864814342 -87.93045852916043 9.16925 0.968777 -0.1569680537337652 -1.8383731498604021 17.7486 16.3303 0.5548 0.50918 1754483208.548116 2 5 2
-27.212278297210176 -87.27511863325982 8.98061 1.04136 -0.21347828657457701 -1.8662286047222316 18.9072 17.6767 0.709042 0.412486 1754483208.548116 2 5 1
-26.179265165960917 -87.65937678305872 7.75131 1.12634 -0.07231582225510391 -1.8540811131283508 15.5604 13.4111 0.481181 0.279644 1754483208.548116 2 5 2
-28.516105422647893 -86.9613638523679 9.62878 1.16451 -0.1585294347311026 -1.8810289967791436 17.7933 15.8158 0.909408 0.591696 1754483208.548116 2 5 1
-28.582059048000964 -86.92807291870929 9.96909 1.21381 -0.11292087293041253 -1.8818318482350609 17.1165 15.1368 0.925794 0.597561 1754483208.548116 2 5 1
-20.037427283900087 -89.31738363013952 8.90339 0.76852 -0.10193962435036663 -1.7838141574430593 17.6391 12.3205 0.840702 0.280918 1754483208.548116 2 5 1
-27.19960668649489 -87.48537254227448 9.00244 0.949257 -0.3018737014484201 -1.865425753266314 15.2897 11.8531 0.594661 0.343355 1754483208.548116 2 5 1
-28.274106951435176 -87.21133010613924 9.74673 1.09879 -0.20867184112852377 -1.8776430580302745 20.7053 18.3323 0.930582 0.602723 1754483208.548116 2 5 2
-28.53270653858773 -87.12008899233949 10.1246 1.14377 -0.17758392927597155 -1.8806624776362246 22.4197 19.5905 0.959119 0.617196 1754483208.548116 2 5 1
-29.721594255916877 -86.88824099752104 9.7712 1.18899 -0.19316840275762104 -1.8939095266588617 20.0109 17.1152 0.88818 0.663104 1754483208.548116 2 5 2
-30.54716368104254 -86.67569726697812 9.56547 1.25406 -0.17089256478471104 -1.9032644914495513 23.831 20.0608 0.897714 0.56377 1754483208.548116 2 5 1
-30.938754905628343 -86.58226886918455 9.51467 1.30922 -0.13588895345725827 -1.907680174457097 20.1596 16.0451 0.71003 0.396153 1754483208.548116 2 5 1
-31.636715269054942 -86.23209001600601 11.1465 1.43933 -0.04457774542858939 -1.9161973812068294 18.0644 14.4841 0.916823 0.411175 1754483208.548116 2 5 1
-27.594731491332144 -87.64862603691863 9.75641 0.998566 -0.26940350658417855 -1.8690734914029823 14.5994 11.7266 0.805511 0.542151 1754483208.548116 2 5 1
-28.5822157242461 -87.28056878963929 10.3379 1.0705 -0.2507736626820669 -1.8806450243437047 17.2403 13.3082 0.915354 0.565885 1754483208.548116 2 5 1
-30.023560498016373 -86.97050668006925 9.67252 1.13065 -0.2646151552045397 -1.8967718666321325 19.5031 16.5919 0.888928 0.654019 1754483208.548116 2 5 1
-30.548538644787186 -86.80588992548832 9.6127 1.20505 -0.2178295762353697 -1.9028107058440327 24.6574 21.4366 0.845899 0.514603 1754483208.548116 2 5 1
-31.301068940479787 -86.69786772438303 9.05931 1.25408 -0.2062271875512851 -1.911013753328406 23.8517 20.0932 0.659369 0.270907 1754483208.548116 2 5 2
-31.686890444194173 -86.3848669473352 11.637 1.28626 -0.19740955423069906 -1.9161450213292694 28.483 24.5469 0.895672 0.346421 1754483208.548116 2 5 1
-31.568557790003542 -86.3550898073718 12.1708 1.33784 -0.14082660047340045 -1.915045463900513 28.6673 24.0912 0.936175 0.482104 1754483208.548116 2 5 2
-31.95972968711513 -86.3478624208312 12.0731 1.37989 -0.11727062019831958 -1.9191120810576596 19.914 15.2455 0.765095 0.386279 1754483208.548116 2 5 1
-33.299414462872974 -86.18294783737919 9.79294 1.46447 -0.0979726226067843 -1.9335110473866128 23.7381 19.3553 0.801846 0.57851 1754483208.548116 2 5 1
-33.06598038067517 -86.24367811512215 9.84362 1.52136 -0.029157858870114683 -1.9308756002161014 18.1282 13.8756 0.790935 0.669212 1754483208.548116 2 5 1
-31.66548349049112 -86.49656039361903 11.9059 1.23205 -0.24876094277277927 -1.9155167027985514 26.5763 22.8624 0.923867 0.410113 1754483208.548116 2 5 1
-31.44831342958141 -86.50381936909739 12.4293 1.29137 -0.17911332019309767 -1.9132477747709586 26.8307 22.5831 0.884499 0.500377 1754483208.548116 2 5 1
-32.755512212040856 -86.34214821564633 11.4807 1.32241 -0.21198049492729631 -1.9273151285420331 24.2993 20.7517 0.719497 0.354199 1754483208.548116 2 5 2
-33.34532147560239 -86.34294354698095 9.83413 1.38572 -0.17601217840993555 -1.9333539677539333 30.783 26.9222 0.893466 0.604466 1754483208.548116 2 5 1
-33.03481842006171 -86.43351387859973 10.0483 1.43442 -0.11135654778138337 -1.9298284026649049 24.3311 20.6899 0.840736 0.557247 1754483208.548116 2 5 2
-34.04615683780108 -86.16825028634788 10.2544 1.46958 -0.12754809493080455 -1.9411904960953879 16.7052 12.588 0.856004 0.538089 1754483208.548116 2 5 1
-34.98335976635348 -85.89511416112515 10.2375 1.54259 -0.10223326100873287 -1.9517846446549934 15.117 11.0534 0.815168 0.547592 1754483208.548116 2 5 1
-33.63936389833382 -86.37454471599192 10.0425 1.26179 -0.3129608480843924 -1.936233761019724 19.4414 15.7129 0.695485 0.408935 1754483208.548116 2 5 1
-33.33056857915571 -86.48950726821649 9.97464 1.31608 -0.24241522304090202 -1.9326383827606157 25.2711 21.7277 0.890432 0.586464 1754483208.548116 2 5 1
-33.006250889189026 -86.59943841795477 10.6052 1.35347 -0.18811697946329486 -1.9289033781613478 19.5845 16.2127 0.82277 0.348772 1754483208.548116 2 5 1
-34.497050478736966 -86.18845889465985 10.3874 1.42016 -0.1972627191635059 -1.9456934455655335 18.7727 15.0544 0.824761 0.494069 1754483208.548116 2 5 2
-35.327774613328046 -85.9882922796789 10.1728 1.46206 -0.19671488602349885 -1.9548913307235436 22.7504 19.2936 0.906993 0.483058 1754483208.548116 2 5 1
-35.525793830111965 -85.94691820903506 10.0796 1.49702 -0.171464542550402 -1.9570555389960165 21.9386 18.2499 0.91064 0.387582 1754483208.548116 2 5 2
-20.452515013228254 -90.87613535893132 9.82311 0.652046 -0.2223550917406858 -1.7846519154840166 14.954 10.4273 0.848755 0.490357 1754483208.548116 2 5 1
-35.47452362531525 -86.0896432320483 10.241 1.39824 -0.2653123843501697 -1.95595598156726 19.0345 15.6071 0.842671 0.399833 1754483208.548116 2 5 1
-32.251068276855214 -87.69196273214006 9.21888 1.44598 -0.0420557458992914 -1.9171049524178663 14.0311 10.3303 0.556334 0.272633 1754483208.548116 2 5 2
-36.94318825080559 -85.80666021103862 9.87775 1.54011 -0.1944863997645574 -1.9718384777604083 21.7481 17.3974 0.579622 0.491148 1754483208.548116 2 5 1
-37.46831379480975 -85.58484336329117 9.96159 1.57583 -0.186286072181862 -1.9780169433124681 21.2582 16.9065 0.676389 0.424259 1754483208.548116 2 5 2
-32.572621816535815 -87.83924128114577 9.49634 1.33256 -0.16785237967542788 -1.9198276660509774 13.2453 10.0863 0.706523 0.427918 1754483208.548116 2 5 1
-34.73638735957387 -86.9208948153987 10.175 1.48839 -0.12675316885622756 -1.9451873000824549 19.3038 15.8717 0.582592 0.377592 1754483208.548116 2 5 1
-34.556786756473414 -86.98908728596585 11.4922 1.48276 -0.12302482584703567 -1.9431103582725817 14.6121 11.2063 0.791426 0.606184 1754483208.548116 2 5 2
-27.81394191537929 -91.45472086714172 11.5331 1.01833 -0.20521048654378538 -1.8594567272244935 16.7209 14.5018 0.918556 0.420243 1754483208.548116 2 5 2
-28.070818947527673 -91.31308785169853 12.0634 1.06905 -0.16853312277938914 -1.8624936001229635 18.0146 15.8981 0.948357 0.530407 1754483208.548116 2 5 1
-29.15595463359797 -91.02439859122444 11.5264 1.1674 -0.12495172574505475 -1.874361839036525 13.2678 11.5679 0.771526 0.45552 1754483208.548116 2 5 2
-31.13634935509526 -90.92825389342343 6.83662 1.23403 -0.15100646855033117 -1.8945378451895796 14.6175 12.9966 0.857507 0.495166 1754483208.548116 2 5 1
-31.050439447817574 -90.99413263839924 6.71659 1.28523 -0.09484946026988328 -1.893455741053343 13.9027 12.1029 0.862021 0.378138 1754483208.548116 2 5 1
-20.878570954774506 -93.74102591482345 9.63426 0.747833 -0.11704183375872146 -1.782627333551703 14.9791 11.6002 0.644801 0.58362 1754483208.548116 2 5 2
-27.709064921895962 -91.57338285811566 12.516 0.901009 -0.31599054020953043 -1.858043010530378 14.736 13.0907 0.761244 0.578838 1754483208.548116 2 5 1
-27.90850733419206 -91.55990223050028 11.9482 0.98737 -0.2391575133851277 -1.8601024990477313 15.6199 14.4871 0.936739 0.730143 1754483208.548116 2 5 1
-28.695552896026978 -91.38732823572272 11.7461 1.06755 -0.19808402468151343 -1.8685673459199041 11.8369 10.5184 0.853155 0.740542 1754483208.548116 2 5 1
-30.821882748898535 -91.20823988152333 7.26384 1.15088 -0.21551935433757197 -1.8904712280324327 16.017 14.3136 0.836537 0.489891 1754483208.548116 2 5 2
-31.11640872800991 -91.14553983462427 6.9874 1.2065 -0.17429912638999845 -1.8936128206860225 16.1153 14.4459 0.837501 0.384466 1754483208.548116 2 5 1
-44.700062907847546 -85.73850568592047 13.0753 1.8736 -0.19048244555125415 -2.0468876355961645 14.8297 11.4856 0.907385 0.532924 1754483208.548116 2 5 1
-49.18797908502478 -84.01130340903933 8.54863 2.17281 -0.10314142999736031 -2.096577159400443 17.9124 15.7335 0.925365 0.617658 1754483208.548116 2 5 1
-35.2917462239611 -90.78250463676444 11.3108 1.4526 -0.12065239184111798 -1.935902148461845 15.8135 13.5493 0.898347 0.362857 1754483208.548116 2 5 1
-35.41488069444212 -90.69946167149618 11.5596 1.50546 -0.07457349488193477 -1.9374031316185603 18.1502 15.9217 0.830583 0.256945 1754483208.548116 2 5 1
-49.60367105713517 -84.00856769542196 8.45494 2.10518 -0.18647635525696415 -2.100312163999711 22.1899 19.8492 0.921673 0.701277 1754483208.548116 2 5 2
-50.27075542228682 -83.73182447789291 9.65352 2.19203 -0.13072103998909057 -2.1077298133206868 26.3934 23.5532 0.970497 0.277506 1754483208.548116 2 5 1
-50.566668481853654 -83.57561921726293 9.63918 2.25645 -0.08074396923656257 -2.111185565239636 17.3523 14.7899 0.909841 0.31508 1754483208.548116 2 5 1
-35.49963703438617 -90.89318548942477 11.5025 1.36022 -0.22028646243046168 -1.9375078513736799 20.7318 18.4734 0.914829 0.323959 1754483208.548116 2 5 2
-35.48318572232666 -90.85895847392774 11.9235 1.40134 -0.17900880850649625 -1.93747294478864 23.6374 20.5018 0.934504 0.309877 1754483208.548116 2 5 1
-49.903787660892 -84.10224143493186 8.26744 2.01392 -0.2869682416145638 -2.1025112788572238 17.2528 14.0549 0.932421 0.454017 1754483208.548116 2 5 1
-50.416798012979825 -83.80907878485974 9.69589 2.13846 -0.18801384760077733 -2.108619931239204 29.5049 26.2519 0.966695 0.263272 1754483208.548116 2 5 2
-50.66008077230061 -83.73670512783728 9.60158 2.17327 -0.16385109513141582 -2.1111681119471157 22.5454 19.3935 0.93177 0.241642 1754483208.548116 2 5 2
-35.66379343367113 -91.04145911136578 11.7021 1.25092 -0.33423638599763494 -1.9385375956323565 14.8631 12.7056 0.803477 0.312761 1754483208.548116 2 5 1
-35.548090783364124 -91.01847029083082 12.0972 1.31722 -0.2632864624304616 -1.9375078513736799 18.1866 15.5483 0.902148 0.305151 1754483208.548116 2 5 1
-50.74190245223072 -84.10374021558879 6.4617 2.0615 -0.27051813989961815 -2.10994638147072 22.0967 18.1853 0.940989 0.250838 1754483208.548116 2 5 1
-21.832780132968683 -96.29978707448072 12.3442 0.770645 -0.11319668902341062 -1.78665904412381 13.7432 12.7673 0.867768 0.655165 1754483208.548116 2 5 1
-21.698032921996603 -96.53847980512174 12.17 0.678478 -0.19666204863899817 -1.784808995116696 15.8406 14.9839 0.886196 0.619805 1754483208.548116 2 5 1
-22.293584375232367 -96.41295101011215 12.1077 0.723728 -0.1805423827224656 -1.791004913961276 10.6988 10.1451 0.771204 0.430686 1754483208.548116 2 5 2
-22.48799007356845 -99.31226422264753 10.3719 0.749828 -0.1338495350360418 -1.7866241375387701 11.1554 9.95692 0.869696 0.64313 1754483208.548116 2 5 1
-22.403792418024906 -99.49413427511033 10.8092 0.658379 -0.2196345644744756 -1.785419860354894 15.4884 14.4753 0.92784 0.613455 1754483208.548116 2 5 1
-22.484817782290992 -99.59027552095044 10.0387 0.686562 -0.19416057933565278 -1.785995819008052 14.5594 13.3964 0.868046 0.399156 1754483208.548116 2 5 2
-20.88646131759916 -101.93601116121422 9.77162 0.519669 -0.26681205684639553 -1.7659943457801972 12.0357 10.4537 0.889587 0.333207 1754483208.548116 2 5 2
-43.96632947528031 -100.27010423443924 7.52605 1.55017 -0.21807832444274777 -1.9793957534215438 13.367 10.098 0.913901 0.317804 1754483208.548116 2 5 1
-80.56642076655353 -76.79590320518372 19.3007 3.23593 -0.12507008306237033 -2.3796521107814037 17.1457 15.0368 0.523838 0.470099 1754483208.548116 2 5 1
-80.75318400853307 -76.74187896548199 18.8816 3.27887 -0.08729776351817709 -2.3811705472306386 14.0845 12.0971 0.656125 0.444762 1754483208.548116 2 5 1
-81.0040300404153 -76.66117198949524 19.0628 3.16088 -0.21240286077796888 -2.3832649423330317 19.0148 17.7267 0.582815 0.473308 1754483208.548116 2 5 1
-81.11781283168332 -76.27207330657959 19.8085 3.19091 -0.1934900847270411 -2.386546161326781 21.3467 16.4979 0.666906 0.38122 1754483208.548116 2 5 2
-23.84027503638085 -111.71487145009633 10.1035 0.664593 -0.16354008807514053 -1.7748257117952884 11.6374 11.1799 0.870869 0.379621 1754483208.548116 2 5 1
-24.16331192671419 -111.79044414766705 8.08746 0.706474 -0.13415869340819686 -1.77747861225832 11.9533 10.4626 0.830517 0.396076 1754483208.548116 2 5 1
-23.953095036922786 -111.83237207914127 10.6989 0.583252 -0.2484999981497683 -1.7755936566661659 11.652 11.1828 0.891785 0.418226 1754483208.548116 2 5 1
-24.208372628225014 -111.98524325530352 8.08148 0.617756 -0.22304112265729348 -1.7775135188433597 13.6559 12.2793 0.906315 0.437455 1754483208.548116 2 5 1
-22.253373650776055 -113.25786433101082 9.50581 0.619587 -0.13161467886941713 -1.7585243365816614 14.65 12.9702 0.82701 0.22027 1754483208.548116 2 5 1
-23.279522034135002 -113.1533337690635 9.06087 0.682934 -0.11063067196550003 -1.7674953289369122 13.6402 13.514 0.942506 0.565894 1754483208.548116 2 5 1
-22.361981329930728 -113.57638160201444 8.54868 0.532001 -0.22118008945626322 -1.75894321560214 14.0504 13.8374 0.896801 0.406383 1754483208.548116 2 5 2
-23.162563805413733 -113.36684818716523 9.46449 0.58147 -0.20567007278066718 -1.7661339721203566 16.0231 15.6894 0.943239 0.628172 1754483208.548116 2 5 1
-33.412541766304166 -104.84766625628025 41.6708 0.99012 -0.2992562826470052 -1.873716067213287 24.5572 10.4655 0.794855 0.489021 1754483208.548116 2 5 1
-44.93528833394197 -108.20674781844467 19.5982 1.54995 -0.13128614720991316 -1.9599004256767671 18.918 10.3067 0.645768 0.26557 1754483208.548116 2 5 1
-44.753980585046556 -108.38654673968125 20.1599 1.41874 -0.2534227756482048 -1.9578758437444537 21.284 13.0201 0.541627 0.240635 1754483208.548116 2 5 2
-44.771920450366856 -108.46346676527001 19.765 1.45345 -0.2181650249491851 -1.9577536706968142 24.3979 15.9422 0.708344 0.224083 1754483208.548116 2 5 1
-52.34883517245917 -107.49901570225461 19.7621 1.79966 -0.14804226364787865 -2.0200968315780514 25.0541 18.2235 0.976619 0.435778 1754483208.548116 2 5 1
-52.522150851607954 -107.43425095316155 19.8416 1.82886 -0.1256290239635549 -2.0216501746123265 25.0528 18.0883 0.981501 0.383695 1754483208.548116 2 5 1
-52.545423148146675 -107.5411471378665 19.8593 1.74086 -0.21263799314645104 -2.021423281809567 26.7392 19.7286 0.976205 0.42356 1754483208.548116 2 5 2
-52.81340257537639 -107.4679644256012 19.8234 1.76582 -0.1977360851076082 -2.0237271164221995 28.0564 21.0427 0.971297 0.347375 1754483208.548116 2 5 1
-50.541712486156705 -101.95005025738836 42.7281 1.79981 -0.1781292866167805 -2.0270257887084693 32.0352 15.4307 0.96769 0.329293 1754483208.548116 2 5 2
-53.900317587701345 -107.26516646990957 19.3288 1.92501 -0.07761189242985345 -2.032698108777451 17.4122 10.0098 0.929162 0.37805 1754483208.548116 2 5 1
-53.95274445899235 -107.47493290180526 19.2978 1.76591 -0.23496723273529363 -2.0322966830494917 19.9933 12.053 0.92016 0.416411 1754483208.548116 2 5 2
28.55423331696146 -118.35018651277893 6.11878 -1.41752 -0.11638330372665995 -1.3254924411986002 17.1494 13.8021 0.848283 0.59179 1754483208.548116 2 5 1
28.416500015739807 -118.53857643078028 6.18648 -1.49256 -0.1982237624352705 -1.3269689897457877 17.5189 14.8046 0.850531 0.520351 1754483208.548116 2 5 1
28.11346263510549 -118.68223678440933 5.11942 -1.45031 -0.16845663460883653 -1.3296777407448828 12.7031 10.0921 0.754647 0.346208 1754483208.548116 2 5 2
-20.2565 -122.439 0.341546 -14.6576 -15.29280491984476 -1.734023404542165 11.5075 10.6713 0.919762 0.668918 1754483208.548116 1 5 1
28.263365267846144 -120.78787823848639 6.65508 -1.37133 -0.10280635753078071 -1.3325680059861853 17.2404 13.367 0.855931 0.557953 1754483208.548116 2 5 1
28.14668161372702 -121.01036078154935 6.76856 -1.46406 -0.20173797262906068 -1.333911909510221 14.7935 10.8771 0.767204 0.574809 1754483208.548116 2 5 1
-15.1001 -124.771 1.28397 -6.60701 -7.034148841900595 -1.6902662548654153 12.9049 12.2293 0.881346 0.69447 1754483208.548116 1 5 2
-15.3693 -124.74 1.1135 -6.56884 -7.00632546344082 -1.6924374444548962 15.9092 15.1926 0.931464 0.739562 1754483208.548116 1 5 1
-15.5735 -124.916 1.02508 -6.66252 -7.106949188322262 -1.6938947943803113 10.6344 10.1127 0.877605 0.640114 1754483208.548116 1 5 1
-27.460083871118904 -124.57076062921409 12.0029 0.650429 -0.21272087245131477 -1.7822608144087844 12.6713 11.3739 0.779219 0.339552 1754483208.548116 2 5 1
-27.843774344454594 -124.93006270743076 12.9637 0.684208 -0.19002887616603925 -1.7846170088989768 19.7937 17.468 0.903216 0.46347 1754483208.548116 2 5 1
-28.10322735818202 -124.85091770685914 12.9674 0.735073 -0.14917906927980995 -1.7867463105864099 16.1616 13.9932 0.874173 0.359591 1754483208.548116 2 5 2
-27.886009852048737 -125.07387478859845 12.9121 0.609699 -0.26494841310491 -1.7847042753615763 16.6726 15.1279 0.877203 0.394447 1754483208.548116 2 5 1
-23.9696724960952 -126.6591542960387 10.1697 0.522648 -0.19843410050118937 -1.7521538848118823 12.2999 11.318 0.94512 0.389448 1754483208.548116 2 5 1
-27.070821477963484 -128.63344003865578 8.48305 0.624409 -0.19418098972443787 -1.7728011298629751 14.9134 12.9731 0.868133 0.475297 1754483208.548116 2 5 2
-27.585610471708087 -128.60716693148396 7.56926 0.664097 -0.17291799113868433 -1.7767106673874424 14.6775 13.3758 0.897918 0.498852 1754483208.548116 2 5 1
-26.887971448786498 -128.8942449808814 8.62805 0.513554 -0.29672417876348756 -1.7710383473184608 9.91629 8.03139 0.767221 0.297795 1754483208.548116 2 5 1
-27.437808677956106 -128.87881699119603 7.38743 0.564213 -0.26556510787155574 -1.7751747776456872 10.7585 9.33075 0.807093 0.422256 1754483208.548116 2 5 1
-38.135372729570705 -125.94860397439545 16.7851 1.02578 -0.2004246162012906 -1.8600326858776517 9.29382 8.33418 0.834795 0.388101 1754483208.548116 2 5 1
-27.131434174832638 -131.69314253147408 8.91138 0.680637 -0.11836272303458473 -1.7686472462432286 19.4074 17.468 0.938797 0.40339 1754483208.548116 2 5 1
-27.218733028298878 -131.62475767720002 9.19414 0.740879 -0.061661171223385214 -1.7693977378215862 15.3545 13.4611 0.88996 0.503837 1754483208.548116 2 5 1
-15.731636729156751 -134.16446116085007 1.43362 0.259644 -0.12640502665106146 -1.6816478190190671 16.8298 16.2774 0.924018 0.84986 1754483208.548116 2 5 1
-15.90978641484869 -134.15267454767877 1.08896 0.30695 -0.08544168701045568 -1.6829777599090867 19.2055 18.6997 0.922545 0.828609 1754483208.548116 2 5 1
-27.652238425251007 -132.145838189882 -1.98264 0.474911 -0.3389061798499314 -1.7717888388968184 17.4198 16.1657 0.714803 0.360828 1754483208.548116 2 5 2
-27.26029091832291 -131.84157203895768 8.61179 0.605278 -0.19717984034509206 -1.7693802845290663 24.0238 21.5189 0.939474 0.419159 1754483208.548116 2 5 1
-27.212380982811542 -131.8167838560752 9.21497 0.648129 -0.1528468427604227 -1.7690661252637072 19.9057 17.5385 0.86002 0.443568 1754483208.548116 2 5 2
-15.812689522673967 -134.31210178339163 1.38406 0.185051 -0.20327880000227425 -1.6821260392341135 20.6645 19.3817 0.930438 0.849425 1754483208.548116 2 5 2
-16.03119465379026 -134.29013705549528 0.872506 0.22369 -0.1724387046311467 -1.6837614127432323 23.195 21.9834 0.928884 0.83332 1754483208.548116 2 5 1
-16.107468688580663 -134.23880072176257 0.0214374 0.318783 -0.08024193414047381 -1.6843687873229263 16.7366 15.4866 0.784229 0.826922 1754483208.548116 2 5 1
-27.592326741016837 -132.03010389481926 7.96009 0.485264 -0.32731869654504114 -1.7715270395090192 16.8559 14.2842 0.857257 0.422811 1754483208.548116 2 5 1
-27.454869101502258 -131.99471126759678 9.17492 0.553982 -0.2541560961121285 -1.7705845617129423 13.8992 10.9476 0.674911 0.338802 1754483208.548116 2 5 1
-15.9533581241309 -134.50847866091215 1.35536 0.0764809 -0.3160273123695895 -1.6830021945186149 13.123 11.3474 0.90296 0.8004 1754483208.548116 2 5 1
-16.098459554896117 -134.4858380982123 0.649142 0.128113 -0.2695969975437156 -1.6840930253011113 15.4207 13.9256 0.894687 0.812239 1754483208.548116 2 5 1
-16.36850991493345 -134.49664542150285 -0.377538 0.172436 -0.23473586724891263 -1.6860774646606287 10.1525 8.76338 0.745394 0.73377 1754483208.548116 2 5 1
-27.534376312164675 -134.84933231995714 8.77482 0.650265 -0.14099357418445901 -1.767006636746354 14.63 12.0824 0.879743 0.500101 1754483208.548116 2 5 1
-28.000339969964482 -134.6362766520089 11.6057 0.687408 -0.12105935043959404 -1.770654374883022 24.212 22.4508 0.943257 0.562834 1754483208.548116 2 5 1
-28.458602722964212 -134.53625388990287 11.8174 0.718197 -0.10648121829449197 -1.7740926735094509 23.7806 21.8805 0.94544 0.540867 1754483208.548116 2 5 1
-28.958913643132938 -134.44704533313603 11.3391 0.792076 -0.05011872989078048 -1.7778102248161989 13.762 12.0735 0.856449 0.387393 1754483208.548116 2 5 1
-27.844303222940578 -134.96796249275093 9.1565 0.558121 -0.24277250724200694 -1.769048671971187 19.7227 16.9447 0.944321 0.493723 1754483208.548116 2 5 2
-28.166779957731585 -134.73554066726885 11.875 0.61425 -0.199155691608361 -1.7717015724342184 29.1193 27.2191 0.950431 0.564559 1754483208.548116 2 5 1
-28.512673444010996 -134.68801362800247 11.78 0.644714 -0.1807045849013469 -1.7742497531421302 28.9997 27.0545 0.949825 0.584798 1754483208.548116 2 5 2
-28.84205855433519 -134.70655884722575 11.2049 0.681072 -0.15536740202863786 -1.7765884943398027 19.623 17.6973 0.911247 0.570411 1754483208.548116 2 5 2
-28.084773401592816 -135.07389951768693 9.79439 0.459362 -0.3489407237683076 -1.7706194682979821 13.0972 9.62767 0.89888 0.401339 1754483208.548116 2 5 1
-28.27065303880041 -134.86508068947342 12.0628 0.538071 -0.2779681091809413 -1.772260077794857 22.4887 19.8697 0.94725 0.561944 1754483208.548116 2 5 1
-28.38886827533981 -134.9135581656196 11.4865 0.570366 -0.24929364255029995 -1.7730280226657344 23.3485 20.9428 0.93578 0.640237 1754483208.548116 2 5 1
-28.31529765040449 -135.07888144932326 10.4455 0.595715 -0.22032410918094125 -1.772260077794857 16.5631 14.1167 0.880708 0.692719 1754483208.548116 2 5 1
-29.706728753431104 -136.5547223496143 6.46828 0.741577 -0.11072761279702648 -1.7799569797961516 11.5389 9.41307 0.811175 0.338971 1754483208.548116 2 5 1
-29.62652953544996 -136.55507651450137 7.13693 0.788769 -0.06090577549133447 -1.7793984744355136 12.1221 9.84521 0.75041 0.440281 1754483208.548116 2 5 1
-30.16861630323274 -136.75468065491566 -5.99576 0.621986 -0.2442030120223232 -1.7829065862320224 15.9229 14.2842 0.815449 0.276302 1754483208.548116 2 5 2
-29.51570297958372 -131.88461147793612 36.9014 0.653133 -0.22660451677894988 -1.7857863794978128 27.3672 15.3984 0.871272 0.302359 1754483208.548116 2 5 1
-29.441076526015305 -132.05993932673812 37.1227 0.512821 -0.36305798394409494 -1.7849660747493756 23.0147 11.8237 0.605958 0.33614 1754483208.548116 2 5 1
-31.16592604272613 -131.7503252254752 37.0052 0.555119 -0.3820145405897677 -1.7980036842617733 24.9515 14.2901 0.403416 0.335725 1754483208.548116 2 5 1
-24.704996679143974 -137.9397970286265 11.4565 0.550793 -0.12573318711473658 -1.7427413241558767 13.3062 12.7232 0.789876 0.294988 1754483208.548116 2 5 2
-25.768567368708894 -137.97609983250524 9.81071 0.697124 -0.014792588841421095 -1.7502165693421685 9.17321 8.18425 0.716666 0.317062 1754483208.548116 2 5 1
-25.775057198034627 -138.01907075371602 10.7902 0.473965 -0.23786900446837117 -1.7501991160496484 11.2528 10.3861 0.780073 0.417021 1754483208.548116 2 5 1
-26.100572574237948 -138.22563122877182 9.33946 0.580402 -0.1410103388955125 -1.7522236979819619 14.3788 13.2053 0.826384 0.292806 1754483208.548116 2 5 2
-27.68667202107301 -137.92762974945137 10.4243 0.639179 -0.13683813365975261 -1.7637777776301644 14.7835 13.3494 0.784793 0.365315 1754483208.548116 2 5 2
-29.083154081965173 -137.60346589593422 11.579 0.693653 -0.1307784249028333 -1.774040313631891 18.8979 17.5503 0.914564 0.661564 1754483208.548116 2 5 1
-30.010007554364662 -137.43237447998564 11.4454 0.739372 -0.1167947041102031 -1.7807772845445893 15.0786 13.8962 0.912552 0.415745 1754483208.548116 2 5 1
-29.117314594476547 -137.7303138025624 12.0761 0.616749 -0.20792921829449196 -1.7740926735094509 20.3666 18.9114 0.929613 0.587945 1754483208.548116 2 5 1
-29.802720568862753 -137.5942883027117 12.1185 0.655151 -0.19304437548272801 -1.7790843151701545 17.0647 15.5983 0.912347 0.336501 1754483208.548116 2 5 2
-39.59781207795827 -135.57805178922268 8.9238 1.06561 -0.11622095599124838 -1.8504508282842027 10.0153 8.97211 0.712622 0.272773 1754483208.548116 2 5 1
-29.465848685832007 -137.8957730252818 12.2646 0.49622 -0.33882149080043933 -1.7762917883669638 10.9382 9.51596 0.831446 0.426572 1754483208.548116 2 5 1
-38.7180097708418 -136.12293177738843 7.80426 0.944427 -0.20451844229324212 -1.8433647915211058 12.3332 10.0628 0.88115 0.280055 1754483208.548116 2 5 1
-40.15970778008605 -135.84756776955317 -5.90052 1.01656 -0.18055958767961156 -1.853749500570472 10.7882 9.07794 0.878045 0.337633 1754483208.548116 2 5 2
-39.84842308383892 -135.96494129162434 8.39317 1.04976 -0.13644045597321575 -1.8513933060802796 12.1147 11.0652 0.892843 0.266484 1754483208.548116 2 5 1
-43.83712603021821 -131.02037496623245 33.9129 1.08686 -0.27433611498867094 -1.8893367640186365 18.2827 9.82169 0.589023 0.296878 1754483208.548116 2 5 2
-39.39066023193348 -136.38195875511292 6.29327 0.970745 -0.19716131114946833 -1.8474488619707725 13.1949 12.3322 0.938045 0.363698 1754483208.548116 2 5 2
-42.08904726243923 -136.05604556679927 6.56268 0.991989 -0.26381634976980384 -1.866438044232471 10.326 8.39003 0.590794 0.273499 1754483208.548116 2 5 1
-24.20002872985864 -141.14099580646047 8.65857 0.469208 -0.1725106822103613 -1.7353969786634844 18.4779 17.4827 0.913421 0.56027 1754483208.548116 2 5 2
-23.924637134540145 -135.6862651540814 39.5159 0.509789 -0.1534735092964662 -1.7399418160356779 30.1365 17.7178 0.946984 0.56086 1754483208.548116 2 5 1
-24.00716792714087 -135.51190238946077 40.0925 0.574707 -0.09239292262946941 -1.7407516488086032 21.5089 9.03972 0.483104 0.4177 1754483208.548116 2 5 1
-24.033536930457604 -141.30172948478074 8.93936 0.402565 -0.23280546872422808 -1.734058311127205 17.8901 17.0652 0.947562 0.511783 1754483208.548116 2 5 1
-23.61003068543418 -135.8666527309221 39.6608 0.439247 -0.21223591498824562 -1.737456467180838 30.2403 18.0412 0.920977 0.529199 1754483208.548116 2 5 1
-58.16944702799792 -131.40107818867665 6.35086 1.58822 -0.20072883593986113 -1.9840557825243685 13.6918 9.79817 0.649713 0.483966 1754483208.548116 2 5 1
-29.30563968366743 -140.5434547079815 14.7289 0.701729 -0.1102775852713771 -1.7714048664613795 13.2175 10.5419 0.85529 0.360376 1754483208.548116 2 5 1
-30.280650391167683 -140.45314983677645 13.6287 0.756073 -0.08801249223075358 -1.7782116505441574 13.3034 10.1186 0.756451 0.334384 1754483208.548116 2 5 1
-29.51065024833582 -140.72654757402952 14.6574 0.605125 -0.21231300878512083 -1.7725567837676959 16.0467 13.4464 0.920574 0.378635 1754483208.548116 2 5 2
-29.95714589457746 -140.72457582063703 13.9449 0.642258 -0.18957624041335186 -1.775611109958686 16.771 14.3077 0.893751 0.36109 1754483208.548116 2 5 1
-54.748593781384024 -127.72822085704415 43.3495 1.59531 -0.14014253307144853 -1.9720304639781279 24.793 9.96574 0.668614 0.529168 1754483208.548116 2 5 1
-55.205547124364074 -127.49020522299517 43.7373 1.63348 -0.11861545157174214 -1.9757654685773958 24.4713 9.99808 0.873367 0.477768 1754483208.548116 2 5 1
-54.86824423875471 -128.1016888261341 42.929 1.49573 -0.23863289776519636 -1.9717861178828484 22.8907 9.23962 0.823486 0.557097 1754483208.548116 2 5 1
-55.335477266713546 -127.94962695776356 42.2918 1.54192 -0.20815471452308532 -1.9753116829718773 27.2795 11.4709 0.909746 0.513542 1754483208.548116 2 5 1
-54.170707389067914 -129.5667549378166 41.3219 1.66181 -0.03364805206990873 -1.9630769249153968 23.575 9.05736 0.845639 0.438239 1754483208.548116 2 5 1
-54.290618488250566 -129.68222427161717 41.5965 1.50653 -0.1910364413586143 -1.9635481638134353 25.9635 10.5596 0.891818 0.397578 1754483208.548116 2 5 2
-54.39985147680408 -129.73474137494276 41.3651 1.54671 -0.1534328496160564 -1.9641241224665935 32.9909 18.0618 0.945069 0.50768 1754483208.548116 2 5 1
-54.315473104931534 -129.78511350769838 41.3101 1.58397 -0.11304985809210488 -1.9634259907657956 29.3661 14.3577 0.919863 0.507365 1754483208.548116 2 5 2
-54.17186606234072 -129.53475013306866 43.5089 1.40241 -0.2934385229503691 -1.9631641913779965 21.8165 8.70165 0.883615 0.380145 1754483208.548116 2 5 1
-54.47804531834115 -129.84639497383046 41.4146 1.47836 -0.2227195855598374 -1.9643335619768327 30.8622 15.9952 0.944476 0.502158 1754483208.548116 2 5 1
-54.48496006970181 -129.87236418432292 41.4474 1.50168 -0.1993215270806039 -1.9643161086843128 27.6923 12.7791 0.89093 0.527411 1754483208.548116 2 5 1
-31.852448943106943 -143.64217750988058 13.467 0.648872 -0.22364054835717062 -1.7842504897560578 12.2361 9.39543 0.910819 0.666048 1754483208.548116 2 5 1
-136.6630447426845 -59.12824677905238 10.5131 4.27221 -0.06503564540488593 -2.735629465018167 11.3015 8.34006 0.910615 0.564631 1754483208.548116 2 5 1
-136.79625188404563 -59.17485806753752 11.4331 4.18456 -0.152826726414248 -2.735699278188247 11.5753 8.53114 0.895369 0.469307 1754483208.548116 2 5 2
-136.6198630267929 -59.31363566641853 13.267 4.21939 -0.11531257309840282 -2.7343728279567308 13.371 10.2744 0.936108 0.339732 1754483208.548116 2 5 1
-29.517619843326255 -147.28645283021896 14.6138 0.477722 -0.2983775417156471 -1.7637952309226845 10.9163 7.98141 0.631581 0.36217 1754483208.548116 2 5 1
-138.64154180324087 -60.1421996370156 11.3803 4.1879 -0.1473329444444733 -2.7346346273445303 14.1472 11.1387 0.897072 0.539597 1754483208.548116 2 5 2
-138.56001909612726 -60.25045859439786 11.6732 4.23789 -0.09557388464777361 -2.733761962718533 16.4103 13.5846 0.943425 0.409013 1754483208.548116 2 5 1
-138.50541050902794 -60.792094470303866 12.8078 4.12534 -0.20108601111260072 -2.730306210799584 10.6278 7.8697 0.886237 0.349092 1754483208.548116 2 5 1
-31.568541305439155 -158.51828622018442 8.19958 0.59166 -0.1802364299927286 -1.7629051130041673 12.5419 9.63649 0.708498 0.386771 1754483208.548116 2 5 1
-31.24629420598115 -158.80270652453748 8.22496 0.487663 -0.27335195613713764 -1.7606012783915346 12.5538 8.88685 0.667683 0.455045 1754483208.548116 2 5 1
-27.647413353020713 -155.14663521821177 43.012 0.607231 -0.06793102424595998 -1.7424533448292976 20.7412 8.10194 0.634245 0.512051 1754483208.548116 2 5 1
-28.56535268412887 -155.08558209508803 43.4609 0.507736 -0.19506197009365855 -1.7482897258479668 22.2873 10.051 0.818376 0.444529 1754483208.548116 2 5 1
-28.646224913875944 -163.09514685376058 9.65671 0.55101 -0.11341039546426002 -1.740186162130957 10.9667 10.0716 0.868174 0.338452 1754483208.548116 2 5 1
-29.109372411140797 -163.2181003458693 10.0434 0.443138 -0.23380155873054437 -1.7428285906184764 12.6961 10.7859 0.879565 0.386616 1754483208.548116 2 5 1
-29.774328437290155 -163.04816548583 10.9663 0.503014 -0.19357950337895857 -1.746978983579719 10.3299 8.3724 0.816794 0.355198 1754483208.548116 2 5 2
-60.73099646101275 -155.9755264875854 8.80734 1.42909 -0.1573270927059418 -1.9388168483126758 20.8339 17.7649 0.946499 0.529645 1754483208.548116 2 5 2
-60.87016703685935 -155.94591218417705 8.96109 1.45591 -0.13428847016522916 -1.9396546063536328 22.6816 19.2406 0.962952 0.567704 1754483208.548116 2 5 1
-61.39984332172176 -155.7355751279314 9.59835 1.49778 -0.10792615490359636 -1.9430929049800618 16.0599 12.6174 0.946328 0.516279 1754483208.548116 2 5 1
-60.57573860574936 -156.1892100392928 9.01891 1.35879 -0.2216376357091916 -1.93749039808116 20.739 17.5179 0.939496 0.527451 1754483208.548116 2 5 1
-60.893285066438516 -156.08580872835643 9.04719 1.39606 -0.19342954682417823 -1.9394975267209535 23.5563 20.3342 0.965434 0.584345 1754483208.548116 2 5 1
-61.3657975328466 -155.95172337013182 9.34447 1.41868 -0.1840362968294933 -1.9424296798643041 19.2734 15.9981 0.969066 0.585728 1754483208.548116 2 5 2
-60.92167429290635 -156.37768051246198 8.4271 1.28597 -0.30131375681117456 -1.9390088345303949 13.3832 9.90694 0.913335 0.484098 1754483208.548116 2 5 1
-61.32095371501382 -156.2589184097921 8.79794 1.32006 -0.2784850545787585 -1.941504655360747 12.3217 8.97798 0.919445 0.469828 1754483208.548116 2 5 1
-29.33409991017791 -167.34506768328507 11.898 0.562469 -0.1008679460275953 -1.7399575239989458 11.2779 9.91576 0.733164 0.263554 1754483208.548116 2 5 1
-29.264129840707106 -167.64637374058825 10.9332 0.401413 -0.25857413137047003 -1.7392506656518882 10.8542 8.81336 0.766849 0.279769 1754483208.548116 2 5 2
-29.272975190706003 -167.61133502023574 11.3858 0.453537 -0.20685543515652233 -1.7393361867852357 14.1553 12.247 0.842734 0.269623 1754483208.548116 2 5 1
-60.72363200848401 -159.74252227799548 51.5084 1.47732 -0.07288182430594148 -1.9308057870460216 21.4732 8.05784 0.859816 0.455755 1754483208.548116 2 5 1
-60.329255384212125 -159.83926294411475 52.4173 1.37352 -0.16593216368765473 -1.9284321392633095 25.332 11.8501 0.896362 0.490407 1754483208.548116 2 5 1
